date,close,adjusted_close,dividends,stock_splits,ticker
2018-01-02,125.1500015258789,125.1500015258789,0.0,0.0,GLD
2018-01-02,158.49000549316406,150.05722045898438,0.0,0.0,QQQ
2018-01-02,268.7699890136719,235.95428466796875,0.0,0.0,SPY
2018-01-02,125.48999786376953,97.57402038574219,0.0,0.0,TLT
2018-01-03,124.81999969482422,124.81999969482422,0.0,0.0,GLD
2018-01-03,160.02999877929688,151.5153045654297,0.0,0.0,QQQ
2018-01-03,270.4700012207031,237.44674682617188,0.0,0.0,SPY
2018-01-03,126.08999633789062,98.04055786132812,0.0,0.0,TLT
2018-01-04,125.45999908447266,125.45999908447266,0.0,0.0,GLD
2018-01-04,160.30999755859375,151.78042602539062,0.0,0.0,QQQ
2018-01-04,271.6099853515625,238.44760131835938,0.0,0.0,SPY
2018-01-04,126.06999969482422,98.02501678466797,0.0,0.0,TLT
2018-01-05,125.33000183105469,125.33000183105469,0.0,0.0,GLD
2018-01-05,161.9199981689453,153.3047332763672,0.0,0.0,QQQ
2018-01-05,273.4200134277344,240.03652954101562,0.0,0.0,SPY
2018-01-05,125.70999908447266,97.74504852294922,0.0,0.0,TLT
2018-01-08,125.30999755859375,125.30999755859375,0.0,0.0,GLD
2018-01-08,162.5500030517578,153.90118408203125,0.0,0.0,QQQ
2018-01-08,273.9200134277344,240.47552490234375,0.0,0.0,SPY
2018-01-08,125.62999725341797,97.68284606933594,0.0,0.0,TLT
2018-01-09,124.7300033569336,124.7300033569336,0.0,0.0,GLD
2018-01-09,162.55999755859375,153.91070556640625,0.0,0.0,QQQ
2018-01-09,274.5400085449219,241.01983642578125,0.0,0.0,SPY
2018-01-09,123.94999694824219,96.37659454345703,0.0,0.0,TLT
2018-01-10,125.02999877929688,125.02999877929688,0.0,0.0,GLD
2018-01-10,162.17999267578125,153.55091857910156,0.0,0.0,QQQ
2018-01-10,274.1199951171875,240.65103149414062,0.0,0.0,SPY
2018-01-10,123.80000305175781,96.25997924804688,0.0,0.0,TLT
2018-01-11,125.44000244140625,125.44000244140625,0.0,0.0,GLD
2018-01-11,163.2899932861328,154.6018524169922,0.0,0.0,QQQ
2018-01-11,276.1199951171875,242.4068603515625,0.0,0.0,SPY
2018-01-11,124.30999755859375,96.65647888183594,0.0,0.0,TLT
2018-01-12,126.95999908447266,126.95999908447266,0.0,0.0,GLD
2018-01-12,164.49000549316406,155.738037109375,0.0,0.0,QQQ
2018-01-12,277.9200134277344,243.98715209960938,0.0,0.0,SPY
2018-01-12,124.5199966430664,96.81979370117188,0.0,0.0,TLT
2018-01-16,127.16999816894531,127.16999816894531,0.0,0.0,GLD
2018-01-16,164.02000427246094,155.29299926757812,0.0,0.0,QQQ
2018-01-16,276.9700012207031,243.15310668945312,0.0,0.0,SPY
2018-01-16,125.04000091552734,97.2241439819336,0.0,0.0,TLT
2018-01-17,126.13999938964844,126.13999938964844,0.0,0.0,GLD
2018-01-17,165.7899932861328,156.96884155273438,0.0,0.0,QQQ
2018-01-17,279.6099853515625,245.4707794189453,0.0,0.0,SPY
2018-01-17,124.87000274658203,97.09192657470703,0.0,0.0,TLT
2018-01-18,125.86000061035156,125.86000061035156,0.0,0.0,GLD
2018-01-18,165.82000732421875,156.9972686767578,0.0,0.0,QQQ
2018-01-18,279.1400146484375,245.0582275390625,0.0,0.0,SPY
2018-01-18,123.70999908447266,96.19001007080078,0.0,0.0,TLT
2018-01-19,126.41999816894531,126.41999816894531,0.0,0.0,GLD
2018-01-19,166.33999633789062,157.48956298828125,0.0,0.0,QQQ
2018-01-19,280.4100036621094,246.17318725585938,0.0,0.0,SPY
2018-01-19,123.05999755859375,95.68453216552734,0.0,0.0,TLT
2018-01-22,126.6500015258789,126.6500015258789,0.0,0.0,GLD
2018-01-22,168.1199951171875,159.1748809814453,0.0,0.0,QQQ
2018-01-22,282.69000244140625,248.17478942871094,0.0,0.0,SPY
2018-01-22,123.18000030517578,95.7778549194336,0.0,0.0,TLT
2018-01-23,127.27999877929688,127.27999877929688,0.0,0.0,GLD
2018-01-23,169.50999450683594,160.49090576171875,0.0,0.0,QQQ
2018-01-23,283.2900085449219,248.70144653320312,0.0,0.0,SPY
2018-01-23,123.70999908447266,96.19001007080078,0.0,0.0,TLT
2018-01-24,128.8300018310547,128.8300018310547,0.0,0.0,GLD
2018-01-24,168.41000366210938,159.44944763183594,0.0,0.0,QQQ
2018-01-24,283.17999267578125,248.60496520996094,0.0,0.0,SPY
2018-01-24,123.04000091552734,95.66900634765625,0.0,0.0,TLT
2018-01-25,127.97000122070312,127.97000122070312,0.0,0.0,GLD
2018-01-25,168.35000610351562,159.3926544189453,0.0,0.0,QQQ
2018-01-25,283.29998779296875,248.71018981933594,0.0,0.0,SPY
2018-01-25,124.05000305175781,96.4543228149414,0.0,0.0,TLT
2018-01-26,128.07000732421875,128.07000732421875,0.0,0.0,GLD
2018-01-26,170.92999267578125,161.83534240722656,0.0,0.0,QQQ
2018-01-26,286.5799865722656,251.58973693847656,0.0,0.0,SPY
2018-01-26,123.58999633789062,96.09661102294922,0.0,0.0,TLT
2018-01-29,127.3499984741211,127.3499984741211,0.0,0.0,GLD
2018-01-29,170.10000610351562,161.04954528808594,0.0,0.0,QQQ
2018-01-29,284.67999267578125,249.92176818847656,0.0,0.0,SPY
2018-01-29,122.7300033569336,95.427978515625,0.0,0.0,TLT
2018-01-30,126.80000305175781,126.80000305175781,0.0,0.0,GLD
2018-01-30,168.6999969482422,159.7239990234375,0.0,0.0,QQQ
2018-01-30,281.760009765625,247.35830688476562,0.0,0.0,SPY
2018-01-30,122.01000213623047,94.8681869506836,0.0,0.0,TLT
2018-01-31,127.6500015258789,127.6500015258789,0.0,0.0,GLD
2018-01-31,169.39999389648438,160.3867645263672,0.0,0.0,QQQ
2018-01-31,281.8999938964844,247.48114013671875,0.0,0.0,SPY
2018-01-31,122.7300033569336,95.427978515625,0.0,0.0,TLT
2018-02-01,128.07000732421875,128.07000732421875,0.0,0.0,GLD
2018-02-01,167.9600067138672,159.0233917236328,0.0,0.0,QQQ
2018-02-01,281.5799865722656,247.20021057128906,0.0,0.0,SPY
2018-02-01,120.69999694824219,94.04499053955078,0.255,0.0,TLT
2018-02-02,126.38999938964844,126.38999938964844,0.0,0.0,GLD
2018-02-02,164.61000061035156,155.85162353515625,0.0,0.0,QQQ
2018-02-02,275.45001220703125,241.81869506835938,0.0,0.0,SPY
2018-02-02,119.58000183105469,93.17231750488281,0.0,0.0,TLT
2018-02-05,126.70999908447266,126.70999908447266,0.0,0.0,GLD
2018-02-05,158.1199951171875,149.70692443847656,0.0,0.0,QQQ
2018-02-05,263.92999267578125,231.70529174804688,0.0,0.0,SPY
2018-02-05,120.70999908447266,94.05278015136719,0.0,0.0,TLT
2018-02-06,125.37999725341797,125.37999725341797,0.0,0.0,GLD
2018-02-06,162.30999755859375,153.67398071289062,0.0,0.0,QQQ
2018-02-06,269.1300048828125,236.2703399658203,0.0,0.0,SPY
2018-02-06,119.95999908447266,93.46837615966797,0.0,0.0,TLT
2018-02-07,124.79000091552734,124.79000091552734,0.0,0.0,GLD
2018-02-07,160.2100067138672,151.68576049804688,0.0,0.0,QQQ
2018-02-07,267.6700134277344,234.9886474609375,0.0,0.0,SPY
2018-02-07,118.81999969482422,92.58011627197266,0.0,0.0,TLT
2018-02-08,124.9800033569336,124.9800033569336,0.0,0.0,GLD
2018-02-08,153.4499969482422,145.28536987304688,0.0,0.0,QQQ
2018-02-08,257.6300048828125,226.17446899414062,0.0,0.0,SPY
2018-02-08,118.69000244140625,92.47886657714844,0.0,0.0,TLT
2018-02-09,124.7699966430664,124.7699966430664,0.0,0.0,GLD
2018-02-09,156.10000610351562,147.79440307617188,0.0,0.0,QQQ
2018-02-09,261.5,229.57191467285156,0.0,0.0,SPY
2018-02-09,117.94000244140625,91.89448547363281,0.0,0.0,TLT
2018-02-12,125.37000274658203,125.37000274658203,0.0,0.0,GLD
2018-02-12,158.8699951171875,150.41700744628906,0.0,0.0,QQQ
2018-02-12,265.3399963378906,232.94309997558594,0.0,0.0,SPY
2018-02-12,118.45999908447266,92.29965209960938,0.0,0.0,TLT
2018-02-13,126.08000183105469,126.08000183105469,0.0,0.0,GLD
2018-02-13,159.69000244140625,151.1934051513672,0.0,0.0,QQQ
2018-02-13,266.0,233.5224609375,0.0,0.0,SPY
2018-02-13,118.98999786376953,92.71261596679688,0.0,0.0,TLT
2018-02-14,128.22999572753906,128.22999572753906,0.0,0.0,GLD
2018-02-14,162.67999267578125,154.0242919921875,0.0,0.0,QQQ
2018-02-14,269.5899963378906,236.67413330078125,0.0,0.0,SPY
2018-02-14,117.66999816894531,91.68409729003906,0.0,0.0,TLT
2018-02-15,128.3800048828125,128.3800048828125,0.0,0.0,GLD
2018-02-15,165.6999969482422,156.88360595703125,0.0,0.0,QQQ
2018-02-15,273.0299987792969,239.69412231445312,0.0,0.0,SPY
2018-02-15,118.06999969482422,91.99578094482422,0.0,0.0,TLT
2018-02-16,127.95999908447266,127.95999908447266,0.0,0.0,GLD
2018-02-16,164.9600067138672,156.18301391601562,0.0,0.0,QQQ
2018-02-16,273.1099853515625,239.76441955566406,0.0,0.0,SPY
2018-02-16,118.70999908447266,92.49444580078125,0.0,0.0,TLT
2018-02-20,126.23999786376953,126.23999786376953,0.0,0.0,GLD
2018-02-20,165.2899932861328,156.49546813964844,0.0,0.0,QQQ
2018-02-20,271.3999938964844,238.26315307617188,0.0,0.0,SPY
2018-02-20,118.19000244140625,92.08927154541016,0.0,0.0,TLT
2018-02-21,125.66000366210938,125.66000366210938,0.0,0.0,GLD
2018-02-21,164.82000732421875,156.05044555664062,0.0,0.0,QQQ
2018-02-21,270.04998779296875,237.07797241210938,0.0,0.0,SPY
2018-02-21,116.73999786376953,90.95948791503906,0.0,0.0,TLT
2018-02-22,126.30000305175781,126.30000305175781,0.0,0.0,GLD
2018-02-22,164.8000030517578,156.0315399169922,0.0,0.0,QQQ
2018-02-22,270.3999938964844,237.38536071777344,0.0,0.0,SPY
2018-02-22,117.08999633789062,91.23217010498047,0.0,0.0,TLT
2018-02-23,126.13999938964844,126.13999938964844,0.0,0.0,GLD
2018-02-23,168.1699981689453,159.22218322753906,0.0,0.0,QQQ
2018-02-23,274.7099914550781,241.1689910888672,0.0,0.0,SPY
2018-02-23,118.12999725341797,92.04251861572266,0.0,0.0,TLT
2018-02-26,126.44999694824219,126.44999694824219,0.0,0.0,GLD
2018-02-26,170.39999389648438,161.3335418701172,0.0,0.0,QQQ
2018-02-26,277.8999938964844,243.96957397460938,0.0,0.0,SPY
2018-02-26,118.16999816894531,92.0737075805664,0.0,0.0,TLT
2018-02-27,125.12999725341797,125.12999725341797,0.0,0.0,GLD
2018-02-27,168.2899932861328,159.33584594726562,0.0,0.0,QQQ
2018-02-27,274.42999267578125,240.92327880859375,0.0,0.0,SPY
2018-02-27,118.0,91.94119262695312,0.0,0.0,TLT
2018-02-28,125.0,125.0,0.0,0.0,GLD
2018-02-28,167.2100067138672,158.31324768066406,0.0,0.0,QQQ
2018-02-28,271.6499938964844,238.482666015625,0.0,0.0,SPY
2018-02-28,118.75,92.52560424804688,0.0,0.0,TLT
2018-03-01,124.72000122070312,124.72000122070312,0.0,0.0,GLD
2018-03-01,164.47999572753906,155.728515625,0.0,0.0,QQQ
2018-03-01,267.70001220703125,235.0149383544922,0.0,0.0,SPY
2018-03-01,119.31999969482422,93.15721130371094,0.239,0.0,TLT
2018-03-02,125.38999938964844,125.38999938964844,0.0,0.0,GLD
2018-03-02,165.99000549316406,157.1582489013672,0.0,0.0,QQQ
2018-03-02,269.0799865722656,236.2264404296875,0.0,0.0,SPY
2018-03-02,118.3499984741211,92.39993286132812,0.0,0.0,TLT
2018-03-05,125.18000030517578,125.18000030517578,0.0,0.0,GLD
2018-03-05,167.8300018310547,158.90025329589844,0.0,0.0,QQQ
2018-03-05,272.19000244140625,238.95669555664062,0.0,0.0,SPY
2018-03-05,118.02999877929688,92.1500473022461,0.0,0.0,TLT
2018-03-06,126.52999877929688,126.52999877929688,0.0,0.0,GLD
2018-03-06,168.5399932861328,159.572509765625,0.0,0.0,QQQ
2018-03-06,272.8800048828125,239.5625,0.0,0.0,SPY
2018-03-06,118.13999938964844,92.2359390258789,0.0,0.0,TLT
2018-03-07,125.72000122070312,125.72000122070312,0.0,0.0,GLD
2018-03-07,168.92999267578125,159.94174194335938,0.0,0.0,QQQ
2018-03-07,272.7799987792969,239.4747314453125,0.0,0.0,SPY
2018-03-07,118.01000213623047,92.13448333740234,0.0,0.0,TLT
2018-03-08,125.41999816894531,125.41999816894531,0.0,0.0,GLD
2018-03-08,169.86000061035156,160.82229614257812,0.0,0.0,QQQ
2018-03-08,274.1000061035156,240.6334991455078,0.0,0.0,SPY
2018-03-08,118.69000244140625,92.66535186767578,0.0,0.0,TLT
2018-03-09,125.54000091552734,125.54000091552734,0.0,0.0,GLD
2018-03-09,173.16000366210938,163.94671630859375,0.0,0.0,QQQ
2018-03-09,278.8699951171875,244.8211212158203,0.0,0.0,SPY
2018-03-09,117.91000366210938,92.05634307861328,0.0,0.0,TLT
2018-03-12,125.54000091552734,125.54000091552734,0.0,0.0,GLD
2018-03-12,174.0800018310547,164.81776428222656,0.0,0.0,QQQ
2018-03-12,278.5199890136719,244.51382446289062,0.0,0.0,SPY
2018-03-12,118.58999633789062,92.5872573852539,0.0,0.0,TLT
2018-03-13,125.77999877929688,125.77999877929688,0.0,0.0,GLD
2018-03-13,171.7100067138672,162.5738525390625,0.0,0.0,QQQ
2018-03-13,276.7200012207031,242.93360900878906,0.0,0.0,SPY
2018-03-13,119.19000244140625,93.05570983886719,0.0,0.0,TLT
2018-03-14,125.69999694824219,125.69999694824219,0.0,0.0,GLD
2018-03-14,171.67999267578125,162.5454559326172,0.0,0.0,QQQ
2018-03-14,275.29998779296875,241.6870574951172,0.0,0.0,SPY
2018-03-14,120.23999786376953,93.87549591064453,0.0,0.0,TLT
2018-03-15,124.9000015258789,124.9000015258789,0.0,0.0,GLD
2018-03-15,171.52999877929688,162.4033966064453,0.0,0.0,QQQ
2018-03-15,275.0,241.42364501953125,0.0,0.0,SPY
2018-03-15,120.23999786376953,93.87549591064453,0.0,0.0,TLT
2018-03-16,124.5999984741211,124.5999984741211,0.0,0.0,GLD
2018-03-16,171.02000427246094,161.9205780029297,0.0,0.0,QQQ
2018-03-16,274.20001220703125,241.6854248046875,1.097,0.0,SPY
2018-03-16,119.80999755859375,93.53978729248047,0.0,0.0,TLT
2018-03-19,124.87000274658203,124.87000274658203,0.0,0.0,GLD
2018-03-19,167.10000610351562,158.46580505371094,0.277,0.0,QQQ
2018-03-19,270.489990234375,238.41537475585938,0.0,0.0,SPY
2018-03-19,119.43000030517578,93.24308013916016,0.0,0.0,TLT
2018-03-20,124.30999755859375,124.30999755859375,0.0,0.0,GLD
2018-03-20,167.64999389648438,158.9873809814453,0.0,0.0,QQQ
2018-03-20,270.95001220703125,238.8208465576172,0.0,0.0,SPY
2018-03-20,118.94999694824219,92.86833190917969,0.0,0.0,TLT
2018-03-21,126.4800033569336,126.4800033569336,0.0,0.0,GLD
2018-03-21,166.9199981689453,158.29513549804688,0.0,0.0,QQQ
2018-03-21,270.42999267578125,238.3624725341797,0.0,0.0,SPY
2018-03-21,119.08000183105469,92.96979522705078,0.0,0.0,TLT
2018-03-22,125.9800033569336,125.9800033569336,0.0,0.0,GLD
2018-03-22,162.8000030517578,154.38796997070312,0.0,0.0,QQQ
2018-03-22,263.6700134277344,232.40411376953125,0.0,0.0,SPY
2018-03-22,120.26000213623047,93.89115142822266,0.0,0.0,TLT
2018-03-23,127.61000061035156,127.61000061035156,0.0,0.0,GLD
2018-03-23,158.50999450683594,150.31964111328125,0.0,0.0,QQQ
2018-03-23,258.04998779296875,227.45042419433594,0.0,0.0,SPY
2018-03-23,120.16999816894531,93.82084655761719,0.0,0.0,TLT
2018-03-26,128.27999877929688,128.27999877929688,0.0,0.0,GLD
2018-03-26,164.39999389648438,155.90533447265625,0.0,0.0,QQQ
2018-03-26,265.1099853515625,233.6732940673828,0.0,0.0,SPY
2018-03-26,119.70999908447266,93.46167755126953,0.0,0.0,TLT
2018-03-27,127.48999786376953,127.48999786376953,0.0,0.0,GLD
2018-03-27,159.0800018310547,150.86019897460938,0.0,0.0,QQQ
2018-03-27,260.6000061035156,229.6981201171875,0.0,0.0,SPY
2018-03-27,120.98999786376953,94.46100616455078,0.0,0.0,TLT
2018-03-28,125.7300033569336,125.7300033569336,0.0,0.0,GLD
2018-03-28,157.25,149.1247100830078,0.0,0.0,QQQ
2018-03-28,259.8299865722656,229.01942443847656,0.0,0.0,SPY
2018-03-28,121.30999755859375,94.71086120605469,0.0,0.0,TLT
2018-03-29,125.79000091552734,125.79000091552734,0.0,0.0,GLD
2018-03-29,160.1300048828125,151.85594177246094,0.0,0.0,QQQ
2018-03-29,263.1499938964844,231.9457550048828,0.0,0.0,SPY
2018-03-29,121.9000015258789,95.17154693603516,0.0,0.0,TLT
2018-04-02,127.26000213623047,127.26000213623047,0.0,0.0,GLD
2018-04-02,155.50999450683594,147.47470092773438,0.0,0.0,QQQ
2018-04-02,257.4700012207031,226.9392852783203,0.0,0.0,SPY
2018-04-02,121.87999725341797,95.35928344726562,0.26,0.0,TLT
2018-04-03,126.30000305175781,126.30000305175781,0.0,0.0,GLD
2018-04-03,157.25999450683594,149.13426208496094,0.0,0.0,QQQ
2018-04-03,260.7699890136719,229.84796142578125,0.0,0.0,SPY
2018-04-03,120.94000244140625,94.62381744384766,0.0,0.0,TLT
2018-04-04,126.44999694824219,126.44999694824219,0.0,0.0,GLD
2018-04-04,159.74000549316406,151.48606872558594,0.0,0.0,QQQ
2018-04-04,263.55999755859375,232.30712890625,0.0,0.0,SPY
2018-04-04,120.69000244140625,94.42821502685547,0.0,0.0,TLT
2018-04-05,125.80000305175781,125.80000305175781,0.0,0.0,GLD
2018-04-05,160.64999389648438,152.3490753173828,0.0,0.0,QQQ
2018-04-05,265.6400146484375,234.1405029296875,0.0,0.0,SPY
2018-04-05,119.79000091552734,93.72406005859375,0.0,0.0,TLT
2018-04-06,126.38999938964844,126.38999938964844,0.0,0.0,GLD
2018-04-06,156.6300048828125,148.5367889404297,0.0,0.0,QQQ
2018-04-06,259.7200012207031,228.92245483398438,0.0,0.0,SPY
2018-04-06,121.0999984741211,94.74901580810547,0.0,0.0,TLT
2018-04-09,126.81999969482422,126.81999969482422,0.0,0.0,GLD
2018-04-09,157.72999572753906,149.57992553710938,0.0,0.0,QQQ
2018-04-09,261.0,230.0506591796875,0.0,0.0,SPY
2018-04-09,121.30000305175781,94.90548706054688,0.0,0.0,TLT
2018-04-10,127.12000274658203,127.12000274658203,0.0,0.0,GLD
2018-04-10,161.2100067138672,152.88015747070312,0.0,0.0,QQQ
2018-04-10,265.1499938964844,233.70858764648438,0.0,0.0,SPY
2018-04-10,121.08000183105469,94.7333755493164,0.0,0.0,TLT
2018-04-11,128.11000061035156,128.11000061035156,0.0,0.0,GLD
2018-04-11,160.27999877929688,151.9982147216797,0.0,0.0,QQQ
2018-04-11,263.760009765625,232.48345947265625,0.0,0.0,SPY
2018-04-11,121.51000213623047,95.06980895996094,0.0,0.0,TLT
2018-04-12,126.62000274658203,126.62000274658203,0.0,0.0,GLD
2018-04-12,162.2100067138672,153.82850646972656,0.0,0.0,QQQ
2018-04-12,265.92999267578125,234.39610290527344,0.0,0.0,SPY
2018-04-12,120.62000274658203,94.37342834472656,0.0,0.0,TLT
2018-04-13,127.44999694824219,127.44999694824219,0.0,0.0,GLD
2018-04-13,161.3699951171875,153.03187561035156,0.0,0.0,QQQ
2018-04-13,265.1499938964844,233.70858764648438,0.0,0.0,SPY
2018-04-13,120.9000015258789,94.59254455566406,0.0,0.0,TLT
2018-04-16,127.62999725341797,127.62999725341797,0.0,0.0,GLD
2018-04-16,162.60000610351562,154.19833374023438,0.0,0.0,QQQ
2018-04-16,267.3299865722656,235.63009643554688,0.0,0.0,SPY
2018-04-16,120.94000244140625,94.62381744384766,0.0,0.0,TLT
2018-04-17,127.75,127.75,0.0,0.0,GLD
2018-04-17,166.10000610351562,157.5175018310547,0.0,0.0,QQQ
2018-04-17,270.19000244140625,238.15093994140625,0.0,0.0,SPY
2018-04-17,121.2699966430664,94.88200378417969,0.0,0.0,TLT
2018-04-18,127.8499984741211,127.8499984741211,0.0,0.0,GLD
2018-04-18,166.44000244140625,157.83993530273438,0.0,0.0,QQQ
2018-04-18,270.3900146484375,238.32723999023438,0.0,0.0,SPY
2018-04-18,120.30000305175781,94.12306213378906,0.0,0.0,TLT
2018-04-19,127.5999984741211,127.5999984741211,0.0,0.0,GLD
2018-04-19,164.91000366210938,156.38897705078125,0.0,0.0,QQQ
2018-04-19,268.8900146484375,237.00509643554688,0.0,0.0,SPY
2018-04-19,119.31999969482422,93.35633850097656,0.0,0.0,TLT
2018-04-20,126.62999725341797,126.62999725341797,0.0,0.0,GLD
2018-04-20,162.3000030517578,153.91383361816406,0.0,0.0,QQQ
2018-04-20,266.6099853515625,234.9954071044922,0.0,0.0,SPY
2018-04-20,118.45999908447266,92.68348693847656,0.0,0.0,TLT
2018-04-23,125.62000274658203,125.62000274658203,0.0,0.0,GLD
2018-04-23,161.88999938964844,153.52499389648438,0.0,0.0,QQQ
2018-04-23,266.57000732421875,234.96022033691406,0.0,0.0,SPY
2018-04-23,118.48999786376953,92.70694732666016,0.0,0.0,TLT
2018-04-24,126.2300033569336,126.2300033569336,0.0,0.0,GLD
2018-04-24,158.4600067138672,150.272216796875,0.0,0.0,QQQ
2018-04-24,262.9800109863281,231.79588317871094,0.0,0.0,SPY
2018-04-24,117.94999694824219,92.28446197509766,0.0,0.0,TLT
2018-04-25,125.41000366210938,125.41000366210938,0.0,0.0,GLD
2018-04-25,158.64999389648438,150.452392578125,0.0,0.0,QQQ
2018-04-25,263.6300048828125,232.36875915527344,0.0,0.0,SPY
2018-04-25,117.16000366210938,91.66634368896484,0.0,0.0,TLT
2018-04-26,124.97000122070312,124.97000122070312,0.0,0.0,GLD
2018-04-26,161.99000549316406,153.61985778808594,0.0,0.0,QQQ
2018-04-26,266.30999755859375,234.7310333251953,0.0,0.0,SPY
2018-04-26,117.9800033569336,92.30792999267578,0.0,0.0,TLT
2018-04-27,125.5,125.5,0.0,0.0,GLD
2018-04-27,162.08999633789062,153.71469116210938,0.0,0.0,QQQ
2018-04-27,266.55999755859375,234.95135498046875,0.0,0.0,SPY
2018-04-27,118.88999938964844,93.01991271972656,0.0,0.0,TLT
2018-04-30,124.58999633789062,124.58999633789062,0.0,0.0,GLD
2018-04-30,160.94000244140625,152.6240997314453,0.0,0.0,QQQ
2018-04-30,264.510009765625,233.1444854736328,0.0,0.0,SPY
2018-04-30,119.0999984741211,93.1842041015625,0.0,0.0,TLT
2018-05-01,123.70999908447266,123.70999908447266,0.0,0.0,GLD
2018-05-01,162.77999877929688,154.36900329589844,0.0,0.0,QQQ
2018-05-01,264.9800109863281,233.55873107910156,0.0,0.0,SPY
2018-05-01,118.41000366210938,92.84857940673828,0.262,0.0,TLT
2018-05-02,123.6500015258789,123.6500015258789,0.0,0.0,GLD
2018-05-02,161.82000732421875,153.45867919921875,0.0,0.0,QQQ
2018-05-02,263.20001220703125,231.9898223876953,0.0,0.0,SPY
2018-05-02,118.27999877929688,92.74665069580078,0.0,0.0,TLT
2018-05-03,124.27999877929688,124.27999877929688,0.0,0.0,GLD
2018-05-03,161.8000030517578,153.439697265625,0.0,0.0,QQQ
2018-05-03,262.6199951171875,231.47857666015625,0.0,0.0,SPY
2018-05-03,118.80999755859375,93.1622314453125,0.0,0.0,TLT
2018-05-04,124.54000091552734,124.54000091552734,0.0,0.0,GLD
2018-05-04,164.8699951171875,156.3510284423828,0.0,0.0,QQQ
2018-05-04,266.0199890136719,234.47535705566406,0.0,0.0,SPY
2018-05-04,118.98999786376953,93.30340576171875,0.0,0.0,TLT
2018-05-07,124.56999969482422,124.56999969482422,0.0,0.0,GLD
2018-05-07,166.24000549316406,157.6502227783203,0.0,0.0,QQQ
2018-05-07,266.9200134277344,235.26869201660156,0.0,0.0,SPY
2018-05-07,118.80000305175781,93.1543960571289,0.0,0.0,TLT
2018-05-08,124.58999633789062,124.58999633789062,0.0,0.0,GLD
2018-05-08,166.07000732421875,157.48898315429688,0.0,0.0,QQQ
2018-05-08,266.9200134277344,235.26869201660156,0.0,0.0,SPY
2018-05-08,118.69000244140625,93.06815338134766,0.0,0.0,TLT
2018-05-09,124.33000183105469,124.33000183105469,0.0,0.0,GLD
2018-05-09,167.8800048828125,159.20547485351562,0.0,0.0,QQQ
2018-05-09,269.5,237.5427703857422,0.0,0.0,SPY
2018-05-09,117.9800033569336,92.51142883300781,0.0,0.0,TLT
2018-05-10,125.18000030517578,125.18000030517578,0.0,0.0,GLD
2018-05-10,169.6199951171875,160.85562133789062,0.0,0.0,QQQ
2018-05-10,272.0199890136719,239.76388549804688,0.0,0.0,SPY
2018-05-10,118.93000030517578,93.25633239746094,0.0,0.0,TLT
2018-05-11,125.0,125.0,0.0,0.0,GLD
2018-05-11,169.4600067138672,160.70384216308594,0.0,0.0,QQQ
2018-05-11,272.8500061035156,240.49551391601562,0.0,0.0,SPY
2018-05-11,119.2300033569336,93.49161529541016,0.0,0.0,TLT
2018-05-14,124.48999786376953,124.48999786376953,0.0,0.0,GLD
2018-05-14,169.75,160.97885131835938,0.0,0.0,QQQ
2018-05-14,272.9800109863281,240.61007690429688,0.0,0.0,SPY
2018-05-14,118.5999984741211,92.99759674072266,0.0,0.0,TLT
2018-05-15,122.4800033569336,122.4800033569336,0.0,0.0,GLD
2018-05-15,167.8699951171875,159.19601440429688,0.0,0.0,QQQ
2018-05-15,271.1000061035156,238.95306396484375,0.0,0.0,SPY
2018-05-15,117.25,91.93899536132812,0.0,0.0,TLT
2018-05-16,122.29000091552734,122.29000091552734,0.0,0.0,GLD
2018-05-16,168.97999572753906,160.2486572265625,0.0,0.0,QQQ
2018-05-16,272.239990234375,239.95782470703125,0.0,0.0,SPY
2018-05-16,116.80000305175781,91.58615112304688,0.0,0.0,TLT
2018-05-17,122.36000061035156,122.36000061035156,0.0,0.0,GLD
2018-05-17,168.3300018310547,159.63223266601562,0.0,0.0,QQQ
2018-05-17,272.010009765625,239.75509643554688,0.0,0.0,SPY
2018-05-17,116.20999908447266,91.12348175048828,0.0,0.0,TLT
2018-05-18,122.41000366210938,122.41000366210938,0.0,0.0,GLD
2018-05-18,167.4600067138672,158.8072052001953,0.0,0.0,QQQ
2018-05-18,271.3299865722656,239.15573120117188,0.0,0.0,SPY
2018-05-18,117.20999908447266,91.90763092041016,0.0,0.0,TLT
2018-05-21,122.4800033569336,122.4800033569336,0.0,0.0,GLD
2018-05-21,168.39999389648438,159.69863891601562,0.0,0.0,QQQ
2018-05-21,273.3699951171875,240.95388793945312,0.0,0.0,SPY
2018-05-21,117.2699966430664,91.95470428466797,0.0,0.0,TLT
2018-05-22,122.41000366210938,122.41000366210938,0.0,0.0,GLD
2018-05-22,168.17999267578125,159.48997497558594,0.0,0.0,QQQ
2018-05-22,272.6099853515625,240.283935546875,0.0,0.0,SPY
2018-05-22,117.08999633789062,91.81352233886719,0.0,0.0,TLT
2018-05-23,122.54000091552734,122.54000091552734,0.0,0.0,GLD
2018-05-23,169.60000610351562,160.8365936279297,0.0,0.0,QQQ
2018-05-23,273.3599853515625,240.9449462890625,0.0,0.0,SPY
2018-05-23,117.94000244140625,92.48007202148438,0.0,0.0,TLT
2018-05-24,123.58999633789062,123.58999633789062,0.0,0.0,GLD
2018-05-24,169.5500030517578,160.7891845703125,0.0,0.0,QQQ
2018-05-24,272.79998779296875,240.45144653320312,0.0,0.0,SPY
2018-05-24,118.87999725341797,93.21710968017578,0.0,0.0,TLT
2018-05-25,123.20999908447266,123.20999908447266,0.0,0.0,GLD
2018-05-25,169.72000122070312,160.95040893554688,0.0,0.0,QQQ
2018-05-25,272.1499938964844,239.87847900390625,0.0,0.0,SPY
2018-05-25,119.62000274658203,93.79740905761719,0.0,0.0,TLT
2018-05-29,123.19000244140625,123.19000244140625,0.0,0.0,GLD
2018-05-29,168.97000122070312,160.23919677734375,0.0,0.0,QQQ
2018-05-29,269.0199890136719,237.11962890625,0.0,0.0,SPY
2018-05-29,122.23999786376953,95.85182189941406,0.0,0.0,TLT
2018-05-30,123.37000274658203,123.37000274658203,0.0,0.0,GLD
2018-05-30,170.17999267578125,161.3866729736328,0.0,0.0,QQQ
2018-05-30,272.6099853515625,240.283935546875,0.0,0.0,SPY
2018-05-30,121.41999816894531,95.2088394165039,0.0,0.0,TLT
2018-05-31,123.0999984741211,123.0999984741211,0.0,0.0,GLD
2018-05-31,170.07000732421875,161.28236389160156,0.0,0.0,QQQ
2018-05-31,270.94000244140625,238.81199645996094,0.0,0.0,SPY
2018-05-31,121.22000122070312,95.05198669433594,0.0,0.0,TLT
2018-06-01,122.48999786376953,122.48999786376953,0.0,0.0,GLD
2018-06-01,172.74000549316406,163.81439208984375,0.0,0.0,QQQ
2018-06-01,273.6000061035156,241.15664672851562,0.0,0.0,SPY
2018-06-01,120.30000305175781,94.54973602294922,0.281,0.0,TLT
2018-06-04,122.37000274658203,122.37000274658203,0.0,0.0,GLD
2018-06-04,174.3000030517578,165.29373168945312,0.0,0.0,QQQ
2018-06-04,274.8999938964844,242.3024139404297,0.0,0.0,SPY
2018-06-04,119.43000030517578,93.86600494384766,0.0,0.0,TLT
2018-06-05,122.8499984741211,122.8499984741211,0.0,0.0,GLD
2018-06-05,174.83999633789062,165.8058319091797,0.0,0.0,QQQ
2018-06-05,275.1000061035156,242.47866821289062,0.0,0.0,SPY
2018-06-05,119.70999908447266,94.0860595703125,0.0,0.0,TLT
2018-06-06,122.91999816894531,122.91999816894531,0.0,0.0,GLD
2018-06-06,175.86000061035156,166.77317810058594,0.0,0.0,QQQ
2018-06-06,277.3999938964844,244.5059814453125,0.0,0.0,SPY
2018-06-06,118.73999786376953,93.32369995117188,0.0,0.0,TLT
2018-06-07,122.86000061035156,122.86000061035156,0.0,0.0,GLD
2018-06-07,174.42999267578125,165.4170379638672,0.0,0.0,QQQ
2018-06-07,277.3699951171875,244.4794921875,0.0,0.0,SPY
2018-06-07,119.88999938964844,94.22753143310547,0.0,0.0,TLT
2018-06-08,123.01000213623047,123.01000213623047,0.0,0.0,GLD
2018-06-08,174.44000244140625,165.42648315429688,0.0,0.0,QQQ
2018-06-08,278.19000244140625,245.20223999023438,0.0,0.0,SPY
2018-06-08,119.52999877929688,93.9446029663086,0.0,0.0,TLT
2018-06-11,123.2300033569336,123.2300033569336,0.0,0.0,GLD
2018-06-11,174.91000366210938,165.87220764160156,0.0,0.0,QQQ
2018-06-11,278.55999755859375,245.5283966064453,0.0,0.0,SPY
2018-06-11,119.30999755859375,93.77171325683594,0.0,0.0,TLT
2018-06-12,122.81999969482422,122.81999969482422,0.0,0.0,GLD
2018-06-12,175.8300018310547,166.74473571777344,0.0,0.0,QQQ
2018-06-12,278.9200134277344,245.8457489013672,0.0,0.0,SPY
2018-06-12,119.33999633789062,93.79525756835938,0.0,0.0,TLT
2018-06-13,123.19000244140625,123.19000244140625,0.0,0.0,GLD
2018-06-13,175.82000732421875,166.73519897460938,0.0,0.0,QQQ
2018-06-13,278.0299987792969,245.06124877929688,0.0,0.0,SPY
2018-06-13,119.27999877929688,93.7480697631836,0.0,0.0,TLT
2018-06-14,123.37999725341797,123.37999725341797,0.0,0.0,GLD
2018-06-14,177.60000610351562,168.4232635498047,0.0,0.0,QQQ
2018-06-14,278.7300109863281,245.6781768798828,0.0,0.0,SPY
2018-06-14,120.2699966430664,94.52618408203125,0.0,0.0,TLT
2018-06-15,121.33999633789062,121.33999633789062,0.0,0.0,GLD
2018-06-15,176.97999572753906,167.8352813720703,0.0,0.0,QQQ
2018-06-15,277.1300048828125,245.36489868164062,1.246,0.0,SPY
2018-06-15,120.37999725341797,94.61264038085938,0.0,0.0,TLT
2018-06-18,121.11000061035156,121.11000061035156,0.0,0.0,GLD
2018-06-18,176.5,167.73837280273438,0.378,0.0,QQQ
2018-06-18,276.55999755859375,244.86021423339844,0.0,0.0,SPY
2018-06-18,120.2699966430664,94.52618408203125,0.0,0.0,TLT
2018-06-19,120.80000305175781,120.80000305175781,0.0,0.0,GLD
2018-06-19,176.0,167.26316833496094,0.0,0.0,QQQ
2018-06-19,275.5,243.9217071533203,0.0,0.0,SPY
2018-06-19,120.97000122070312,95.07640838623047,0.0,0.0,TLT
2018-06-20,120.26000213623047,120.26000213623047,0.0,0.0,GLD
2018-06-20,177.25,168.4511260986328,0.0,0.0,QQQ
2018-06-20,275.9700012207031,244.33786010742188,0.0,0.0,SPY
2018-06-20,119.91000366210938,94.24323272705078,0.0,0.0,TLT
2018-06-21,120.05000305175781,120.05000305175781,0.0,0.0,GLD
2018-06-21,175.7100067138672,166.98756408691406,0.0,0.0,QQQ
2018-06-21,274.239990234375,242.80612182617188,0.0,0.0,SPY
2018-06-21,120.54000091552734,94.73841094970703,0.0,0.0,TLT
2018-06-22,120.33999633789062,120.33999633789062,0.0,0.0,GLD
2018-06-22,175.32000732421875,166.616943359375,0.0,0.0,QQQ
2018-06-22,274.739990234375,243.248779296875,0.0,0.0,SPY
2018-06-22,120.52999877929688,94.73056030273438,0.0,0.0,TLT
2018-06-25,119.88999938964844,119.88999938964844,0.0,0.0,GLD
2018-06-25,171.3699951171875,162.86300659179688,0.0,0.0,QQQ
2018-06-25,271.0,239.93743896484375,0.0,0.0,SPY
2018-06-25,120.80000305175781,94.94274139404297,0.0,0.0,TLT
2018-06-26,119.26000213623047,119.26000213623047,0.0,0.0,GLD
2018-06-26,172.07000732421875,163.5282745361328,0.0,0.0,QQQ
2018-06-26,271.6000061035156,240.4686279296875,0.0,0.0,SPY
2018-06-26,120.97000122070312,95.07640838623047,0.0,0.0,TLT
2018-06-27,118.58000183105469,118.58000183105469,0.0,0.0,GLD
2018-06-27,169.72999572753906,161.3043975830078,0.0,0.0,QQQ
2018-06-27,269.3500061035156,238.47654724121094,0.0,0.0,SPY
2018-06-27,122.11000061035156,95.97235107421875,0.0,0.0,TLT
2018-06-28,118.22000122070312,118.22000122070312,0.0,0.0,GLD
2018-06-28,171.19000244140625,162.69189453125,0.0,0.0,QQQ
2018-06-28,270.8900146484375,239.84005737304688,0.0,0.0,SPY
2018-06-28,122.13999938964844,95.99588775634766,0.0,0.0,TLT
2018-06-29,118.6500015258789,118.6500015258789,0.0,0.0,GLD
2018-06-29,171.64999389648438,163.1291046142578,0.0,0.0,QQQ
2018-06-29,271.2799987792969,240.1853790283203,0.0,0.0,SPY
2018-06-29,121.72000122070312,95.66580200195312,0.0,0.0,TLT
2018-07-02,117.45999908447266,117.45999908447266,0.0,0.0,GLD
2018-07-02,172.8000030517578,164.2220458984375,0.0,0.0,QQQ
2018-07-02,271.8599853515625,240.6988525390625,0.0,0.0,SPY
2018-07-02,121.3499984741211,95.59101867675781,0.275,0.0,TLT
2018-07-03,118.6500015258789,118.6500015258789,0.0,0.0,GLD
2018-07-03,170.8000030517578,162.3212890625,0.0,0.0,QQQ
2018-07-03,270.8999938964844,239.84886169433594,0.0,0.0,SPY
2018-07-03,122.0,96.1030044555664,0.0,0.0,TLT
2018-07-05,119.05000305175781,119.05000305175781,0.0,0.0,GLD
2018-07-05,172.9199981689453,164.33607482910156,0.0,0.0,QQQ
2018-07-05,273.1099853515625,241.80563354492188,0.0,0.0,SPY
2018-07-05,122.3499984741211,96.37870025634766,0.0,0.0,TLT
2018-07-06,118.86000061035156,118.86000061035156,0.0,0.0,GLD
2018-07-06,175.61000061035156,166.89254760742188,0.0,0.0,QQQ
2018-07-06,275.4200134277344,243.85086059570312,0.0,0.0,SPY
2018-07-06,122.75,96.69377899169922,0.0,0.0,TLT
2018-07-09,119.1500015258789,119.1500015258789,0.0,0.0,GLD
2018-07-09,177.19000244140625,168.3940887451172,0.0,0.0,QQQ
2018-07-09,277.8999938964844,246.0465850830078,0.0,0.0,SPY
2018-07-09,121.95999908447266,96.07151794433594,0.0,0.0,TLT
2018-07-10,118.93000030517578,118.93000030517578,0.0,0.0,GLD
2018-07-10,177.32000732421875,168.51766967773438,0.0,0.0,QQQ
2018-07-10,278.8999938964844,246.93194580078125,0.0,0.0,SPY
2018-07-10,121.94999694824219,96.06360626220703,0.0,0.0,TLT
2018-07-11,117.63999938964844,117.63999938964844,0.0,0.0,GLD
2018-07-11,176.4199981689453,167.6622772216797,0.0,0.0,QQQ
2018-07-11,276.8599853515625,245.1257781982422,0.0,0.0,SPY
2018-07-11,122.41999816894531,96.43386840820312,0.0,0.0,TLT
2018-07-12,118.12999725341797,118.12999725341797,0.0,0.0,GLD
2018-07-12,179.4600067138672,170.55142211914062,0.0,0.0,QQQ
2018-07-12,279.3699951171875,247.34803771972656,0.0,0.0,SPY
2018-07-12,122.41000366210938,96.42596435546875,0.0,0.0,TLT
2018-07-13,117.61000061035156,117.61000061035156,0.0,0.0,GLD
2018-07-13,179.61000061035156,170.69398498535156,0.0,0.0,QQQ
2018-07-13,279.5899963378906,247.54290771484375,0.0,0.0,SPY
2018-07-13,122.72000122070312,96.67018127441406,0.0,0.0,TLT
2018-07-16,117.55000305175781,117.55000305175781,0.0,0.0,GLD
2018-07-16,179.17999267578125,170.28530883789062,0.0,0.0,QQQ
2018-07-16,279.3399963378906,247.32151794433594,0.0,0.0,SPY
2018-07-16,122.20999908447266,96.26844787597656,0.0,0.0,TLT
2018-07-17,116.27999877929688,116.27999877929688,0.0,0.0,GLD
2018-07-17,180.27000427246094,171.3212127685547,0.0,0.0,QQQ
2018-07-17,280.4700012207031,248.3219451904297,0.0,0.0,SPY
2018-07-17,121.9800033569336,96.08724975585938,0.0,0.0,TLT
2018-07-18,116.30999755859375,116.30999755859375,0.0,0.0,GLD
2018-07-18,179.92999267578125,170.998046875,0.0,0.0,QQQ
2018-07-18,281.05999755859375,248.84437561035156,0.0,0.0,SPY
2018-07-18,121.48999786376953,95.70124816894531,0.0,0.0,TLT
2018-07-19,115.80999755859375,115.80999755859375,0.0,0.0,GLD
2018-07-19,179.02999877929688,170.14276123046875,0.0,0.0,QQQ
2018-07-19,280.0,247.90582275390625,0.0,0.0,SPY
2018-07-19,122.26000213623047,96.30781555175781,0.0,0.0,TLT
2018-07-20,116.55999755859375,116.55999755859375,0.0,0.0,GLD
2018-07-20,178.99000549316406,170.10476684570312,0.0,0.0,QQQ
2018-07-20,279.67999267578125,247.62252807617188,0.0,0.0,SPY
2018-07-20,120.76000213623047,95.126220703125,0.0,0.0,TLT
2018-07-23,116.0,116.0,0.0,0.0,GLD
2018-07-23,179.55999755859375,170.6464385986328,0.0,0.0,QQQ
2018-07-23,280.20001220703125,248.0829620361328,0.0,0.0,SPY
2018-07-23,119.2699966430664,93.95252227783203,0.0,0.0,TLT
2018-07-24,116.04000091552734,116.04000091552734,0.0,0.0,GLD
2018-07-24,180.3000030517578,171.34971618652344,0.0,0.0,QQQ
2018-07-24,281.6099853515625,249.3313446044922,0.0,0.0,SPY
2018-07-24,119.68000030517578,94.2754898071289,0.0,0.0,TLT
2018-07-25,116.68000030517578,116.68000030517578,0.0,0.0,GLD
2018-07-25,182.82000732421875,173.74461364746094,0.0,0.0,QQQ
2018-07-25,284.010009765625,251.4562225341797,0.0,0.0,SPY
2018-07-25,119.48999786376953,94.12577056884766,0.0,0.0,TLT
2018-07-26,115.7699966430664,115.7699966430664,0.0,0.0,GLD
2018-07-26,180.0500030517578,171.11212158203125,0.0,0.0,QQQ
2018-07-26,283.3399963378906,250.863037109375,0.0,0.0,SPY
2018-07-26,119.26000213623047,93.94461059570312,0.0,0.0,TLT
2018-07-27,115.83000183105469,115.83000183105469,0.0,0.0,GLD
2018-07-27,177.6199951171875,168.80271911621094,0.0,0.0,QQQ
2018-07-27,281.4200134277344,249.1631317138672,0.0,0.0,SPY
2018-07-27,119.45999908447266,94.1021957397461,0.0,0.0,TLT
2018-07-30,115.6500015258789,115.6500015258789,0.0,0.0,GLD
2018-07-30,175.11000061035156,166.4173583984375,0.0,0.0,QQQ
2018-07-30,279.95001220703125,247.8616485595703,0.0,0.0,SPY
2018-07-30,119.05000305175781,93.77922821044922,0.0,0.0,TLT
2018-07-31,115.98999786376953,115.98999786376953,0.0,0.0,GLD
2018-07-31,176.4499969482422,167.69085693359375,0.0,0.0,QQQ
2018-07-31,281.3299865722656,249.08338928222656,0.0,0.0,SPY
2018-07-31,119.69999694824219,94.29119873046875,0.0,0.0,TLT
2018-08-01,115.13999938964844,115.13999938964844,0.0,0.0,GLD
2018-08-01,177.1199951171875,168.32757568359375,0.0,0.0,QQQ
2018-08-01,280.8599853515625,248.6672821044922,0.0,0.0,SPY
2018-08-01,118.45999908447266,93.52305603027344,0.267,0.0,TLT
2018-08-02,114.5199966430664,114.5199966430664,0.0,0.0,GLD
2018-08-02,179.52999877929688,170.61790466308594,0.0,0.0,QQQ
2018-08-02,282.3900146484375,250.02194213867188,0.0,0.0,SPY
2018-08-02,118.62999725341797,93.6572494506836,0.0,0.0,TLT
2018-08-03,114.91999816894531,114.91999816894531,0.0,0.0,GLD
2018-08-03,180.0800018310547,171.14059448242188,0.0,0.0,QQQ
2018-08-03,283.6000061035156,251.09323120117188,0.0,0.0,SPY
2018-08-03,119.22000122070312,94.12308502197266,0.0,0.0,TLT
2018-08-06,114.33000183105469,114.33000183105469,0.0,0.0,GLD
2018-08-06,181.13999938964844,172.1479949951172,0.0,0.0,QQQ
2018-08-06,284.6400146484375,252.01400756835938,0.0,0.0,SPY
2018-08-06,119.29000091552734,94.17837524414062,0.0,0.0,TLT
2018-08-07,114.58999633789062,114.58999633789062,0.0,0.0,GLD
2018-08-07,181.8000030517578,172.77525329589844,0.0,0.0,QQQ
2018-08-07,285.5799865722656,252.84622192382812,0.0,0.0,SPY
2018-08-07,118.66999816894531,93.68885040283203,0.0,0.0,TLT
2018-08-08,114.91000366210938,114.91000366210938,0.0,0.0,GLD
2018-08-08,182.02000427246094,172.9843292236328,0.0,0.0,QQQ
2018-08-08,285.4599914550781,252.7400360107422,0.0,0.0,SPY
2018-08-08,118.79000091552734,93.7835922241211,0.0,0.0,TLT
2018-08-09,114.73999786376953,114.73999786376953,0.0,0.0,GLD
2018-08-09,181.91000366210938,172.8798065185547,0.0,0.0,QQQ
2018-08-09,285.07000732421875,252.39479064941406,0.0,0.0,SPY
2018-08-09,119.79000091552734,94.5730972290039,0.0,0.0,TLT
2018-08-10,114.69000244140625,114.69000244140625,0.0,0.0,GLD
2018-08-10,180.52000427246094,171.55880737304688,0.0,0.0,QQQ
2018-08-10,283.1600036621094,250.70367431640625,0.0,0.0,SPY
2018-08-10,120.66000366210938,95.25991821289062,0.0,0.0,TLT
2018-08-13,112.95999908447266,112.95999908447266,0.0,0.0,GLD
2018-08-13,180.32000732421875,171.3686981201172,0.0,0.0,QQQ
2018-08-13,282.1000061035156,249.7651824951172,0.0,0.0,SPY
2018-08-13,120.41000366210938,95.06254577636719,0.0,0.0,TLT
2018-08-14,113.06999969482422,113.06999969482422,0.0,0.0,GLD
2018-08-14,181.4499969482422,172.442626953125,0.0,0.0,QQQ
2018-08-14,283.8999938964844,251.35874938964844,0.0,0.0,SPY
2018-08-14,120.13999938964844,94.84941864013672,0.0,0.0,TLT
2018-08-15,111.19000244140625,111.19000244140625,0.0,0.0,GLD
2018-08-15,179.22999572753906,170.33282470703125,0.0,0.0,QQQ
2018-08-15,281.7799987792969,249.48178100585938,0.0,0.0,SPY
2018-08-15,120.83999633789062,95.40204620361328,0.0,0.0,TLT
2018-08-16,111.0999984741211,111.0999984741211,0.0,0.0,GLD
2018-08-16,179.82000732421875,170.89356994628906,0.0,0.0,QQQ
2018-08-16,284.05999755859375,251.5004119873047,0.0,0.0,SPY
2018-08-16,120.83000183105469,95.3941650390625,0.0,0.0,TLT
2018-08-17,112.12999725341797,112.12999725341797,0.0,0.0,GLD
2018-08-17,179.86000061035156,170.9315643310547,0.0,0.0,QQQ
2018-08-17,285.05999755859375,252.38584899902344,0.0,0.0,SPY
2018-08-17,120.9800033569336,95.51256561279297,0.0,0.0,TLT
2018-08-20,112.69000244140625,112.69000244140625,0.0,0.0,GLD
2018-08-20,179.6999969482422,170.77951049804688,0.0,0.0,QQQ
2018-08-20,285.6700134277344,252.9259796142578,0.0,0.0,SPY
2018-08-20,121.79000091552734,96.15204620361328,0.0,0.0,TLT
2018-08-21,113.0199966430664,113.0199966430664,0.0,0.0,GLD
2018-08-21,180.36000061035156,171.40675354003906,0.0,0.0,QQQ
2018-08-21,286.3399963378906,253.5191192626953,0.0,0.0,SPY
2018-08-21,121.37999725341797,95.82836151123047,0.0,0.0,TLT
2018-08-22,113.2699966430664,113.2699966430664,0.0,0.0,GLD
2018-08-22,181.05999755859375,172.0719757080078,0.0,0.0,QQQ
2018-08-22,286.1700134277344,253.36868286132812,0.0,0.0,SPY
2018-08-22,121.86000061035156,96.20731353759766,0.0,0.0,TLT
2018-08-23,112.19999694824219,112.19999694824219,0.0,0.0,GLD
2018-08-23,180.8000030517578,171.82493591308594,0.0,0.0,QQQ
2018-08-23,285.7900085449219,253.03221130371094,0.0,0.0,SPY
2018-08-23,122.05000305175781,96.35733032226562,0.0,0.0,TLT
2018-08-24,114.16000366210938,114.16000366210938,0.0,0.0,GLD
2018-08-24,182.47999572753906,173.42144775390625,0.0,0.0,QQQ
2018-08-24,287.510009765625,254.5550079345703,0.0,0.0,SPY
2018-08-24,122.29000091552734,96.54682159423828,0.0,0.0,TLT
2018-08-27,114.58999633789062,114.58999633789062,0.0,0.0,GLD
2018-08-27,184.33999633789062,175.1891326904297,0.0,0.0,QQQ
2018-08-27,289.7799987792969,256.5648498535156,0.0,0.0,SPY
2018-08-27,121.58999633789062,95.99420928955078,0.0,0.0,TLT
2018-08-28,113.68000030517578,113.68000030517578,0.0,0.0,GLD
2018-08-28,184.61000061035156,175.4457550048828,0.0,0.0,QQQ
2018-08-28,289.9200134277344,256.6887512207031,0.0,0.0,SPY
2018-08-28,120.86000061035156,95.41780853271484,0.0,0.0,TLT
2018-08-29,114.19999694824219,114.19999694824219,0.0,0.0,GLD
2018-08-29,186.74000549316406,177.47006225585938,0.0,0.0,QQQ
2018-08-29,291.4800109863281,258.07000732421875,0.0,0.0,SPY
2018-08-29,121.0199966430664,95.54414367675781,0.0,0.0,TLT
2018-08-30,113.63999938964844,113.63999938964844,0.0,0.0,GLD
2018-08-30,186.41000366210938,177.1564178466797,0.0,0.0,QQQ
2018-08-30,290.29998779296875,257.0252380371094,0.0,0.0,SPY
2018-08-30,121.27999877929688,95.74939727783203,0.0,0.0,TLT
2018-08-31,113.51000213623047,113.51000213623047,0.0,0.0,GLD
2018-08-31,186.64999389648438,177.38453674316406,0.0,0.0,QQQ
2018-08-31,290.30999755859375,257.03411865234375,0.0,0.0,SPY
2018-08-31,121.0,95.52838897705078,0.0,0.0,TLT
2018-09-04,112.93000030517578,112.93000030517578,0.0,0.0,GLD
2018-09-04,185.85000610351562,176.62423706054688,0.0,0.0,QQQ
2018-09-04,289.80999755859375,256.5914611816406,0.0,0.0,SPY
2018-09-04,120.02999877929688,94.97602844238281,0.272,0.0,TLT
2018-09-05,113.31999969482422,113.31999969482422,0.0,0.0,GLD
2018-09-05,183.4499969482422,174.34332275390625,0.0,0.0,QQQ
2018-09-05,289.0299987792969,255.90077209472656,0.0,0.0,SPY
2018-09-05,119.70999908447266,94.72280883789062,0.0,0.0,TLT
2018-09-06,113.54000091552734,113.54000091552734,0.0,0.0,GLD
2018-09-06,181.80999755859375,172.78472900390625,0.0,0.0,QQQ
2018-09-06,288.1600036621094,255.13052368164062,0.0,0.0,SPY
2018-09-06,120.1500015258789,95.0710220336914,0.0,0.0,TLT
2018-09-07,113.2300033569336,113.2300033569336,0.0,0.0,GLD
2018-09-07,181.11000061035156,172.11947631835938,0.0,0.0,QQQ
2018-09-07,287.6000061035156,254.63473510742188,0.0,0.0,SPY
2018-09-07,119.12999725341797,94.2639389038086,0.0,0.0,TLT
2018-09-10,113.1500015258789,113.1500015258789,0.0,0.0,GLD
2018-09-10,181.72000122070312,172.69918823242188,0.0,0.0,QQQ
2018-09-10,288.1000061035156,255.07745361328125,0.0,0.0,SPY
2018-09-10,119.56999969482422,94.61207580566406,0.0,0.0,TLT
2018-09-11,113.22000122070312,113.22000122070312,0.0,0.0,GLD
2018-09-11,183.1199951171875,174.02969360351562,0.0,0.0,QQQ
2018-09-11,289.04998779296875,255.91860961914062,0.0,0.0,SPY
2018-09-11,118.66000366210938,93.89201354980469,0.0,0.0,TLT
2018-09-12,114.16999816894531,114.16999816894531,0.0,0.0,GLD
2018-09-12,182.5800018310547,173.51654052734375,0.0,0.0,QQQ
2018-09-12,289.1199951171875,255.98049926757812,0.0,0.0,SPY
2018-09-12,118.94000244140625,94.11359405517578,0.0,0.0,TLT
2018-09-13,113.76000213623047,113.76000213623047,0.0,0.0,GLD
2018-09-13,184.52999877929688,175.36972045898438,0.0,0.0,QQQ
2018-09-13,290.8299865722656,257.4945373535156,0.0,0.0,SPY
2018-09-13,119.12000274658203,94.25602722167969,0.0,0.0,TLT
2018-09-14,113.0199966430664,113.0199966430664,0.0,0.0,GLD
2018-09-14,183.99000549316406,174.8564910888672,0.0,0.0,QQQ
2018-09-14,290.8800048828125,257.5387878417969,0.0,0.0,SPY
2018-09-14,118.55000305175781,93.8050308227539,0.0,0.0,TLT
2018-09-17,113.61000061035156,113.61000061035156,0.0,0.0,GLD
2018-09-17,181.33999633789062,172.33807373046875,0.0,0.0,QQQ
2018-09-17,289.3399963378906,256.17529296875,0.0,0.0,SPY
2018-09-17,118.55000305175781,93.8050308227539,0.0,0.0,TLT
2018-09-18,113.44000244140625,113.44000244140625,0.0,0.0,GLD
2018-09-18,182.83999633789062,173.76361083984375,0.0,0.0,QQQ
2018-09-18,290.9100036621094,257.5653991699219,0.0,0.0,SPY
2018-09-18,117.30999755859375,92.82380676269531,0.0,0.0,TLT
2018-09-19,113.87999725341797,113.87999725341797,0.0,0.0,GLD
2018-09-19,182.6999969482422,173.6305694580078,0.0,0.0,QQQ
2018-09-19,291.2200012207031,257.83984375,0.0,0.0,SPY
2018-09-19,116.61000061035156,92.2698974609375,0.0,0.0,TLT
2018-09-20,114.2699966430664,114.2699966430664,0.0,0.0,GLD
2018-09-20,184.72000122070312,175.55026245117188,0.0,0.0,QQQ
2018-09-20,293.5799865722656,259.92926025390625,0.0,0.0,SPY
2018-09-20,117.1500015258789,92.69717407226562,0.0,0.0,TLT
2018-09-21,113.48999786376953,113.48999786376953,0.0,0.0,GLD
2018-09-21,183.7100067138672,174.59043884277344,0.0,0.0,QQQ
2018-09-21,291.989990234375,259.69183349609375,1.323,0.0,SPY
2018-09-21,117.0999984741211,92.65765380859375,0.0,0.0,TLT
2018-09-24,113.47000122070312,113.47000122070312,0.0,0.0,GLD
2018-09-24,183.88999938964844,175.07598876953125,0.33,0.0,QQQ
2018-09-24,291.0199890136719,258.8291320800781,0.0,0.0,SPY
2018-09-24,116.80000305175781,92.4202651977539,0.0,0.0,TLT
2018-09-25,113.6500015258789,113.6500015258789,0.0,0.0,GLD
2018-09-25,184.13999938964844,175.31398010253906,0.0,0.0,QQQ
2018-09-25,290.75,258.5889892578125,0.0,0.0,SPY
2018-09-25,116.68000030517578,92.32527160644531,0.0,0.0,TLT
2018-09-26,113.05000305175781,113.05000305175781,0.0,0.0,GLD
2018-09-26,184.27000427246094,175.43772888183594,0.0,0.0,QQQ
2018-09-26,289.8800048828125,257.8153076171875,0.0,0.0,SPY
2018-09-26,117.5,92.9741439819336,0.0,0.0,TLT
2018-09-27,112.05000305175781,112.05000305175781,0.0,0.0,GLD
2018-09-27,185.8300018310547,176.92298889160156,0.0,0.0,QQQ
2018-09-27,290.69000244140625,258.5356140136719,0.0,0.0,SPY
2018-09-27,117.58000183105469,93.03741455078125,0.0,0.0,TLT
2018-09-28,112.76000213623047,112.76000213623047,0.0,0.0,GLD
2018-09-28,185.7899932861328,176.88490295410156,0.0,0.0,QQQ
2018-09-28,290.7200012207031,258.56231689453125,0.0,0.0,SPY
2018-09-28,117.2699966430664,92.79215240478516,0.0,0.0,TLT
2018-10-01,112.56999969482422,112.56999969482422,0.0,0.0,GLD
2018-10-01,186.1699981689453,177.2467041015625,0.0,0.0,QQQ
2018-10-01,291.7300109863281,259.4605712890625,0.0,0.0,SPY
2018-10-01,116.1500015258789,92.11092376708984,0.261,0.0,TLT
2018-10-02,113.87000274658203,113.87000274658203,0.0,0.0,GLD
2018-10-02,185.75,176.8468017578125,0.0,0.0,QQQ
2018-10-02,291.55999755859375,259.3094177246094,0.0,0.0,SPY
2018-10-02,116.86000061035156,92.67398834228516,0.0,0.0,TLT
2018-10-03,113.41999816894531,113.41999816894531,0.0,0.0,GLD
2018-10-03,185.9499969482422,177.03726196289062,0.0,0.0,QQQ
2018-10-03,291.7200012207031,259.4516906738281,0.0,0.0,SPY
2018-10-03,114.83000183105469,91.06414031982422,0.0,0.0,TLT
2018-10-04,113.4800033569336,113.4800033569336,0.0,0.0,GLD
2018-10-04,182.3800048828125,173.6383056640625,0.0,0.0,QQQ
2018-10-04,289.44000244140625,257.4239196777344,0.0,0.0,SPY
2018-10-04,114.0199966430664,90.42176818847656,0.0,0.0,TLT
2018-10-05,113.80000305175781,113.80000305175781,0.0,0.0,GLD
2018-10-05,180.14999389648438,171.51524353027344,0.0,0.0,QQQ
2018-10-05,287.82000732421875,255.9831085205078,0.0,0.0,SPY
2018-10-05,113.04000091552734,89.64456176757812,0.0,0.0,TLT
2018-10-08,112.54000091552734,112.54000091552734,0.0,0.0,GLD
2018-10-08,179.0500030517578,170.4679412841797,0.0,0.0,QQQ
2018-10-08,287.82000732421875,255.9831085205078,0.0,0.0,SPY
2018-10-08,112.66000366210938,89.3432846069336,0.0,0.0,TLT
2018-10-09,112.5999984741211,112.5999984741211,0.0,0.0,GLD
2018-10-09,179.6300048828125,171.02017211914062,0.0,0.0,QQQ
2018-10-09,287.3999938964844,255.60955810546875,0.0,0.0,SPY
2018-10-09,113.80000305175781,90.2472915649414,0.0,0.0,TLT
2018-10-10,112.87999725341797,112.87999725341797,0.0,0.0,GLD
2018-10-10,171.72999572753906,163.49887084960938,0.0,0.0,QQQ
2018-10-10,278.29998779296875,247.51614379882812,0.0,0.0,SPY
2018-10-10,113.48999786376953,90.0014877319336,0.0,0.0,TLT
2018-10-11,115.77999877929688,115.77999877929688,0.0,0.0,GLD
2018-10-11,169.60000610351562,161.47093200683594,0.0,0.0,QQQ
2018-10-11,272.1700134277344,242.064208984375,0.0,0.0,SPY
2018-10-11,114.87000274658203,91.0958480834961,0.0,0.0,TLT
2018-10-12,115.2300033569336,115.2300033569336,0.0,0.0,GLD
2018-10-12,174.32000732421875,165.9646759033203,0.0,0.0,QQQ
2018-10-12,275.95001220703125,245.42604064941406,0.0,0.0,SPY
2018-10-12,114.47000122070312,90.77864837646484,0.0,0.0,TLT
2018-10-15,116.0,116.0,0.0,0.0,GLD
2018-10-15,172.2100067138672,163.955810546875,0.0,0.0,QQQ
2018-10-15,274.3999938964844,244.04750061035156,0.0,0.0,SPY
2018-10-15,114.41999816894531,90.73898315429688,0.0,0.0,TLT
2018-10-16,115.80000305175781,115.80000305175781,0.0,0.0,GLD
2018-10-16,177.22000122070312,168.72567749023438,0.0,0.0,QQQ
2018-10-16,280.3999938964844,249.38389587402344,0.0,0.0,SPY
2018-10-16,114.68000030517578,90.94517517089844,0.0,0.0,TLT
2018-10-17,115.79000091552734,115.79000091552734,0.0,0.0,GLD
2018-10-17,177.2899932861328,168.7923126220703,0.0,0.0,QQQ
2018-10-17,280.45001220703125,249.42828369140625,0.0,0.0,SPY
2018-10-17,114.0,90.40596008300781,0.0,0.0,TLT
2018-10-18,115.91999816894531,115.91999816894531,0.0,0.0,GLD
2018-10-18,173.17999267578125,164.8793487548828,0.0,0.0,QQQ
2018-10-18,276.3999938964844,245.82632446289062,0.0,0.0,SPY
2018-10-18,113.95999908447266,90.37419128417969,0.0,0.0,TLT
2018-10-19,116.01000213623047,116.01000213623047,0.0,0.0,GLD
2018-10-19,173.02000427246094,164.7270050048828,0.0,0.0,QQQ
2018-10-19,276.25,245.6929168701172,0.0,0.0,SPY
2018-10-19,113.70999908447266,90.17594909667969,0.0,0.0,TLT
2018-10-22,115.70999908447266,115.70999908447266,0.0,0.0,GLD
2018-10-22,173.91000366210938,165.57437133789062,0.0,0.0,QQQ
2018-10-22,275.010009765625,244.59005737304688,0.0,0.0,SPY
2018-10-22,113.55999755859375,90.05697631835938,0.0,0.0,TLT
2018-10-23,116.38999938964844,116.38999938964844,0.0,0.0,GLD
2018-10-23,173.27000427246094,164.96499633789062,0.0,0.0,QQQ
2018-10-23,273.6099853515625,243.3448486328125,0.0,0.0,SPY
2018-10-23,113.91999816894531,90.34246063232422,0.0,0.0,TLT
2018-10-24,116.66000366210938,116.66000366210938,0.0,0.0,GLD
2018-10-24,165.33999633789062,157.41513061523438,0.0,0.0,QQQ
2018-10-24,265.32000732421875,235.97195434570312,0.0,0.0,SPY
2018-10-24,114.77999877929688,91.02449798583984,0.0,0.0,TLT
2018-10-25,116.4000015258789,116.4000015258789,0.0,0.0,GLD
2018-10-25,171.05999755859375,162.86094665527344,0.0,0.0,QQQ
2018-10-25,270.0799865722656,240.20538330078125,0.0,0.0,SPY
2018-10-25,114.30000305175781,90.64385986328125,0.0,0.0,TLT
2018-10-26,116.7699966430664,116.7699966430664,0.0,0.0,GLD
2018-10-26,166.66000366210938,158.67181396484375,0.0,0.0,QQQ
2018-10-26,265.3299865722656,235.9807891845703,0.0,0.0,SPY
2018-10-26,114.98999786376953,91.1910400390625,0.0,0.0,TLT
2018-10-29,116.30999755859375,116.30999755859375,0.0,0.0,GLD
2018-10-29,163.22999572753906,155.40625,0.0,0.0,QQQ
2018-10-29,263.8599853515625,234.6734161376953,0.0,0.0,SPY
2018-10-29,114.7300033569336,90.98479461669922,0.0,0.0,TLT
2018-10-30,115.80000305175781,115.80000305175781,0.0,0.0,GLD
2018-10-30,165.9199981689453,157.96731567382812,0.0,0.0,QQQ
2018-10-30,267.7699890136719,238.1509246826172,0.0,0.0,SPY
2018-10-30,114.16000366210938,90.53280639648438,0.0,0.0,TLT
2018-10-31,115.1500015258789,115.1500015258789,0.0,0.0,GLD
2018-10-31,169.82000732421875,161.68038940429688,0.0,0.0,QQQ
2018-10-31,270.6300048828125,240.6945343017578,0.0,0.0,SPY
2018-10-31,113.58000183105469,90.0728759765625,0.0,0.0,TLT
2018-11-01,116.62999725341797,116.62999725341797,0.0,0.0,GLD
2018-11-01,172.05999755859375,163.81301879882812,0.0,0.0,QQQ
2018-11-01,273.510009765625,243.2559814453125,0.0,0.0,SPY
2018-11-01,113.41000366210938,90.15631103515625,0.275,0.0,TLT
2018-11-02,116.6500015258789,116.6500015258789,0.0,0.0,GLD
2018-11-02,169.3800048828125,161.26148986816406,0.0,0.0,QQQ
2018-11-02,271.8900146484375,241.81517028808594,0.0,0.0,SPY
2018-11-02,112.0,89.035400390625,0.0,0.0,TLT
2018-11-05,116.37000274658203,116.37000274658203,0.0,0.0,GLD
2018-11-05,168.9600067138672,160.8616180419922,0.0,0.0,QQQ
2018-11-05,273.3900146484375,243.14918518066406,0.0,0.0,SPY
2018-11-05,112.44000244140625,89.38520812988281,0.0,0.0,TLT
2018-11-06,116.04000091552734,116.04000091552734,0.0,0.0,GLD
2018-11-06,170.24000549316406,162.08021545410156,0.0,0.0,QQQ
2018-11-06,275.1199951171875,244.68788146972656,0.0,0.0,SPY
2018-11-06,112.37000274658203,89.32951354980469,0.0,0.0,TLT
2018-11-07,116.02999877929688,116.02999877929688,0.0,0.0,GLD
2018-11-07,175.5800018310547,167.16432189941406,0.0,0.0,QQQ
2018-11-07,281.010009765625,249.92648315429688,0.0,0.0,SPY
2018-11-07,112.5199966430664,89.44881439208984,0.0,0.0,TLT
2018-11-08,115.77999877929688,115.77999877929688,0.0,0.0,GLD
2018-11-08,174.4600067138672,166.0980224609375,0.0,0.0,QQQ
2018-11-08,280.5,249.4727783203125,0.0,0.0,SPY
2018-11-08,112.51000213623047,89.44083404541016,0.0,0.0,TLT
2018-11-09,114.4800033569336,114.4800033569336,0.0,0.0,GLD
2018-11-09,171.52000427246094,163.2988739013672,0.0,0.0,QQQ
2018-11-09,277.760009765625,247.03590393066406,0.0,0.0,SPY
2018-11-09,113.3499984741211,90.1086196899414,0.0,0.0,TLT
2018-11-12,113.66000366210938,113.66000366210938,0.0,0.0,GLD
2018-11-12,166.3300018310547,158.35768127441406,0.0,0.0,QQQ
2018-11-12,272.57000732421875,242.419921875,0.0,0.0,SPY
2018-11-12,114.08999633789062,90.69689178466797,0.0,0.0,TLT
2018-11-13,113.69999694824219,113.69999694824219,0.0,0.0,GLD
2018-11-13,166.47000122070312,158.49093627929688,0.0,0.0,QQQ
2018-11-13,272.05999755859375,241.96640014648438,0.0,0.0,SPY
2018-11-13,114.0199966430664,90.64122009277344,0.0,0.0,TLT
2018-11-14,114.63999938964844,114.63999938964844,0.0,0.0,GLD
2018-11-14,165.1999969482422,157.2818145751953,0.0,0.0,QQQ
2018-11-14,270.20001220703125,240.31216430664062,0.0,0.0,SPY
2018-11-14,114.08999633789062,90.69689178466797,0.0,0.0,TLT
2018-11-15,114.7699966430664,114.7699966430664,0.0,0.0,GLD
2018-11-15,168.08999633789062,160.03326416015625,0.0,0.0,QQQ
2018-11-15,273.0199890136719,242.8201904296875,0.0,0.0,SPY
2018-11-15,114.04000091552734,90.65711975097656,0.0,0.0,TLT
2018-11-16,115.62000274658203,115.62000274658203,0.0,0.0,GLD
2018-11-16,167.5,159.4716033935547,0.0,0.0,QQQ
2018-11-16,273.7300109863281,243.45156860351562,0.0,0.0,SPY
2018-11-16,114.69999694824219,91.18177795410156,0.0,0.0,TLT
2018-11-19,115.66999816894531,115.66999816894531,0.0,0.0,GLD
2018-11-19,162.05999755859375,154.29234313964844,0.0,0.0,QQQ
2018-11-19,269.1000061035156,239.3337860107422,0.0,0.0,SPY
2018-11-19,115.0199966430664,91.43619537353516,0.0,0.0,TLT
2018-11-20,115.66999816894531,115.66999816894531,0.0,0.0,GLD
2018-11-20,159.16000366210938,151.5313262939453,0.0,0.0,QQQ
2018-11-20,264.1199951171875,234.90467834472656,0.0,0.0,SPY
2018-11-20,115.05999755859375,91.46800994873047,0.0,0.0,TLT
2018-11-21,115.86000061035156,115.86000061035156,0.0,0.0,GLD
2018-11-21,160.3699951171875,152.68333435058594,0.0,0.0,QQQ
2018-11-21,265.0199890136719,235.70501708984375,0.0,0.0,SPY
2018-11-21,115.0199966430664,91.43619537353516,0.0,0.0,TLT
2018-11-23,115.7699966430664,115.7699966430664,0.0,0.0,GLD
2018-11-23,159.2100067138672,151.5789337158203,0.0,0.0,QQQ
2018-11-23,263.25,234.130859375,0.0,0.0,SPY
2018-11-23,115.13999938964844,91.53157806396484,0.0,0.0,TLT
2018-11-26,115.63999938964844,115.63999938964844,0.0,0.0,GLD
2018-11-26,162.88999938964844,155.08250427246094,0.0,0.0,QQQ
2018-11-26,267.5,237.9108123779297,0.0,0.0,SPY
2018-11-26,114.87999725341797,91.32491302490234,0.0,0.0,TLT
2018-11-27,114.94999694824219,114.94999694824219,0.0,0.0,GLD
2018-11-27,163.44000244140625,155.60614013671875,0.0,0.0,QQQ
2018-11-27,268.3999938964844,238.71119689941406,0.0,0.0,SPY
2018-11-27,115.01000213623047,91.42826080322266,0.0,0.0,TLT
2018-11-28,115.37999725341797,115.37999725341797,0.0,0.0,GLD
2018-11-28,168.6999969482422,160.61404418945312,0.0,0.0,QQQ
2018-11-28,274.5799865722656,244.2076416015625,0.0,0.0,SPY
2018-11-28,114.44999694824219,90.98306274414062,0.0,0.0,TLT
2018-11-29,115.73999786376953,115.73999786376953,0.0,0.0,GLD
2018-11-29,168.14999389648438,160.09042358398438,0.0,0.0,QQQ
2018-11-29,273.9800109863281,243.6739959716797,0.0,0.0,SPY
2018-11-29,114.9000015258789,91.34076690673828,0.0,0.0,TLT
2018-11-30,115.54000091552734,115.54000091552734,0.0,0.0,GLD
2018-11-30,169.3699951171875,161.25196838378906,0.0,0.0,QQQ
2018-11-30,275.6499938964844,245.15919494628906,0.0,0.0,SPY
2018-11-30,115.33000183105469,91.68263244628906,0.0,0.0,TLT
2018-12-03,116.41000366210938,116.41000366210938,0.0,0.0,GLD
2018-12-03,172.3300018310547,164.07005310058594,0.0,0.0,QQQ
2018-12-03,279.29998779296875,248.4054718017578,0.0,0.0,SPY
2018-12-03,115.87999725341797,92.3336181640625,0.267,0.0,TLT
2018-12-04,117.12000274658203,117.12000274658203,0.0,0.0,GLD
2018-12-04,165.72000122070312,157.77688598632812,0.0,0.0,QQQ
2018-12-04,270.25,240.35659790039062,0.0,0.0,SPY
2018-12-04,117.81999969482422,93.87943267822266,0.0,0.0,TLT
2018-12-06,117.13999938964844,117.13999938964844,0.0,0.0,GLD
2018-12-06,166.88999938964844,158.89083862304688,0.0,0.0,QQQ
2018-12-06,269.8399963378906,239.9918975830078,0.0,0.0,SPY
2018-12-06,118.19000244140625,94.17424774169922,0.0,0.0,TLT
2018-12-07,118.08999633789062,118.08999633789062,0.0,0.0,GLD
2018-12-07,161.3800048828125,153.6448974609375,0.0,0.0,QQQ
2018-12-07,263.57000732421875,234.41546630859375,0.0,0.0,SPY
2018-12-07,118.41000366210938,94.34954071044922,0.0,0.0,TLT
2018-12-10,117.68000030517578,117.68000030517578,0.0,0.0,GLD
2018-12-10,163.07000732421875,155.25393676757812,0.0,0.0,QQQ
2018-12-10,264.07000732421875,234.8601837158203,0.0,0.0,SPY
2018-12-10,118.9000015258789,94.739990234375,0.0,0.0,TLT
2018-12-11,117.54000091552734,117.54000091552734,0.0,0.0,GLD
2018-12-11,163.61000061035156,155.76803588867188,0.0,0.0,QQQ
2018-12-11,264.1300048828125,234.91354370117188,0.0,0.0,SPY
2018-12-11,118.87999725341797,94.72402954101562,0.0,0.0,TLT
2018-12-12,117.79000091552734,117.79000091552734,0.0,0.0,GLD
2018-12-12,165.0500030517578,157.1389617919922,0.0,0.0,QQQ
2018-12-12,265.4599914550781,236.09642028808594,0.0,0.0,SPY
2018-12-12,118.3499984741211,94.30175018310547,0.0,0.0,TLT
2018-12-13,117.52999877929688,117.52999877929688,0.0,0.0,GLD
2018-12-13,165.10000610351562,157.18658447265625,0.0,0.0,QQQ
2018-12-13,265.3699951171875,236.0164337158203,0.0,0.0,SPY
2018-12-13,118.06999969482422,94.07862091064453,0.0,0.0,TLT
2018-12-14,117.05999755859375,117.05999755859375,0.0,0.0,GLD
2018-12-14,161.0800018310547,153.3592987060547,0.0,0.0,QQQ
2018-12-14,260.4700012207031,231.6584014892578,0.0,0.0,SPY
2018-12-14,118.4800033569336,94.40534210205078,0.0,0.0,TLT
2018-12-17,117.87000274658203,117.87000274658203,0.0,0.0,GLD
2018-12-17,157.42999267578125,149.8842315673828,0.0,0.0,QQQ
2018-12-17,255.36000061035156,227.11361694335938,0.0,0.0,SPY
2018-12-17,119.16999816894531,94.95508575439453,0.0,0.0,TLT
2018-12-18,118.1500015258789,118.1500015258789,0.0,0.0,GLD
2018-12-18,158.4199981689453,150.82676696777344,0.0,0.0,QQQ
2018-12-18,255.0800018310547,226.86456298828125,0.0,0.0,SPY
2018-12-18,119.5999984741211,95.52379608154297,0.282,0.0,TLT
2018-12-19,117.43000030517578,117.43000030517578,0.0,0.0,GLD
2018-12-19,154.52999877929688,147.12322998046875,0.0,0.0,QQQ
2018-12-19,251.25999450683594,223.4671173095703,0.0,0.0,SPY
2018-12-19,121.18000030517578,96.78569793701172,0.0,0.0,TLT
2018-12-20,119.23999786376953,119.23999786376953,0.0,0.0,GLD
2018-12-20,152.2899932861328,144.99061584472656,0.0,0.0,QQQ
2018-12-20,247.1699981689453,219.8295440673828,0.0,0.0,SPY
2018-12-20,120.73999786376953,96.43428802490234,0.0,0.0,TLT
2018-12-21,118.72000122070312,118.72000122070312,0.0,0.0,GLD
2018-12-21,147.57000732421875,140.49681091308594,0.0,0.0,QQQ
2018-12-21,240.6999969482422,215.32534790039062,1.435,0.0,SPY
2018-12-21,120.72000122070312,96.4183120727539,0.0,0.0,TLT
2018-12-24,120.0199966430664,120.0199966430664,0.0,0.0,GLD
2018-12-24,143.5,137.0128173828125,0.421,0.0,QQQ
2018-12-24,234.33999633789062,209.63580322265625,0.0,0.0,SPY
2018-12-24,121.31999969482422,96.89752960205078,0.0,0.0,TLT
2018-12-26,119.66000366210938,119.66000366210938,0.0,0.0,GLD
2018-12-26,152.4600067138672,145.56771850585938,0.0,0.0,QQQ
2018-12-26,246.17999267578125,220.22764587402344,0.0,0.0,SPY
2018-12-26,120.0199966430664,95.85919952392578,0.0,0.0,TLT
2018-12-27,120.56999969482422,120.56999969482422,0.0,0.0,GLD
2018-12-27,153.0500030517578,146.13101196289062,0.0,0.0,QQQ
2018-12-27,248.07000732421875,221.9184112548828,0.0,0.0,SPY
2018-12-27,120.04000091552734,95.8752212524414,0.0,0.0,TLT
2018-12-28,121.05999755859375,121.05999755859375,0.0,0.0,GLD
2018-12-28,152.97000122070312,146.05467224121094,0.0,0.0,QQQ
2018-12-28,247.75,221.63211059570312,0.0,0.0,SPY
2018-12-28,121.05000305175781,96.681884765625,0.0,0.0,TLT
2018-12-31,121.25,121.25,0.0,0.0,GLD
2018-12-31,154.25999450683594,147.28636169433594,0.0,0.0,QQQ
2018-12-31,249.9199981689453,223.5733642578125,0.0,0.0,SPY
2018-12-31,121.51000213623047,97.04927062988281,0.0,0.0,TLT
2019-01-02,121.33000183105469,121.33000183105469,0.0,0.0,GLD
2019-01-02,154.8800048828125,147.87832641601562,0.0,0.0,QQQ
2019-01-02,250.17999267578125,223.8059539794922,0.0,0.0,SPY
2019-01-02,122.1500015258789,97.56046295166016,0.0,0.0,TLT
2019-01-03,122.43000030517578,122.43000030517578,0.0,0.0,GLD
2019-01-03,149.82000732421875,143.04708862304688,0.0,0.0,QQQ
2019-01-03,244.2100067138672,218.46531677246094,0.0,0.0,SPY
2019-01-03,123.54000091552734,98.67064666748047,0.0,0.0,TLT
2019-01-04,121.44000244140625,121.44000244140625,0.0,0.0,GLD
2019-01-04,156.22999572753906,149.16732788085938,0.0,0.0,QQQ
2019-01-04,252.38999938964844,225.78298950195312,0.0,0.0,SPY
2019-01-04,122.11000061035156,97.52848052978516,0.0,0.0,TLT
2019-01-07,121.86000061035156,121.86000061035156,0.0,0.0,GLD
2019-01-07,158.08999633789062,150.94325256347656,0.0,0.0,QQQ
2019-01-07,254.3800048828125,227.56321716308594,0.0,0.0,SPY
2019-01-07,121.75,97.24095916748047,0.0,0.0,TLT
2019-01-08,121.52999877929688,121.52999877929688,0.0,0.0,GLD
2019-01-08,159.52000427246094,152.30856323242188,0.0,0.0,QQQ
2019-01-08,256.7699890136719,229.701171875,0.0,0.0,SPY
2019-01-08,121.43000030517578,96.98538208007812,0.0,0.0,TLT
2019-01-09,122.30999755859375,122.30999755859375,0.0,0.0,GLD
2019-01-09,160.82000732421875,153.5498046875,0.0,0.0,QQQ
2019-01-09,257.9700012207031,230.77476501464844,0.0,0.0,SPY
2019-01-09,121.23999786376953,96.83362579345703,0.0,0.0,TLT
2019-01-10,121.58999633789062,121.58999633789062,0.0,0.0,GLD
2019-01-10,161.27999877929688,153.989013671875,0.0,0.0,QQQ
2019-01-10,258.8800048828125,231.58880615234375,0.0,0.0,SPY
2019-01-10,120.45999908447266,96.21065521240234,0.0,0.0,TLT
2019-01-11,121.80000305175781,121.80000305175781,0.0,0.0,GLD
2019-01-11,160.69000244140625,153.4256591796875,0.0,0.0,QQQ
2019-01-11,258.9800109863281,231.67825317382812,0.0,0.0,SPY
2019-01-11,120.93000030517578,96.58604431152344,0.0,0.0,TLT
2019-01-14,122.08999633789062,122.08999633789062,0.0,0.0,GLD
2019-01-14,159.27000427246094,152.06988525390625,0.0,0.0,QQQ
2019-01-14,257.3999938964844,230.26480102539062,0.0,0.0,SPY
2019-01-14,120.4800033569336,96.22665405273438,0.0,0.0,TLT
2019-01-15,121.87999725341797,121.87999725341797,0.0,0.0,GLD
2019-01-15,162.3800048828125,155.03929138183594,0.0,0.0,QQQ
2019-01-15,260.3500061035156,232.90386962890625,0.0,0.0,SPY
2019-01-15,120.04000091552734,95.8752212524414,0.0,0.0,TLT
2019-01-16,122.2699966430664,122.2699966430664,0.0,0.0,GLD
2019-01-16,162.35000610351562,155.0106658935547,0.0,0.0,QQQ
2019-01-16,260.9800109863281,233.46743774414062,0.0,0.0,SPY
2019-01-16,120.16000366210938,95.97103118896484,0.0,0.0,TLT
2019-01-17,122.11000061035156,122.11000061035156,0.0,0.0,GLD
2019-01-17,163.6300048828125,156.23280334472656,0.0,0.0,QQQ
2019-01-17,262.9599914550781,235.2386932373047,0.0,0.0,SPY
2019-01-17,120.19000244140625,95.9950180053711,0.0,0.0,TLT
2019-01-18,121.0199966430664,121.0199966430664,0.0,0.0,GLD
2019-01-18,165.25,157.77952575683594,0.0,0.0,QQQ
2019-01-18,266.4599914550781,238.36968994140625,0.0,0.0,SPY
2019-01-18,119.55999755859375,95.4918441772461,0.0,0.0,TLT
2019-01-22,121.44999694824219,121.44999694824219,0.0,0.0,GLD
2019-01-22,161.94000244140625,154.61917114257812,0.0,0.0,QQQ
2019-01-22,262.8599853515625,235.1492156982422,0.0,0.0,SPY
2019-01-22,120.37000274658203,96.13876342773438,0.0,0.0,TLT
2019-01-23,121.27999877929688,121.27999877929688,0.0,0.0,GLD
2019-01-23,162.14999389648438,154.8197021484375,0.0,0.0,QQQ
2019-01-23,263.4100036621094,235.6412353515625,0.0,0.0,SPY
2019-01-23,120.31999969482422,96.09883880615234,0.0,0.0,TLT
2019-01-24,121.08999633789062,121.08999633789062,0.0,0.0,GLD
2019-01-24,163.1999969482422,155.82225036621094,0.0,0.0,QQQ
2019-01-24,263.54998779296875,235.76649475097656,0.0,0.0,SPY
2019-01-24,121.11000061035156,96.72981262207031,0.0,0.0,TLT
2019-01-25,122.86000061035156,122.86000061035156,0.0,0.0,GLD
2019-01-25,165.14999389648438,157.68409729003906,0.0,0.0,QQQ
2019-01-25,265.7799987792969,237.7614288330078,0.0,0.0,SPY
2019-01-25,120.52999877929688,96.26656341552734,0.0,0.0,TLT
2019-01-28,123.29000091552734,123.29000091552734,0.0,0.0,GLD
2019-01-28,163.11000061035156,155.73629760742188,0.0,0.0,QQQ
2019-01-28,263.760009765625,235.95443725585938,0.0,0.0,SPY
2019-01-28,120.41000366210938,96.17072296142578,0.0,0.0,TLT
2019-01-29,123.9800033569336,123.9800033569336,0.0,0.0,GLD
2019-01-29,161.57000732421875,154.26593017578125,0.0,0.0,QQQ
2019-01-29,263.4100036621094,235.6412353515625,0.0,0.0,SPY
2019-01-29,121.0199966430664,96.65792846679688,0.0,0.0,TLT
2019-01-30,124.69000244140625,124.69000244140625,0.0,0.0,GLD
2019-01-30,165.67999267578125,158.19012451171875,0.0,0.0,QQQ
2019-01-30,267.5799865722656,239.3716278076172,0.0,0.0,SPY
2019-01-30,120.93000030517578,96.58604431152344,0.0,0.0,TLT
2019-01-31,124.75,124.75,0.0,0.0,GLD
2019-01-31,168.16000366210938,160.5579833984375,0.0,0.0,QQQ
2019-01-31,269.92999267578125,241.47393798828125,0.0,0.0,SPY
2019-01-31,121.97000122070312,97.41665649414062,0.0,0.0,TLT
2019-02-01,124.5,124.5,0.0,0.0,GLD
2019-02-01,167.4499969482422,159.88009643554688,0.0,0.0,QQQ
2019-02-01,270.05999755859375,241.59022521972656,0.0,0.0,SPY
2019-02-01,120.95999908447266,96.82833099365234,0.275,0.0,TLT
2019-02-04,123.95999908447266,123.95999908447266,0.0,0.0,GLD
2019-02-04,169.52999877929688,161.86610412597656,0.0,0.0,QQQ
2019-02-04,271.9599914550781,243.2899169921875,0.0,0.0,SPY
2019-02-04,120.41999816894531,96.39603424072266,0.0,0.0,TLT
2019-02-05,124.27999877929688,124.27999877929688,0.0,0.0,GLD
2019-02-05,171.02999877929688,163.2982177734375,0.0,0.0,QQQ
2019-02-05,273.1000061035156,244.30975341796875,0.0,0.0,SPY
2019-02-05,120.97000122070312,96.83634948730469,0.0,0.0,TLT
2019-02-06,123.44000244140625,123.44000244140625,0.0,0.0,GLD
2019-02-06,170.52000427246094,162.81129455566406,0.0,0.0,QQQ
2019-02-06,272.739990234375,243.98764038085938,0.0,0.0,SPY
2019-02-06,121.02999877929688,96.88433074951172,0.0,0.0,TLT
2019-02-07,123.73999786376953,123.73999786376953,0.0,0.0,GLD
2019-02-07,168.22999572753906,160.6248779296875,0.0,0.0,QQQ
2019-02-07,270.1400146484375,241.66177368164062,0.0,0.0,SPY
2019-02-07,121.83000183105469,97.52474212646484,0.0,0.0,TLT
2019-02-08,124.20999908447266,124.20999908447266,0.0,0.0,GLD
2019-02-08,168.55999755859375,160.93992614746094,0.0,0.0,QQQ
2019-02-08,270.4700012207031,241.95693969726562,0.0,0.0,SPY
2019-02-08,122.3499984741211,97.9410171508789,0.0,0.0,TLT
2019-02-11,123.5999984741211,123.5999984741211,0.0,0.0,GLD
2019-02-11,168.39999389648438,160.7871551513672,0.0,0.0,QQQ
2019-02-11,270.6199951171875,242.0911407470703,0.0,0.0,SPY
2019-02-11,121.87000274658203,97.5567626953125,0.0,0.0,TLT
2019-02-12,123.86000061035156,123.86000061035156,0.0,0.0,GLD
2019-02-12,170.88999938964844,163.16453552246094,0.0,0.0,QQQ
2019-02-12,274.1000061035156,245.20433044433594,0.0,0.0,SPY
2019-02-12,121.55999755859375,97.30863952636719,0.0,0.0,TLT
2019-02-13,123.37000274658203,123.37000274658203,0.0,0.0,GLD
2019-02-13,171.00999450683594,163.27914428710938,0.0,0.0,QQQ
2019-02-13,274.989990234375,246.00045776367188,0.0,0.0,SPY
2019-02-13,121.0999984741211,96.94037628173828,0.0,0.0,TLT
2019-02-14,124.05999755859375,124.05999755859375,0.0,0.0,GLD
2019-02-14,171.22000122070312,163.4796600341797,0.0,0.0,QQQ
2019-02-14,274.3800048828125,245.4547576904297,0.0,0.0,SPY
2019-02-14,121.79000091552734,97.49272918701172,0.0,0.0,TLT
2019-02-15,124.80000305175781,124.80000305175781,0.0,0.0,GLD
2019-02-15,171.94000244140625,164.16705322265625,0.0,0.0,QQQ
2019-02-15,277.3699951171875,248.12954711914062,0.0,0.0,SPY
2019-02-15,121.9800033569336,97.64480590820312,0.0,0.0,TLT
2019-02-19,126.69999694824219,126.69999694824219,0.0,0.0,GLD
2019-02-19,172.27999877929688,164.4917449951172,0.0,0.0,QQQ
2019-02-19,277.8500061035156,248.55905151367188,0.0,0.0,SPY
2019-02-19,122.29000091552734,97.8929672241211,0.0,0.0,TLT
2019-02-20,126.4800033569336,126.4800033569336,0.0,0.0,GLD
2019-02-20,172.25,164.46310424804688,0.0,0.0,QQQ
2019-02-20,278.4100036621094,249.0599822998047,0.0,0.0,SPY
2019-02-20,121.94000244140625,97.6128158569336,0.0,0.0,TLT
2019-02-21,125.05000305175781,125.05000305175781,0.0,0.0,GLD
2019-02-21,171.6199951171875,163.861572265625,0.0,0.0,QQQ
2019-02-21,277.4200134277344,248.1743621826172,0.0,0.0,SPY
2019-02-21,120.8499984741211,96.74027252197266,0.0,0.0,TLT
2019-02-22,125.5,125.5,0.0,0.0,GLD
2019-02-22,172.88999938964844,165.0741729736328,0.0,0.0,QQQ
2019-02-22,279.1400146484375,249.7130584716797,0.0,0.0,SPY
2019-02-22,121.56999969482422,97.31661224365234,0.0,0.0,TLT
2019-02-25,125.37000274658203,125.37000274658203,0.0,0.0,GLD
2019-02-25,173.52000427246094,165.6756591796875,0.0,0.0,QQQ
2019-02-25,279.5199890136719,250.0529327392578,0.0,0.0,SPY
2019-02-25,121.20999908447266,97.0284423828125,0.0,0.0,TLT
2019-02-26,125.58000183105469,125.58000183105469,0.0,0.0,GLD
2019-02-26,173.6999969482422,165.84756469726562,0.0,0.0,QQQ
2019-02-26,279.32000732421875,249.87399291992188,0.0,0.0,SPY
2019-02-26,121.80999755859375,97.50875854492188,0.0,0.0,TLT
2019-02-27,124.69000244140625,124.69000244140625,0.0,0.0,GLD
2019-02-27,173.58999633789062,165.74252319335938,0.0,0.0,QQQ
2019-02-27,279.20001220703125,249.7666778564453,0.0,0.0,SPY
2019-02-27,120.43000030517578,96.40406036376953,0.0,0.0,TLT
2019-02-28,123.98999786376953,123.98999786376953,0.0,0.0,GLD
2019-02-28,173.19000244140625,165.360595703125,0.0,0.0,QQQ
2019-02-28,278.67999267578125,249.3014678955078,0.0,0.0,SPY
2019-02-28,120.0199966430664,96.07583618164062,0.0,0.0,TLT
2019-03-01,121.87999725341797,121.87999725341797,0.0,0.0,GLD
2019-03-01,174.38999938964844,166.50636291503906,0.0,0.0,QQQ
2019-03-01,280.4200134277344,250.85812377929688,0.0,0.0,SPY
2019-03-01,118.66000366210938,95.18782043457031,0.253,0.0,TLT
2019-03-04,121.55999755859375,121.55999755859375,0.0,0.0,GLD
2019-03-04,174.4199981689453,166.53497314453125,0.0,0.0,QQQ
2019-03-04,279.3999938964844,249.94554138183594,0.0,0.0,SPY
2019-03-04,119.58999633789062,95.9338607788086,0.0,0.0,TLT
2019-03-05,121.72000122070312,121.72000122070312,0.0,0.0,GLD
2019-03-05,174.5500030517578,166.65911865234375,0.0,0.0,QQQ
2019-03-05,279.0199890136719,249.6055908203125,0.0,0.0,SPY
2019-03-05,119.83999633789062,96.13446044921875,0.0,0.0,TLT
2019-03-06,121.61000061035156,121.61000061035156,0.0,0.0,GLD
2019-03-06,173.55999755859375,165.71388244628906,0.0,0.0,QQQ
2019-03-06,277.3299865722656,248.09375,0.0,0.0,SPY
2019-03-06,120.27999877929688,96.48738098144531,0.0,0.0,TLT
2019-03-07,121.51000213623047,121.51000213623047,0.0,0.0,GLD
2019-03-07,171.42999267578125,163.68017578125,0.0,0.0,QQQ
2019-03-07,275.010009765625,246.0183868408203,0.0,0.0,SPY
2019-03-07,121.05999755859375,97.11307525634766,0.0,0.0,TLT
2019-03-08,122.83999633789062,122.83999633789062,0.0,0.0,GLD
2019-03-08,171.1699981689453,163.43194580078125,0.0,0.0,QQQ
2019-03-08,274.4599914550781,245.5263214111328,0.0,0.0,SPY
2019-03-08,121.56999969482422,97.52218627929688,0.0,0.0,TLT
2019-03-11,122.23999786376953,122.23999786376953,0.0,0.0,GLD
2019-03-11,174.72999572753906,166.8310089111328,0.0,0.0,QQQ
2019-03-11,278.44000244140625,249.08689880371094,0.0,0.0,SPY
2019-03-11,121.20999908447266,97.23338317871094,0.0,0.0,TLT
2019-03-12,122.9800033569336,122.9800033569336,0.0,0.0,GLD
2019-03-12,175.69000244140625,167.74757385253906,0.0,0.0,QQQ
2019-03-12,279.489990234375,250.02609252929688,0.0,0.0,SPY
2019-03-12,122.05999755859375,97.91524505615234,0.0,0.0,TLT
2019-03-13,123.83999633789062,123.83999633789062,0.0,0.0,GLD
2019-03-13,177.00999450683594,169.00791931152344,0.0,0.0,QQQ
2019-03-13,281.3399963378906,251.6810302734375,0.0,0.0,SPY
2019-03-13,121.83000183105469,97.73072814941406,0.0,0.0,TLT
2019-03-14,122.41000366210938,122.41000366210938,0.0,0.0,GLD
2019-03-14,176.7100067138672,168.72146606445312,0.0,0.0,QQQ
2019-03-14,281.1600036621094,251.5200958251953,0.0,0.0,SPY
2019-03-14,120.94999694824219,97.02482604980469,0.0,0.0,TLT
2019-03-15,122.97000122070312,122.97000122070312,0.0,0.0,GLD
2019-03-15,178.35000610351562,170.287353515625,0.0,0.0,QQQ
2019-03-15,281.30999755859375,252.76266479492188,1.233,0.0,SPY
2019-03-15,121.75,97.66661071777344,0.0,0.0,TLT
2019-03-18,123.04000091552734,123.04000091552734,0.0,0.0,GLD
2019-03-18,178.4499969482422,170.69293212890625,0.324,0.0,QQQ
2019-03-18,282.3299865722656,253.67921447753906,0.0,0.0,SPY
2019-03-18,121.68000030517578,97.61044311523438,0.0,0.0,TLT
2019-03-19,123.37999725341797,123.37999725341797,0.0,0.0,GLD
2019-03-19,179.0500030517578,171.2667999267578,0.0,0.0,QQQ
2019-03-19,282.3999938964844,253.7420654296875,0.0,0.0,SPY
2019-03-19,121.41000366210938,97.39382934570312,0.0,0.0,TLT
2019-03-20,124.18000030517578,124.18000030517578,0.0,0.0,GLD
2019-03-20,179.75999450683594,171.94593811035156,0.0,0.0,QQQ
2019-03-20,281.54998779296875,252.9783172607422,0.0,0.0,SPY
2019-03-20,122.68000030517578,98.41260528564453,0.0,0.0,TLT
2019-03-21,123.68000030517578,123.68000030517578,0.0,0.0,GLD
2019-03-21,182.57000732421875,174.6338653564453,0.0,0.0,QQQ
2019-03-21,284.7300109863281,255.83566284179688,0.0,0.0,SPY
2019-03-21,122.94999694824219,98.62922668457031,0.0,0.0,TLT
2019-03-22,123.97000122070312,123.97000122070312,0.0,0.0,GLD
2019-03-22,178.55999755859375,170.798095703125,0.0,0.0,QQQ
2019-03-22,279.25,250.9118194580078,0.0,0.0,SPY
2019-03-22,124.86000061035156,100.16140747070312,0.0,0.0,TLT
2019-03-25,124.91999816894531,124.91999816894531,0.0,0.0,GLD
2019-03-25,178.22000122070312,170.47293090820312,0.0,0.0,QQQ
2019-03-25,279.0400085449219,250.7230224609375,0.0,0.0,SPY
2019-03-25,125.05999755859375,100.32183837890625,0.0,0.0,TLT
2019-03-26,124.30000305175781,124.30000305175781,0.0,0.0,GLD
2019-03-26,179.0500030517578,171.2667999267578,0.0,0.0,QQQ
2019-03-26,281.1199951171875,252.5919647216797,0.0,0.0,SPY
2019-03-26,124.97000122070312,100.24962615966797,0.0,0.0,TLT
2019-03-27,123.6500015258789,123.6500015258789,0.0,0.0,GLD
2019-03-27,177.89999389648438,170.1668701171875,0.0,0.0,QQQ
2019-03-27,279.6499938964844,251.2711944580078,0.0,0.0,SPY
2019-03-27,126.12000274658203,101.17218780517578,0.0,0.0,TLT
2019-03-28,121.9000015258789,121.9000015258789,0.0,0.0,GLD
2019-03-28,178.30999755859375,170.5590362548828,0.0,0.0,QQQ
2019-03-28,280.7099914550781,252.22357177734375,0.0,0.0,SPY
2019-03-28,126.55999755859375,101.52513122558594,0.0,0.0,TLT
2019-03-29,122.01000213623047,122.01000213623047,0.0,0.0,GLD
2019-03-29,179.66000366210938,171.85031127929688,0.0,0.0,QQQ
2019-03-29,282.4800109863281,253.81393432617188,0.0,0.0,SPY
2019-03-29,126.44000244140625,101.42884826660156,0.0,0.0,TLT
2019-04-01,121.52999877929688,121.52999877929688,0.0,0.0,GLD
2019-04-01,182.0399932861328,174.12686157226562,0.0,0.0,QQQ
2019-04-01,285.8299865722656,256.8240051269531,0.0,0.0,SPY
2019-04-01,124.37000274658203,99.9881820678711,0.278,0.0,TLT
2019-04-02,121.9800033569336,121.9800033569336,0.0,0.0,GLD
2019-04-02,182.72999572753906,174.78683471679688,0.0,0.0,QQQ
2019-04-02,285.9700012207031,256.94976806640625,0.0,0.0,SPY
2019-04-02,124.5999984741211,100.17308044433594,0.0,0.0,TLT
2019-04-03,121.80000305175781,121.80000305175781,0.0,0.0,GLD
2019-04-03,183.77999877929688,175.7912139892578,0.0,0.0,QQQ
2019-04-03,286.4200134277344,257.3540954589844,0.0,0.0,SPY
2019-04-03,123.5199966430664,99.30485534667969,0.0,0.0,TLT
2019-04-04,122.11000061035156,122.11000061035156,0.0,0.0,GLD
2019-04-04,183.7100067138672,175.72427368164062,0.0,0.0,QQQ
2019-04-04,287.17999267578125,258.0369873046875,0.0,0.0,SPY
2019-04-04,123.87000274658203,99.58617401123047,0.0,0.0,TLT
2019-04-05,121.9800033569336,121.9800033569336,0.0,0.0,GLD
2019-04-05,184.66000366210938,176.63294982910156,0.0,0.0,QQQ
2019-04-05,288.57000732421875,259.2860412597656,0.0,0.0,SPY
2019-04-05,124.02999877929688,99.71479034423828,0.0,0.0,TLT
2019-04-08,122.51000213623047,122.51000213623047,0.0,0.0,GLD
2019-04-08,185.1300048828125,177.08251953125,0.0,0.0,QQQ
2019-04-08,288.7900085449219,259.48370361328125,0.0,0.0,SPY
2019-04-08,123.58999633789062,99.361083984375,0.0,0.0,TLT
2019-04-09,123.1500015258789,123.1500015258789,0.0,0.0,GLD
2019-04-09,184.47999572753906,176.46075439453125,0.0,0.0,QQQ
2019-04-09,287.30999755859375,258.1537780761719,0.0,0.0,SPY
2019-04-09,123.9800033569336,99.67463684082031,0.0,0.0,TLT
2019-04-10,123.52999877929688,123.52999877929688,0.0,0.0,GLD
2019-04-10,185.47000122070312,177.40771484375,0.0,0.0,QQQ
2019-04-10,288.2900085449219,259.03436279296875,0.0,0.0,SPY
2019-04-10,124.27999877929688,99.91580963134766,0.0,0.0,TLT
2019-04-11,121.94999694824219,121.94999694824219,0.0,0.0,GLD
2019-04-11,185.02999877929688,176.9868621826172,0.0,0.0,QQQ
2019-04-11,288.2099914550781,258.96246337890625,0.0,0.0,SPY
2019-04-11,123.55000305175781,99.32891082763672,0.0,0.0,TLT
2019-04-12,121.83000183105469,121.83000183105469,0.0,0.0,GLD
2019-04-12,185.8300018310547,177.7520751953125,0.0,0.0,QQQ
2019-04-12,290.1600036621094,260.7145690917969,0.0,0.0,SPY
2019-04-12,122.66999816894531,98.62144470214844,0.0,0.0,TLT
2019-04-15,121.5999984741211,121.5999984741211,0.0,0.0,GLD
2019-04-15,185.86000061035156,177.7808074951172,0.0,0.0,QQQ
2019-04-15,289.9700012207031,260.5438232421875,0.0,0.0,SPY
2019-04-15,122.9800033569336,98.87064361572266,0.0,0.0,TLT
2019-04-16,120.51000213623047,120.51000213623047,0.0,0.0,GLD
2019-04-16,186.5,178.39297485351562,0.0,0.0,QQQ
2019-04-16,290.1600036621094,260.7145690917969,0.0,0.0,SPY
2019-04-16,122.20999908447266,98.25163269042969,0.0,0.0,TLT
2019-04-17,120.27999877929688,120.27999877929688,0.0,0.0,GLD
2019-04-17,187.14999389648438,179.0147247314453,0.0,0.0,QQQ
2019-04-17,289.45001220703125,260.0766906738281,0.0,0.0,SPY
2019-04-17,122.26000213623047,98.29183197021484,0.0,0.0,TLT
2019-04-18,120.37000274658203,120.37000274658203,0.0,0.0,GLD
2019-04-18,187.38999938964844,179.24429321289062,0.0,0.0,QQQ
2019-04-18,290.0199890136719,260.58880615234375,0.0,0.0,SPY
2019-04-18,122.9000015258789,98.80635833740234,0.0,0.0,TLT
2019-04-22,120.37000274658203,120.37000274658203,0.0,0.0,GLD
2019-04-22,187.9199981689453,179.75128173828125,0.0,0.0,QQQ
2019-04-22,290.2699890136719,260.8134765625,0.0,0.0,SPY
2019-04-22,122.30999755859375,98.33204650878906,0.0,0.0,TLT
2019-04-23,120.12000274658203,120.12000274658203,0.0,0.0,GLD
2019-04-23,190.30999755859375,182.03732299804688,0.0,0.0,QQQ
2019-04-23,292.8800048828125,263.15850830078125,0.0,0.0,SPY
2019-04-23,122.56999969482422,98.54104614257812,0.0,0.0,TLT
2019-04-24,120.47000122070312,120.47000122070312,0.0,0.0,GLD
2019-04-24,189.7100067138672,181.46339416503906,0.0,0.0,QQQ
2019-04-24,292.2300109863281,262.574462890625,0.0,0.0,SPY
2019-04-24,123.56999969482422,99.344970703125,0.0,0.0,TLT
2019-04-25,120.56999969482422,120.56999969482422,0.0,0.0,GLD
2019-04-25,190.47999572753906,182.20001220703125,0.0,0.0,QQQ
2019-04-25,292.04998779296875,262.4128112792969,0.0,0.0,SPY
2019-04-25,123.38999938964844,99.20028686523438,0.0,0.0,TLT
2019-04-26,121.37000274658203,121.37000274658203,0.0,0.0,GLD
2019-04-26,190.64999389648438,182.36256408691406,0.0,0.0,QQQ
2019-04-26,293.4100036621094,263.634765625,0.0,0.0,SPY
2019-04-26,123.80999755859375,99.5379638671875,0.0,0.0,TLT
2019-04-29,120.83000183105469,120.83000183105469,0.0,0.0,GLD
2019-04-29,191.02000427246094,182.7165069580078,0.0,0.0,QQQ
2019-04-29,293.8699951171875,264.0481262207031,0.0,0.0,SPY
2019-04-29,123.0199966430664,98.90278625488281,0.0,0.0,TLT
2019-04-30,121.19999694824219,121.19999694824219,0.0,0.0,GLD
2019-04-30,189.5399932861328,181.30078125,0.0,0.0,QQQ
2019-04-30,294.0199890136719,264.1828308105469,0.0,0.0,SPY
2019-04-30,123.6500015258789,99.40930938720703,0.0,0.0,TLT
2019-05-01,120.4000015258789,120.4000015258789,0.0,0.0,GLD
2019-05-01,188.92999267578125,180.71737670898438,0.0,0.0,QQQ
2019-05-01,291.80999755859375,262.1971740722656,0.0,0.0,SPY
2019-05-01,123.9000015258789,99.81941986083984,0.259,0.0,TLT
2019-05-02,119.94000244140625,119.94000244140625,0.0,0.0,GLD
2019-05-02,188.11000061035156,179.93299865722656,0.0,0.0,QQQ
2019-05-02,291.17999267578125,261.63116455078125,0.0,0.0,SPY
2019-05-02,123.30999755859375,99.34407806396484,0.0,0.0,TLT
2019-05-03,120.6500015258789,120.6500015258789,0.0,0.0,GLD
2019-05-03,191.11000061035156,182.80259704589844,0.0,0.0,QQQ
2019-05-03,294.0299987792969,264.19189453125,0.0,0.0,SPY
2019-05-03,123.66000366210938,99.62603759765625,0.0,0.0,TLT
2019-05-06,120.80999755859375,120.80999755859375,0.0,0.0,GLD
2019-05-06,189.94000244140625,181.68344116210938,0.0,0.0,QQQ
2019-05-06,292.82000732421875,263.10467529296875,0.0,0.0,SPY
2019-05-06,124.0,99.89994049072266,0.0,0.0,TLT
2019-05-07,121.20999908447266,121.20999908447266,0.0,0.0,GLD
2019-05-07,186.24000549316406,178.1442413330078,0.0,0.0,QQQ
2019-05-07,287.92999267578125,258.71087646484375,0.0,0.0,SPY
2019-05-07,124.94999694824219,100.66534423828125,0.0,0.0,TLT
2019-05-08,120.91000366210938,120.91000366210938,0.0,0.0,GLD
2019-05-08,185.77000427246094,177.6947021484375,0.0,0.0,QQQ
2019-05-08,287.5299987792969,258.3515319824219,0.0,0.0,SPY
2019-05-08,124.41000366210938,100.23026275634766,0.0,0.0,TLT
2019-05-09,121.19999694824219,121.19999694824219,0.0,0.0,GLD
2019-05-09,184.77000427246094,176.73817443847656,0.0,0.0,QQQ
2019-05-09,286.6600036621094,257.5697021484375,0.0,0.0,SPY
2019-05-09,124.91999816894531,100.64115142822266,0.0,0.0,TLT
2019-05-10,121.43000030517578,121.43000030517578,0.0,0.0,GLD
2019-05-10,185.0,176.9581756591797,0.0,0.0,QQQ
2019-05-10,288.1000061035156,258.8636779785156,0.0,0.0,SPY
2019-05-10,124.75,100.50416564941406,0.0,0.0,TLT
2019-05-13,122.66999816894531,122.66999816894531,0.0,0.0,GLD
2019-05-13,178.5800018310547,170.8172607421875,0.0,0.0,QQQ
2019-05-13,280.8599853515625,252.35836791992188,0.0,0.0,SPY
2019-05-13,125.7300033569336,101.29369354248047,0.0,0.0,TLT
2019-05-14,122.45999908447266,122.45999908447266,0.0,0.0,GLD
2019-05-14,180.5399932861328,172.6920623779297,0.0,0.0,QQQ
2019-05-14,283.3999938964844,254.6405792236328,0.0,0.0,SPY
2019-05-14,125.36000061035156,100.9956283569336,0.0,0.0,TLT
2019-05-15,122.38999938964844,122.38999938964844,0.0,0.0,GLD
2019-05-15,183.08999633789062,175.13121032714844,0.0,0.0,QQQ
2019-05-15,285.05999755859375,256.132080078125,0.0,0.0,SPY
2019-05-15,126.12999725341797,101.61597442626953,0.0,0.0,TLT
2019-05-16,121.51000213623047,121.51000213623047,0.0,0.0,GLD
2019-05-16,184.92999267578125,176.89122009277344,0.0,0.0,QQQ
2019-05-16,287.70001220703125,258.5042419433594,0.0,0.0,SPY
2019-05-16,125.70999908447266,101.27761840820312,0.0,0.0,TLT
2019-05-17,120.6500015258789,120.6500015258789,0.0,0.0,GLD
2019-05-17,183.0399932861328,175.08335876464844,0.0,0.0,QQQ
2019-05-17,285.8399963378906,256.8329772949219,0.0,0.0,SPY
2019-05-17,125.98999786376953,101.50318908691406,0.0,0.0,TLT
2019-05-20,120.63999938964844,120.63999938964844,0.0,0.0,GLD
2019-05-20,179.9499969482422,172.12767028808594,0.0,0.0,QQQ
2019-05-20,283.95001220703125,255.13479614257812,0.0,0.0,SPY
2019-05-20,125.7300033569336,101.29369354248047,0.0,0.0,TLT
2019-05-21,120.36000061035156,120.36000061035156,0.0,0.0,GLD
2019-05-21,181.8300018310547,173.92601013183594,0.0,0.0,QQQ
2019-05-21,286.510009765625,257.4349670410156,0.0,0.0,SPY
2019-05-21,125.52999877929688,101.13258361816406,0.0,0.0,TLT
2019-05-22,120.23999786376953,120.23999786376953,0.0,0.0,GLD
2019-05-22,181.02000427246094,173.15118408203125,0.0,0.0,QQQ
2019-05-22,285.6300048828125,256.64434814453125,0.0,0.0,SPY
2019-05-22,126.25,101.71266174316406,0.0,0.0,TLT
2019-05-23,121.16999816894531,121.16999816894531,0.0,0.0,GLD
2019-05-23,178.25,170.50160217285156,0.0,0.0,QQQ
2019-05-23,282.1400146484375,253.508544921875,0.0,0.0,SPY
2019-05-23,127.66999816894531,102.85665130615234,0.0,0.0,TLT
2019-05-24,121.30000305175781,121.30000305175781,0.0,0.0,GLD
2019-05-24,178.16000366210938,170.41554260253906,0.0,0.0,QQQ
2019-05-24,282.7799987792969,254.08346557617188,0.0,0.0,SPY
2019-05-24,127.77999877929688,102.9453125,0.0,0.0,TLT
2019-05-28,120.83000183105469,120.83000183105469,0.0,0.0,GLD
2019-05-28,177.49000549316406,169.77464294433594,0.0,0.0,QQQ
2019-05-28,280.1499938964844,251.7203826904297,0.0,0.0,SPY
2019-05-28,128.6999969482422,103.68649291992188,0.0,0.0,TLT
2019-05-29,120.87000274658203,120.87000274658203,0.0,0.0,GLD
2019-05-29,176.02999877929688,168.37808227539062,0.0,0.0,QQQ
2019-05-29,278.2699890136719,250.03126525878906,0.0,0.0,SPY
2019-05-29,129.08999633789062,104.00066375732422,0.0,0.0,TLT
2019-05-30,121.69000244140625,121.69000244140625,0.0,0.0,GLD
2019-05-30,176.77000427246094,169.08590698242188,0.0,0.0,QQQ
2019-05-30,279.0299987792969,250.71405029296875,0.0,0.0,SPY
2019-05-30,130.1999969482422,104.89495849609375,0.0,0.0,TLT
2019-05-31,123.33000183105469,123.33000183105469,0.0,0.0,GLD
2019-05-31,173.9499969482422,166.38851928710938,0.0,0.0,QQQ
2019-05-31,275.2699890136719,247.33563232421875,0.0,0.0,SPY
2019-05-31,131.8300018310547,106.20816040039062,0.0,0.0,TLT
2019-06-03,125.11000061035156,125.11000061035156,0.0,0.0,GLD
2019-06-03,170.1199951171875,162.72499084472656,0.0,0.0,QQQ
2019-06-03,274.57000732421875,246.70664978027344,0.0,0.0,SPY
2019-06-03,132.44000244140625,106.91858673095703,0.27,0.0,TLT
2019-06-04,125.1500015258789,125.1500015258789,0.0,0.0,GLD
2019-06-04,174.91000366210938,167.30677795410156,0.0,0.0,QQQ
2019-06-04,280.5299987792969,252.0618896484375,0.0,0.0,SPY
2019-06-04,130.92999267578125,105.69955444335938,0.0,0.0,TLT
2019-06-05,125.47000122070312,125.47000122070312,0.0,0.0,GLD
2019-06-05,176.2100067138672,168.55032348632812,0.0,0.0,QQQ
2019-06-05,282.9599914550781,254.24520874023438,0.0,0.0,SPY
2019-06-05,130.19000244140625,105.10211944580078,0.0,0.0,TLT
2019-06-06,125.87999725341797,125.87999725341797,0.0,0.0,GLD
2019-06-06,177.61000061035156,169.88938903808594,0.0,0.0,QQQ
2019-06-06,284.79998779296875,255.89852905273438,0.0,0.0,SPY
2019-06-06,130.61000061035156,105.44120025634766,0.0,0.0,TLT
2019-06-07,126.58999633789062,126.58999633789062,0.0,0.0,GLD
2019-06-07,181.0399932861328,173.17031860351562,0.0,0.0,QQQ
2019-06-07,287.6499938964844,258.4593200683594,0.0,0.0,SPY
2019-06-07,131.74000549316406,106.35346221923828,0.0,0.0,TLT
2019-06-10,125.33000183105469,125.33000183105469,0.0,0.0,GLD
2019-06-10,183.14999389648438,175.1885528564453,0.0,0.0,QQQ
2019-06-10,288.9700012207031,259.6454162597656,0.0,0.0,SPY
2019-06-10,130.5,105.35235595703125,0.0,0.0,TLT
2019-06-11,125.18000030517578,125.18000030517578,0.0,0.0,GLD
2019-06-11,183.39999389648438,175.4276885986328,0.0,0.0,QQQ
2019-06-11,288.8999938964844,259.5824279785156,0.0,0.0,SPY
2019-06-11,130.5800018310547,105.41699981689453,0.0,0.0,TLT
2019-06-12,125.83000183105469,125.83000183105469,0.0,0.0,GLD
2019-06-12,182.33999633789062,174.41380310058594,0.0,0.0,QQQ
2019-06-12,288.3900146484375,259.12420654296875,0.0,0.0,SPY
2019-06-12,130.67999267578125,105.49773406982422,0.0,0.0,TLT
2019-06-13,126.5999984741211,126.5999984741211,0.0,0.0,GLD
2019-06-13,183.4199981689453,175.4468536376953,0.0,0.0,QQQ
2019-06-13,289.5799865722656,260.1933288574219,0.0,0.0,SPY
2019-06-13,131.1300048828125,105.86105346679688,0.0,0.0,TLT
2019-06-14,126.55999755859375,126.55999755859375,0.0,0.0,GLD
2019-06-14,182.63999938964844,174.7008056640625,0.0,0.0,QQQ
2019-06-14,289.260009765625,259.9059753417969,0.0,0.0,SPY
2019-06-14,131.4600067138672,106.12744903564453,0.0,0.0,TLT
2019-06-17,126.4800033569336,126.4800033569336,0.0,0.0,GLD
2019-06-17,183.74000549316406,175.75296020507812,0.0,0.0,QQQ
2019-06-17,289.3699951171875,260.0047302246094,0.0,0.0,SPY
2019-06-17,131.69000244140625,106.31311798095703,0.0,0.0,TLT
2019-06-18,127.12000274658203,127.12000274658203,0.0,0.0,GLD
2019-06-18,186.41000366210938,178.306884765625,0.0,0.0,QQQ
2019-06-18,292.3999938964844,262.7272644042969,0.0,0.0,SPY
2019-06-18,132.35000610351562,106.845947265625,0.0,0.0,TLT
2019-06-19,127.88999938964844,127.88999938964844,0.0,0.0,GLD
2019-06-19,187.11000061035156,178.9764862060547,0.0,0.0,QQQ
2019-06-19,293.05999755859375,263.32037353515625,0.0,0.0,SPY
2019-06-19,132.5399932861328,106.99930572509766,0.0,0.0,TLT
2019-06-20,131.11000061035156,131.11000061035156,0.0,0.0,GLD
2019-06-20,188.85000610351562,180.64083862304688,0.0,0.0,QQQ
2019-06-20,295.8599853515625,265.836181640625,0.0,0.0,SPY
2019-06-20,132.88999938964844,107.28185272216797,0.0,0.0,TLT
2019-06-21,131.97999572753906,131.97999572753906,0.0,0.0,GLD
2019-06-21,188.57000732421875,180.3730010986328,0.0,0.0,QQQ
2019-06-21,294.0,265.4497375488281,1.432,0.0,SPY
2019-06-21,131.42999267578125,106.10320281982422,0.0,0.0,TLT
2019-06-24,133.94000244140625,133.94000244140625,0.0,0.0,GLD
2019-06-24,188.16000366210938,180.37872314453125,0.416,0.0,QQQ
2019-06-24,293.6400146484375,265.12469482421875,0.0,0.0,SPY
2019-06-24,132.41000366210938,106.89437866210938,0.0,0.0,TLT
2019-06-25,134.1999969482422,134.1999969482422,0.0,0.0,GLD
2019-06-25,184.92999267578125,177.2822723388672,0.0,0.0,QQQ
2019-06-25,290.760009765625,262.5244140625,0.0,0.0,SPY
2019-06-25,132.82000732421875,107.22533416748047,0.0,0.0,TLT
2019-06-26,132.97000122070312,132.97000122070312,0.0,0.0,GLD
2019-06-26,185.7899932861328,178.10671997070312,0.0,0.0,QQQ
2019-06-26,290.4700012207031,262.2625427246094,0.0,0.0,SPY
2019-06-26,131.97000122070312,106.53912353515625,0.0,0.0,TLT
2019-06-27,132.83999633789062,132.83999633789062,0.0,0.0,GLD
2019-06-27,186.5,178.7873992919922,0.0,0.0,QQQ
2019-06-27,291.5,263.19256591796875,0.0,0.0,SPY
2019-06-27,132.89999389648438,107.28995513916016,0.0,0.0,TLT
2019-06-28,133.1999969482422,133.1999969482422,0.0,0.0,GLD
2019-06-28,186.74000549316406,179.01744079589844,0.0,0.0,QQQ
2019-06-28,293.0,264.5467529296875,0.0,0.0,SPY
2019-06-28,132.80999755859375,107.21726989746094,0.0,0.0,TLT
2019-07-01,130.6199951171875,130.6199951171875,0.0,0.0,GLD
2019-07-01,189.25999450683594,181.43325805664062,0.0,0.0,QQQ
2019-07-01,295.6600036621094,266.9485168457031,0.0,0.0,SPY
2019-07-01,132.24000549316406,106.96651458740234,0.26,0.0,TLT
2019-07-02,133.41000366210938,133.41000366210938,0.0,0.0,GLD
2019-07-02,190.00999450683594,182.1522674560547,0.0,0.0,QQQ
2019-07-02,296.42999267578125,267.6437683105469,0.0,0.0,SPY
2019-07-02,133.25999450683594,107.79156494140625,0.0,0.0,TLT
2019-07-03,133.6300048828125,133.6300048828125,0.0,0.0,GLD
2019-07-03,191.44000244140625,183.52308654785156,0.0,0.0,QQQ
2019-07-03,298.79998779296875,269.7835693359375,0.0,0.0,SPY
2019-07-03,134.2100067138672,108.5600357055664,0.0,0.0,TLT
2019-07-05,132.13999938964844,132.13999938964844,0.0,0.0,GLD
2019-07-05,191.0500030517578,183.1492156982422,0.0,0.0,QQQ
2019-07-05,298.4599914550781,269.4766540527344,0.0,0.0,SPY
2019-07-05,132.42999267578125,107.1202163696289,0.0,0.0,TLT
2019-07-08,131.2899932861328,131.2899932861328,0.0,0.0,GLD
2019-07-08,189.7100067138672,181.8646240234375,0.0,0.0,QQQ
2019-07-08,296.82000732421875,267.995849609375,0.0,0.0,SPY
2019-07-08,132.61000061035156,107.26583099365234,0.0,0.0,TLT
2019-07-09,131.75,131.75,0.0,0.0,GLD
2019-07-09,190.66000366210938,182.77532958984375,0.0,0.0,QQQ
2019-07-09,297.19000244140625,268.3299255371094,0.0,0.0,SPY
2019-07-09,132.55999755859375,107.22535705566406,0.0,0.0,TLT
2019-07-10,133.8300018310547,133.8300018310547,0.0,0.0,GLD
2019-07-10,192.55999755859375,184.5967559814453,0.0,0.0,QQQ
2019-07-10,298.6099853515625,269.61212158203125,0.0,0.0,SPY
2019-07-10,131.8300018310547,106.6348876953125,0.0,0.0,TLT
2019-07-11,132.6999969482422,132.6999969482422,0.0,0.0,GLD
2019-07-11,192.4199981689453,184.4625244140625,0.0,0.0,QQQ
2019-07-11,299.30999755859375,270.2440185546875,0.0,0.0,SPY
2019-07-11,130.07000732421875,105.21123504638672,0.0,0.0,TLT
2019-07-12,133.52999877929688,133.52999877929688,0.0,0.0,GLD
2019-07-12,193.52999877929688,185.52667236328125,0.0,0.0,QQQ
2019-07-12,300.6499938964844,271.4539794921875,0.0,0.0,SPY
2019-07-12,130.22000122070312,105.33257293701172,0.0,0.0,TLT
2019-07-15,133.52999877929688,133.52999877929688,0.0,0.0,GLD
2019-07-15,194.14999389648438,186.12100219726562,0.0,0.0,QQQ
2019-07-15,300.75,271.5442810058594,0.0,0.0,SPY
2019-07-15,130.97000122070312,105.93924713134766,0.0,0.0,TLT
2019-07-16,132.39999389648438,132.39999389648438,0.0,0.0,GLD
2019-07-16,193.14999389648438,185.16236877441406,0.0,0.0,QQQ
2019-07-16,299.7799987792969,270.66845703125,0.0,0.0,SPY
2019-07-16,130.5800018310547,105.623779296875,0.0,0.0,TLT
2019-07-17,134.5800018310547,134.5800018310547,0.0,0.0,GLD
2019-07-17,192.1999969482422,184.25164794921875,0.0,0.0,QQQ
2019-07-17,297.739990234375,268.8265380859375,0.0,0.0,SPY
2019-07-17,131.99000549316406,106.76433563232422,0.0,0.0,TLT
2019-07-18,136.47999572753906,136.47999572753906,0.0,0.0,GLD
2019-07-18,192.4199981689453,184.4625244140625,0.0,0.0,QQQ
2019-07-18,298.8299865722656,269.81072998046875,0.0,0.0,SPY
2019-07-18,132.0,106.7723617553711,0.0,0.0,TLT
2019-07-19,134.47000122070312,134.47000122070312,0.0,0.0,GLD
2019-07-19,191.00999450683594,183.11087036132812,0.0,0.0,QQQ
2019-07-19,297.1700134277344,268.3119201660156,0.0,0.0,SPY
2019-07-19,131.69000244140625,106.52164459228516,0.0,0.0,TLT
2019-07-22,134.4499969482422,134.4499969482422,0.0,0.0,GLD
2019-07-22,192.52999877929688,184.56802368164062,0.0,0.0,QQQ
2019-07-22,297.8999938964844,268.9710693359375,0.0,0.0,SPY
2019-07-22,131.94000244140625,106.72386169433594,0.0,0.0,TLT
2019-07-23,133.69000244140625,133.69000244140625,0.0,0.0,GLD
2019-07-23,193.7899932861328,185.77587890625,0.0,0.0,QQQ
2019-07-23,300.0299987792969,270.8941345214844,0.0,0.0,SPY
2019-07-23,131.22000122070312,106.14144897460938,0.0,0.0,TLT
2019-07-24,134.3699951171875,134.3699951171875,0.0,0.0,GLD
2019-07-24,195.14999389648438,187.0797119140625,0.0,0.0,QQQ
2019-07-24,301.44000244140625,272.16717529296875,0.0,0.0,SPY
2019-07-24,131.7899932861328,106.6025161743164,0.0,0.0,TLT
2019-07-25,133.4199981689453,133.4199981689453,0.0,0.0,GLD
2019-07-25,193.3000030517578,185.3061981201172,0.0,0.0,QQQ
2019-07-25,300.0,270.8670654296875,0.0,0.0,SPY
2019-07-25,131.16000366210938,106.09292602539062,0.0,0.0,TLT
2019-07-26,133.63999938964844,133.63999938964844,0.0,0.0,GLD
2019-07-26,195.2899932861328,187.2138671875,0.0,0.0,QQQ
2019-07-26,302.010009765625,272.681884765625,0.0,0.0,SPY
2019-07-26,131.47000122070312,106.34369659423828,0.0,0.0,TLT
2019-07-29,134.52999877929688,134.52999877929688,0.0,0.0,GLD
2019-07-29,194.6199951171875,186.57159423828125,0.0,0.0,QQQ
2019-07-29,301.4599914550781,272.1852722167969,0.0,0.0,SPY
2019-07-29,131.50999450683594,106.37603759765625,0.0,0.0,TLT
2019-07-30,134.97999572753906,134.97999572753906,0.0,0.0,GLD
2019-07-30,193.77999877929688,185.7662811279297,0.0,0.0,QQQ
2019-07-30,300.7200012207031,271.51715087890625,0.0,0.0,SPY
2019-07-30,131.8300018310547,106.6348876953125,0.0,0.0,TLT
2019-07-31,133.2100067138672,133.2100067138672,0.0,0.0,GLD
2019-07-31,191.10000610351562,183.1971893310547,0.0,0.0,QQQ
2019-07-31,297.42999267578125,268.54656982421875,0.0,0.0,SPY
2019-07-31,132.88999938964844,107.49227905273438,0.0,0.0,TLT
2019-08-01,136.41000366210938,136.41000366210938,0.0,0.0,GLD
2019-08-01,190.14999389648438,182.2864532470703,0.0,0.0,QQQ
2019-08-01,294.8399963378906,266.2081298828125,0.0,0.0,SPY
2019-08-01,135.25999450683594,109.62714385986328,0.264,0.0,TLT
2019-08-02,135.88999938964844,135.88999938964844,0.0,0.0,GLD
2019-08-02,187.35000610351562,179.60226440429688,0.0,0.0,QQQ
2019-08-02,292.6199951171875,264.2037048339844,0.0,0.0,SPY
2019-08-02,136.50999450683594,110.64025115966797,0.0,0.0,TLT
2019-08-05,137.7899932861328,137.7899932861328,0.0,0.0,GLD
2019-08-05,180.72999572753906,173.2559814453125,0.0,0.0,QQQ
2019-08-05,283.82000732421875,256.25823974609375,0.0,0.0,SPY
2019-08-05,138.8699951171875,112.55297088623047,0.0,0.0,TLT
2019-08-06,138.91000366210938,138.91000366210938,0.0,0.0,GLD
2019-08-06,183.25999450683594,175.68138122558594,0.0,0.0,QQQ
2019-08-06,287.79998779296875,259.8517761230469,0.0,0.0,SPY
2019-08-06,139.97999572753906,113.45265197753906,0.0,0.0,TLT
2019-08-07,141.02000427246094,141.02000427246094,0.0,0.0,GLD
2019-08-07,184.25,176.63043212890625,0.0,0.0,QQQ
2019-08-07,287.9700012207031,260.00531005859375,0.0,0.0,SPY
2019-08-07,140.02999877929688,113.49312591552734,0.0,0.0,TLT
2019-08-08,141.72999572753906,141.72999572753906,0.0,0.0,GLD
2019-08-08,188.25999450683594,180.47462463378906,0.0,0.0,QQQ
2019-08-08,293.6199951171875,265.1065368652344,0.0,0.0,SPY
2019-08-08,140.3300018310547,113.73628997802734,0.0,0.0,TLT
2019-08-09,141.25999450683594,141.25999450683594,0.0,0.0,GLD
2019-08-09,186.49000549316406,178.77783203125,0.0,0.0,QQQ
2019-08-09,291.6199951171875,263.3009033203125,0.0,0.0,SPY
2019-08-09,140.0500030517578,113.50936126708984,0.0,0.0,TLT
2019-08-12,142.6300048828125,142.6300048828125,0.0,0.0,GLD
2019-08-12,184.35000610351562,176.72630310058594,0.0,0.0,QQQ
2019-08-12,288.07000732421875,260.0955810546875,0.0,0.0,SPY
2019-08-12,142.97000122070312,115.8759536743164,0.0,0.0,TLT
2019-08-13,141.77999877929688,141.77999877929688,0.0,0.0,GLD
2019-08-13,188.38999938964844,180.59921264648438,0.0,0.0,QQQ
2019-08-13,292.54998779296875,264.1405029296875,0.0,0.0,SPY
2019-08-13,142.47999572753906,115.47886657714844,0.0,0.0,TLT
2019-08-14,142.75,142.75,0.0,0.0,GLD
2019-08-14,182.75999450683594,175.20205688476562,0.0,0.0,QQQ
2019-08-14,283.8999938964844,256.3304443359375,0.0,0.0,SPY
2019-08-14,145.69000244140625,118.08057403564453,0.0,0.0,TLT
2019-08-15,143.6999969482422,143.6999969482422,0.0,0.0,GLD
2019-08-15,182.5500030517578,175.00070190429688,0.0,0.0,QQQ
2019-08-15,284.6499938964844,257.0075988769531,0.0,0.0,SPY
2019-08-15,147.30999755859375,119.39360046386719,0.0,0.0,TLT
2019-08-16,142.77999877929688,142.77999877929688,0.0,0.0,GLD
2019-08-16,185.47999572753906,177.80955505371094,0.0,0.0,QQQ
2019-08-16,288.8500061035156,260.7998352050781,0.0,0.0,SPY
2019-08-16,146.1300048828125,118.43714904785156,0.0,0.0,TLT
2019-08-19,141.11000061035156,141.11000061035156,0.0,0.0,GLD
2019-08-19,188.42999267578125,180.6375732421875,0.0,0.0,QQQ
2019-08-19,292.3299865722656,263.9418640136719,0.0,0.0,SPY
2019-08-19,144.0399932861328,116.74320983886719,0.0,0.0,TLT
2019-08-20,142.2100067138672,142.2100067138672,0.0,0.0,GLD
2019-08-20,186.97000122070312,179.23793029785156,0.0,0.0,QQQ
2019-08-20,290.0899963378906,261.9194641113281,0.0,0.0,SPY
2019-08-20,145.52999877929688,117.95084381103516,0.0,0.0,TLT
2019-08-21,141.75999450683594,141.75999450683594,0.0,0.0,GLD
2019-08-21,188.6300048828125,180.82928466796875,0.0,0.0,QQQ
2019-08-21,292.45001220703125,264.05029296875,0.0,0.0,SPY
2019-08-21,144.55999755859375,117.16470336914062,0.0,0.0,TLT
2019-08-22,141.39999389648438,141.39999389648438,0.0,0.0,GLD
2019-08-22,188.02000427246094,180.24459838867188,0.0,0.0,QQQ
2019-08-22,292.3599853515625,263.9690246582031,0.0,0.0,SPY
2019-08-22,143.60000610351562,116.38662719726562,0.0,0.0,TLT
2019-08-23,144.1699981689453,144.1699981689453,0.0,0.0,GLD
2019-08-23,182.07000732421875,174.5406036376953,0.0,0.0,QQQ
2019-08-23,284.8500061035156,257.1882629394531,0.0,0.0,SPY
2019-08-23,145.9600067138672,118.29940032958984,0.0,0.0,TLT
2019-08-26,144.19000244140625,144.19000244140625,0.0,0.0,GLD
2019-08-26,184.82000732421875,177.17684936523438,0.0,0.0,QQQ
2019-08-26,288.0,260.0324401855469,0.0,0.0,SPY
2019-08-26,145.3699951171875,117.82120513916016,0.0,0.0,TLT
2019-08-27,145.57000732421875,145.57000732421875,0.0,0.0,GLD
2019-08-27,184.42999267578125,176.802978515625,0.0,0.0,QQQ
2019-08-27,286.8699951171875,259.0121154785156,0.0,0.0,SPY
2019-08-27,147.61000061035156,119.63668060302734,0.0,0.0,TLT
2019-08-28,145.16000366210938,145.16000366210938,0.0,0.0,GLD
2019-08-28,185.08999633789062,177.43569946289062,0.0,0.0,QQQ
2019-08-28,288.8900146484375,260.8359680175781,0.0,0.0,SPY
2019-08-28,147.8000030517578,119.79069519042969,0.0,0.0,TLT
2019-08-29,144.1199951171875,144.1199951171875,0.0,0.0,GLD
2019-08-29,187.9199981689453,180.148681640625,0.0,0.0,QQQ
2019-08-29,292.5799865722656,264.1676025390625,0.0,0.0,SPY
2019-08-29,147.24000549316406,119.33686065673828,0.0,0.0,TLT
2019-08-30,143.75,143.75,0.0,0.0,GLD
2019-08-30,187.47000122070312,179.71730041503906,0.0,0.0,QQQ
2019-08-30,292.45001220703125,264.05029296875,0.0,0.0,SPY
2019-08-30,147.27999877929688,119.3692855834961,0.0,0.0,TLT
2019-09-03,145.75,145.75,0.0,0.0,GLD
2019-09-03,185.64999389648438,177.9725341796875,0.0,0.0,QQQ
2019-09-03,290.739990234375,262.5061950683594,0.0,0.0,SPY
2019-09-03,147.2100067138672,119.52350616455078,0.26,0.0,TLT
2019-09-04,146.66000366210938,146.66000366210938,0.0,0.0,GLD
2019-09-04,188.3300018310547,180.54177856445312,0.0,0.0,QQQ
2019-09-04,294.0400085449219,265.48590087890625,0.0,0.0,SPY
2019-09-04,147.42999267578125,119.70211029052734,0.0,0.0,TLT
2019-09-05,143.13999938964844,143.13999938964844,0.0,0.0,GLD
2019-09-05,191.77999877929688,183.8490753173828,0.0,0.0,QQQ
2019-09-05,297.82000732421875,268.89874267578125,0.0,0.0,SPY
2019-09-05,144.75999450683594,117.5342788696289,0.0,0.0,TLT
2019-09-06,141.9199981689453,141.9199981689453,0.0,0.0,GLD
2019-09-06,191.58999633789062,183.66688537597656,0.0,0.0,QQQ
2019-09-06,298.04998779296875,269.1064453125,0.0,0.0,SPY
2019-09-06,145.7899932861328,118.37055206298828,0.0,0.0,TLT
2019-09-09,141.38999938964844,141.38999938964844,0.0,0.0,GLD
2019-09-09,191.19000244140625,183.283447265625,0.0,0.0,QQQ
2019-09-09,298.20001220703125,269.241943359375,0.0,0.0,SPY
2019-09-09,143.1999969482422,116.26766967773438,0.0,0.0,TLT
2019-09-10,140.17999267578125,140.17999267578125,0.0,0.0,GLD
2019-09-10,190.63999938964844,182.7562255859375,0.0,0.0,QQQ
2019-09-10,298.1300048828125,269.1785888671875,0.0,0.0,SPY
2019-09-10,140.69000244140625,114.22974395751953,0.0,0.0,TLT
2019-09-11,141.02999877929688,141.02999877929688,0.0,0.0,GLD
2019-09-11,192.42999267578125,184.47216796875,0.0,0.0,QQQ
2019-09-11,300.25,271.0928039550781,0.0,0.0,SPY
2019-09-11,140.44000244140625,114.02680206298828,0.0,0.0,TLT
2019-09-12,141.32000732421875,141.32000732421875,0.0,0.0,GLD
2019-09-12,193.22999572753906,185.23907470703125,0.0,0.0,QQQ
2019-09-12,301.2900085449219,272.0318298339844,0.0,0.0,SPY
2019-09-12,139.52000427246094,113.27983093261719,0.0,0.0,TLT
2019-09-13,140.14999389648438,140.14999389648438,0.0,0.0,GLD
2019-09-13,192.5399932861328,184.5775909423828,0.0,0.0,QQQ
2019-09-13,301.0899963378906,271.8512268066406,0.0,0.0,SPY
2019-09-13,136.5399932861328,110.86024475097656,0.0,0.0,TLT
2019-09-16,141.32000732421875,141.32000732421875,0.0,0.0,GLD
2019-09-16,191.67999267578125,183.75315856933594,0.0,0.0,QQQ
2019-09-16,300.1600036621094,271.0115051269531,0.0,0.0,SPY
2019-09-16,138.27999877929688,112.27301788330078,0.0,0.0,TLT
2019-09-17,141.60000610351562,141.60000610351562,0.0,0.0,GLD
2019-09-17,192.60000610351562,184.6351318359375,0.0,0.0,QQQ
2019-09-17,300.9200134277344,271.6977844238281,0.0,0.0,SPY
2019-09-17,139.02999877929688,112.8819351196289,0.0,0.0,TLT
2019-09-18,140.7100067138672,140.7100067138672,0.0,0.0,GLD
2019-09-18,192.52000427246094,184.55845642089844,0.0,0.0,QQQ
2019-09-18,301.1000061035156,271.86029052734375,0.0,0.0,SPY
2019-09-18,139.6199951171875,113.36099243164062,0.0,0.0,TLT
2019-09-19,141.27999877929688,141.27999877929688,0.0,0.0,GLD
2019-09-19,192.83999633789062,184.8651885986328,0.0,0.0,QQQ
2019-09-19,301.0799865722656,271.8421630859375,0.0,0.0,SPY
2019-09-19,140.0399932861328,113.70198059082031,0.0,0.0,TLT
2019-09-20,142.9499969482422,142.9499969482422,0.0,0.0,GLD
2019-09-20,190.8000030517578,182.9095458984375,0.0,0.0,QQQ
2019-09-20,298.2799987792969,270.5577697753906,1.384,0.0,SPY
2019-09-20,141.88999938964844,115.20404052734375,0.0,0.0,TLT
2019-09-23,143.75,143.75,0.0,0.0,GLD
2019-09-23,190.5,182.99024963378906,0.384,0.0,QQQ
2019-09-23,298.2099914550781,270.4942932128906,0.0,0.0,SPY
2019-09-23,141.86000061035156,115.17970275878906,0.0,0.0,TLT
2019-09-24,144.50999450683594,144.50999450683594,0.0,0.0,GLD
2019-09-24,187.97000122070312,180.55996704101562,0.0,0.0,QQQ
2019-09-24,295.8699951171875,268.3717041015625,0.0,0.0,SPY
2019-09-24,143.57000732421875,116.568115234375,0.0,0.0,TLT
2019-09-25,141.8300018310547,141.8300018310547,0.0,0.0,GLD
2019-09-25,190.0800018310547,182.58680725097656,0.0,0.0,QQQ
2019-09-25,297.6199951171875,269.95916748046875,0.0,0.0,SPY
2019-09-25,141.47000122070312,114.86302185058594,0.0,0.0,TLT
2019-09-26,141.7899932861328,141.7899932861328,0.0,0.0,GLD
2019-09-26,189.3800048828125,181.91441345214844,0.0,0.0,QQQ
2019-09-26,297.0,269.396728515625,0.0,0.0,SPY
2019-09-26,142.3800048828125,115.60189819335938,0.0,0.0,TLT
2019-09-27,141.05999755859375,141.05999755859375,0.0,0.0,GLD
2019-09-27,187.02999877929688,179.6570281982422,0.0,0.0,QQQ
2019-09-27,295.3999938964844,267.94537353515625,0.0,0.0,SPY
2019-09-27,142.72999572753906,115.8861083984375,0.0,0.0,TLT
2019-09-30,138.8699951171875,138.8699951171875,0.0,0.0,GLD
2019-09-30,188.80999755859375,181.3668975830078,0.0,0.0,QQQ
2019-09-30,296.7699890136719,269.1880187988281,0.0,0.0,SPY
2019-09-30,143.0800018310547,116.1702651977539,0.0,0.0,TLT
2019-10-01,139.6300048828125,139.6300048828125,0.0,0.0,GLD
2019-10-01,187.27000427246094,179.88758850097656,0.0,0.0,QQQ
2019-10-01,293.239990234375,265.9862365722656,0.0,0.0,SPY
2019-10-01,143.25999450683594,116.51998138427734,0.25,0.0,TLT
2019-10-02,141.25999450683594,141.25999450683594,0.0,0.0,GLD
2019-10-02,184.0500030517578,176.79454040527344,0.0,0.0,QQQ
2019-10-02,288.05999755859375,261.28759765625,0.0,0.0,SPY
2019-10-02,143.61000061035156,116.8046646118164,0.0,0.0,TLT
2019-10-03,141.89999389648438,141.89999389648438,0.0,0.0,GLD
2019-10-03,186.07000732421875,178.73487854003906,0.0,0.0,QQQ
2019-10-03,290.4200134277344,263.42828369140625,0.0,0.0,SPY
2019-10-03,144.9199981689453,117.87017059326172,0.0,0.0,TLT
2019-10-04,141.89999389648438,141.89999389648438,0.0,0.0,GLD
2019-10-04,188.80999755859375,181.3668975830078,0.0,0.0,QQQ
2019-10-04,294.3500061035156,266.99310302734375,0.0,0.0,SPY
2019-10-04,145.99000549316406,118.74042510986328,0.0,0.0,TLT
2019-10-07,140.69000244140625,140.69000244140625,0.0,0.0,GLD
2019-10-07,188.24000549316406,180.81935119628906,0.0,0.0,QQQ
2019-10-07,293.0799865722656,265.8410339355469,0.0,0.0,SPY
2019-10-07,144.77999877929688,117.75633239746094,0.0,0.0,TLT
2019-10-08,141.9199981689453,141.9199981689453,0.0,0.0,GLD
2019-10-08,185.4199981689453,178.11048889160156,0.0,0.0,QQQ
2019-10-08,288.5299987792969,261.7139587402344,0.0,0.0,SPY
2019-10-08,145.1699981689453,118.07344055175781,0.0,0.0,TLT
2019-10-09,142.0500030517578,142.0500030517578,0.0,0.0,GLD
2019-10-09,187.22999572753906,179.8491668701172,0.0,0.0,QQQ
2019-10-09,291.2699890136719,264.1993408203125,0.0,0.0,SPY
2019-10-09,144.35000610351562,117.40650177001953,0.0,0.0,TLT
2019-10-10,140.80999755859375,140.80999755859375,0.0,0.0,GLD
2019-10-10,188.67999267578125,181.2419891357422,0.0,0.0,QQQ
2019-10-10,293.239990234375,265.9862365722656,0.0,0.0,SPY
2019-10-10,142.1999969482422,115.65786743164062,0.0,0.0,TLT
2019-10-11,140.02999877929688,140.02999877929688,0.0,0.0,GLD
2019-10-11,191.11000061035156,183.5762176513672,0.0,0.0,QQQ
2019-10-11,296.2799987792969,268.7435607910156,0.0,0.0,SPY
2019-10-11,140.44000244140625,114.22637939453125,0.0,0.0,TLT
2019-10-14,140.58999633789062,140.58999633789062,0.0,0.0,GLD
2019-10-14,191.08999633789062,183.5570068359375,0.0,0.0,QQQ
2019-10-14,295.95001220703125,268.4443359375,0.0,0.0,SPY
2019-10-14,141.4600067138672,115.05596923828125,0.0,0.0,TLT
2019-10-15,139.61000061035156,139.61000061035156,0.0,0.0,GLD
2019-10-15,193.52000427246094,185.89120483398438,0.0,0.0,QQQ
2019-10-15,298.8800048828125,271.10198974609375,0.0,0.0,SPY
2019-10-15,139.75,113.6651611328125,0.0,0.0,TLT
2019-10-16,140.41000366210938,140.41000366210938,0.0,0.0,GLD
2019-10-16,193.0399932861328,185.4301300048828,0.0,0.0,QQQ
2019-10-16,298.3999938964844,270.6665954589844,0.0,0.0,SPY
2019-10-16,139.9199981689453,113.80339050292969,0.0,0.0,TLT
2019-10-17,140.61000061035156,140.61000061035156,0.0,0.0,GLD
2019-10-17,193.5500030517578,185.92001342773438,0.0,0.0,QQQ
2019-10-17,299.2799987792969,271.4648742675781,0.0,0.0,SPY
2019-10-17,139.5800018310547,113.52680969238281,0.0,0.0,TLT
2019-10-18,140.4600067138672,140.4600067138672,0.0,0.0,GLD
2019-10-18,191.69000244140625,184.1333465576172,0.0,0.0,QQQ
2019-10-18,297.9700012207031,270.276611328125,0.0,0.0,SPY
2019-10-18,139.5800018310547,113.52680969238281,0.0,0.0,TLT
2019-10-21,139.7899932861328,139.7899932861328,0.0,0.0,GLD
2019-10-21,193.38999938964844,185.766357421875,0.0,0.0,QQQ
2019-10-21,299.989990234375,272.1088562011719,0.0,0.0,SPY
2019-10-21,138.52999877929688,112.67289733886719,0.0,0.0,TLT
2019-10-22,140.1999969482422,140.1999969482422,0.0,0.0,GLD
2019-10-22,191.85000610351562,184.2870330810547,0.0,0.0,QQQ
2019-10-22,299.010009765625,271.219970703125,0.0,0.0,SPY
2019-10-22,139.33999633789062,113.33165740966797,0.0,0.0,TLT
2019-10-23,140.52999877929688,140.52999877929688,0.0,0.0,GLD
2019-10-23,192.22000122070312,184.6424560546875,0.0,0.0,QQQ
2019-10-23,299.8800048828125,272.00909423828125,0.0,0.0,SPY
2019-10-23,139.47999572753906,113.44551849365234,0.0,0.0,TLT
2019-10-24,141.52999877929688,141.52999877929688,0.0,0.0,GLD
2019-10-24,194.08999633789062,186.43875122070312,0.0,0.0,QQQ
2019-10-24,300.3699951171875,272.4535217285156,0.0,0.0,SPY
2019-10-24,139.1999969482422,113.2177734375,0.0,0.0,TLT
2019-10-25,141.86000061035156,141.86000061035156,0.0,0.0,GLD
2019-10-25,195.63999938964844,187.92759704589844,0.0,0.0,QQQ
2019-10-25,301.6000061035156,273.56915283203125,0.0,0.0,SPY
2019-10-25,138.52000427246094,112.66474914550781,0.0,0.0,TLT
2019-10-28,140.63999938964844,140.63999938964844,0.0,0.0,GLD
2019-10-28,197.57000732421875,189.78152465820312,0.0,0.0,QQQ
2019-10-28,303.29998779296875,275.1112365722656,0.0,0.0,SPY
2019-10-28,137.25999450683594,111.63988494873047,0.0,0.0,TLT
2019-10-29,140.25,140.25,0.0,0.0,GLD
2019-10-29,196.0399932861328,188.3118438720703,0.0,0.0,QQQ
2019-10-29,303.2099914550781,275.029541015625,0.0,0.0,SPY
2019-10-29,137.35000610351562,111.71312713623047,0.0,0.0,TLT
2019-10-30,141.02000427246094,141.02000427246094,0.0,0.0,GLD
2019-10-30,196.99000549316406,189.2244415283203,0.0,0.0,QQQ
2019-10-30,304.1400146484375,275.8731384277344,0.0,0.0,SPY
2019-10-30,139.36000061035156,113.34793090820312,0.0,0.0,TLT
2019-10-31,142.42999267578125,142.42999267578125,0.0,0.0,GLD
2019-10-31,197.0800018310547,189.31085205078125,0.0,0.0,QQQ
2019-10-31,303.3299865722656,275.1383972167969,0.0,0.0,SPY
2019-10-31,141.24000549316406,114.87704467773438,0.0,0.0,TLT
2019-11-01,142.55999755859375,142.55999755859375,0.0,0.0,GLD
2019-11-01,198.8699951171875,191.0302734375,0.0,0.0,QQQ
2019-11-01,306.1400146484375,277.687255859375,0.0,0.0,SPY
2019-11-01,140.55999755859375,114.5234146118164,0.246,0.0,TLT
2019-11-04,142.14999389648438,142.14999389648438,0.0,0.0,GLD
2019-11-04,200.10000610351562,192.21177673339844,0.0,0.0,QQQ
2019-11-04,307.3699951171875,278.8030090332031,0.0,0.0,SPY
2019-11-04,138.7100067138672,113.01610565185547,0.0,0.0,TLT
2019-11-05,139.85000610351562,139.85000610351562,0.0,0.0,GLD
2019-11-05,200.2100067138672,192.3175048828125,0.0,0.0,QQQ
2019-11-05,307.0299987792969,278.4945983886719,0.0,0.0,SPY
2019-11-05,137.14999389648438,111.74506378173828,0.0,0.0,TLT
2019-11-06,140.4499969482422,140.4499969482422,0.0,0.0,GLD
2019-11-06,199.75999450683594,191.8851776123047,0.0,0.0,QQQ
2019-11-06,307.1000061035156,278.55804443359375,0.0,0.0,SPY
2019-11-06,137.97999572753906,112.42130279541016,0.0,0.0,TLT
2019-11-07,138.27000427246094,138.27000427246094,0.0,0.0,GLD
2019-11-07,200.42999267578125,192.52880859375,0.0,0.0,QQQ
2019-11-07,308.17999267578125,279.53765869140625,0.0,0.0,SPY
2019-11-07,135.47999572753906,110.38446807861328,0.0,0.0,TLT
2019-11-08,137.38999938964844,137.38999938964844,0.0,0.0,GLD
2019-11-08,201.22999572753906,193.29722595214844,0.0,0.0,QQQ
2019-11-08,308.94000244140625,280.22698974609375,0.0,0.0,SPY
2019-11-08,134.91000366210938,109.91999053955078,0.0,0.0,TLT
2019-11-11,137.05999755859375,137.05999755859375,0.0,0.0,GLD
2019-11-11,200.9600067138672,193.03790283203125,0.0,0.0,QQQ
2019-11-11,308.3500061035156,279.6919250488281,0.0,0.0,SPY
2019-11-11,135.0,109.99329376220703,0.0,0.0,TLT
2019-11-12,137.42999267578125,137.42999267578125,0.0,0.0,GLD
2019-11-12,201.5399932861328,193.5950469970703,0.0,0.0,QQQ
2019-11-12,309.0,280.2814636230469,0.0,0.0,SPY
2019-11-12,135.6199951171875,110.4984359741211,0.0,0.0,TLT
2019-11-13,137.97999572753906,137.97999572753906,0.0,0.0,GLD
2019-11-13,201.58999633789062,193.64306640625,0.0,0.0,QQQ
2019-11-13,309.1000061035156,280.37225341796875,0.0,0.0,SPY
2019-11-13,136.5,111.2154541015625,0.0,0.0,TLT
2019-11-14,138.55999755859375,138.55999755859375,0.0,0.0,GLD
2019-11-14,201.42999267578125,193.48936462402344,0.0,0.0,QQQ
2019-11-14,309.54998779296875,280.7803649902344,0.0,0.0,SPY
2019-11-14,137.91000366210938,112.36430358886719,0.0,0.0,TLT
2019-11-15,138.2100067138672,138.2100067138672,0.0,0.0,GLD
2019-11-15,202.91000366210938,194.91104125976562,0.0,0.0,QQQ
2019-11-15,311.7900085449219,282.8121337890625,0.0,0.0,SPY
2019-11-15,137.75999450683594,112.2420883178711,0.0,0.0,TLT
2019-11-18,138.6199951171875,138.6199951171875,0.0,0.0,GLD
2019-11-18,203.07000732421875,195.0647430419922,0.0,0.0,QQQ
2019-11-18,312.0199890136719,283.020751953125,0.0,0.0,SPY
2019-11-18,138.00999450683594,112.44577026367188,0.0,0.0,TLT
2019-11-19,138.69000244140625,138.69000244140625,0.0,0.0,GLD
2019-11-19,203.3699951171875,195.35292053222656,0.0,0.0,QQQ
2019-11-19,311.92999267578125,282.9391174316406,0.0,0.0,SPY
2019-11-19,139.16000366210938,113.38275909423828,0.0,0.0,TLT
2019-11-20,138.75999450683594,138.75999450683594,0.0,0.0,GLD
2019-11-20,202.14999389648438,194.1809844970703,0.0,0.0,QQQ
2019-11-20,310.7699890136719,281.886962890625,0.0,0.0,SPY
2019-11-20,140.60000610351562,114.55602264404297,0.0,0.0,TLT
2019-11-21,138.0,138.0,0.0,0.0,GLD
2019-11-21,201.6999969482422,193.74871826171875,0.0,0.0,QQQ
2019-11-21,310.2699890136719,281.43341064453125,0.0,0.0,SPY
2019-11-21,139.72000122070312,113.83900451660156,0.0,0.0,TLT
2019-11-22,137.74000549316406,137.74000549316406,0.0,0.0,GLD
2019-11-22,201.8300018310547,193.8736114501953,0.0,0.0,QQQ
2019-11-22,310.9599914550781,282.0592956542969,0.0,0.0,SPY
2019-11-22,139.89999389648438,113.98566436767578,0.0,0.0,TLT
2019-11-25,137.0800018310547,137.0800018310547,0.0,0.0,GLD
2019-11-25,204.22000122070312,196.1693878173828,0.0,0.0,QQQ
2019-11-25,313.3699951171875,284.2453918457031,0.0,0.0,SPY
2019-11-25,140.30999755859375,114.31976318359375,0.0,0.0,TLT
2019-11-26,137.74000549316406,137.74000549316406,0.0,0.0,GLD
2019-11-26,204.61000061035156,196.5440673828125,0.0,0.0,QQQ
2019-11-26,314.0799865722656,284.88934326171875,0.0,0.0,SPY
2019-11-26,141.1300048828125,114.98784637451172,0.0,0.0,TLT
2019-11-27,137.00999450683594,137.00999450683594,0.0,0.0,GLD
2019-11-27,206.0399932861328,197.9176483154297,0.0,0.0,QQQ
2019-11-27,315.4800109863281,286.15924072265625,0.0,0.0,SPY
2019-11-27,140.72000122070312,114.65376281738281,0.0,0.0,TLT
2019-11-29,137.86000061035156,137.86000061035156,0.0,0.0,GLD
2019-11-29,205.10000610351562,197.01470947265625,0.0,0.0,QQQ
2019-11-29,314.30999755859375,285.09796142578125,0.0,0.0,SPY
2019-11-29,140.4199981689453,114.40933227539062,0.0,0.0,TLT
2019-12-02,137.7899932861328,137.7899932861328,0.0,0.0,GLD
2019-12-02,203.0,194.9974822998047,0.0,0.0,QQQ
2019-12-02,311.6400146484375,282.6761474609375,0.0,0.0,SPY
2019-12-02,138.30999755859375,112.88396453857422,0.241,0.0,TLT
2019-12-03,139.11000061035156,139.11000061035156,0.0,0.0,GLD
2019-12-03,201.41000366210938,193.47015380859375,0.0,0.0,QQQ
2019-12-03,309.54998779296875,280.7803649902344,0.0,0.0,SPY
2019-12-03,141.2100067138672,115.25086975097656,0.0,0.0,TLT
2019-12-04,138.9199981689453,138.9199981689453,0.0,0.0,GLD
2019-12-04,202.42999267578125,194.44992065429688,0.0,0.0,QQQ
2019-12-04,311.4599914550781,282.5128173828125,0.0,0.0,SPY
2019-12-04,139.8000030517578,114.10000610351562,0.0,0.0,TLT
2019-12-05,139.0,139.0,0.0,0.0,GLD
2019-12-05,202.8300018310547,194.83419799804688,0.0,0.0,QQQ
2019-12-05,312.0199890136719,283.020751953125,0.0,0.0,SPY
2019-12-05,139.1199951171875,113.54505920410156,0.0,0.0,TLT
2019-12-06,137.6199951171875,137.6199951171875,0.0,0.0,GLD
2019-12-06,205.0,196.91864013671875,0.0,0.0,QQQ
2019-12-06,314.8699951171875,285.60595703125,0.0,0.0,SPY
2019-12-06,138.35000610351562,112.9166259765625,0.0,0.0,TLT
2019-12-09,137.5800018310547,137.5800018310547,0.0,0.0,GLD
2019-12-09,204.07000732421875,196.02529907226562,0.0,0.0,QQQ
2019-12-09,313.8800048828125,284.70794677734375,0.0,0.0,SPY
2019-12-09,138.64999389648438,113.16142272949219,0.0,0.0,TLT
2019-12-10,137.97000122070312,137.97000122070312,0.0,0.0,GLD
2019-12-10,203.89999389648438,195.8620147705078,0.0,0.0,QQQ
2019-12-10,313.5299987792969,284.3904724121094,0.0,0.0,SPY
2019-12-10,138.66000366210938,113.16958618164062,0.0,0.0,TLT
2019-12-11,138.9199981689453,138.9199981689453,0.0,0.0,GLD
2019-12-11,204.97999572753906,196.89942932128906,0.0,0.0,QQQ
2019-12-11,314.4200134277344,285.1977844238281,0.0,0.0,SPY
2019-12-11,139.75,114.05918884277344,0.0,0.0,TLT
2019-12-12,138.42999267578125,138.42999267578125,0.0,0.0,GLD
2019-12-12,206.50999450683594,198.3690948486328,0.0,0.0,QQQ
2019-12-12,317.1300048828125,287.6559143066406,0.0,0.0,SPY
2019-12-12,137.4499969482422,112.18204498291016,0.0,0.0,TLT
2019-12-13,139.0500030517578,139.0500030517578,0.0,0.0,GLD
2019-12-13,207.19000244140625,199.02230834960938,0.0,0.0,QQQ
2019-12-13,317.32000732421875,287.8282470703125,0.0,0.0,SPY
2019-12-13,139.0399932861328,113.47978210449219,0.0,0.0,TLT
2019-12-16,139.0399932861328,139.0399932861328,0.0,0.0,GLD
2019-12-16,209.27000427246094,201.02029418945312,0.0,0.0,QQQ
2019-12-16,319.5,289.8056335449219,0.0,0.0,SPY
2019-12-16,137.7899932861328,112.45954132080078,0.0,0.0,TLT
2019-12-17,139.00999450683594,139.00999450683594,0.0,0.0,GLD
2019-12-17,209.38999938964844,201.1355743408203,0.0,0.0,QQQ
2019-12-17,319.57000732421875,289.869140625,0.0,0.0,SPY
2019-12-17,137.60000610351562,112.3044662475586,0.0,0.0,TLT
2019-12-18,139.02000427246094,139.02000427246094,0.0,0.0,GLD
2019-12-18,209.5500030517578,201.2892608642578,0.0,0.0,QQQ
2019-12-18,319.5899963378906,289.8871765136719,0.0,0.0,SPY
2019-12-18,136.47000122070312,111.38219451904297,0.0,0.0,TLT
2019-12-19,139.3800048828125,139.3800048828125,0.0,0.0,GLD
2019-12-19,210.86000061035156,202.54757690429688,0.0,0.0,QQQ
2019-12-19,320.8999938964844,291.075439453125,0.0,0.0,SPY
2019-12-19,136.47000122070312,111.56039428710938,0.218,0.0,TLT
2019-12-20,139.52000427246094,139.52000427246094,0.0,0.0,GLD
2019-12-20,211.7100067138672,203.36412048339844,0.0,0.0,QQQ
2019-12-20,320.7300109863281,292.3516540527344,1.57,0.0,SPY
2019-12-20,136.64999389648438,111.70755767822266,0.0,0.0,TLT
2019-12-23,139.9499969482422,139.9499969482422,0.0,0.0,GLD
2019-12-23,211.80999755859375,203.90130615234375,0.458,0.0,QQQ
2019-12-23,321.2200012207031,292.7982482910156,0.0,0.0,SPY
2019-12-23,136.4499969482422,111.54405212402344,0.0,0.0,TLT
2019-12-24,141.27000427246094,141.27000427246094,0.0,0.0,GLD
2019-12-24,211.9199981689453,204.00721740722656,0.0,0.0,QQQ
2019-12-24,321.2300109863281,292.80731201171875,0.0,0.0,SPY
2019-12-24,136.83999633789062,111.86284637451172,0.0,0.0,TLT
2019-12-26,142.3800048828125,142.3800048828125,0.0,0.0,GLD
2019-12-26,213.7899932861328,205.807373046875,0.0,0.0,QQQ
2019-12-26,322.94000244140625,294.3660583496094,0.0,0.0,SPY
2019-12-26,137.1699981689453,112.13265228271484,0.0,0.0,TLT
2019-12-27,142.3300018310547,142.3300018310547,0.0,0.0,GLD
2019-12-27,213.61000061035156,205.63406372070312,0.0,0.0,QQQ
2019-12-27,322.8599853515625,294.2930908203125,0.0,0.0,SPY
2019-12-27,137.32000732421875,112.25528717041016,0.0,0.0,TLT
2019-12-30,142.6300048828125,142.6300048828125,0.0,0.0,GLD
2019-12-30,212.2100067138672,204.286376953125,0.0,0.0,QQQ
2019-12-30,321.0799865722656,292.6706237792969,0.0,0.0,SPY
2019-12-30,136.82000732421875,111.84649658203125,0.0,0.0,TLT
2019-12-31,142.89999389648438,142.89999389648438,0.0,0.0,GLD
2019-12-31,212.61000061035156,204.67141723632812,0.0,0.0,QQQ
2019-12-31,321.8599853515625,293.38165283203125,0.0,0.0,SPY
2019-12-31,135.47999572753906,110.75113677978516,0.0,0.0,TLT
2020-01-02,143.9499969482422,143.9499969482422,0.0,0.0,GLD
2020-01-02,216.16000366210938,208.0888671875,0.0,0.0,QQQ
2020-01-02,324.8699951171875,296.1253356933594,0.0,0.0,SPY
2020-01-02,137.00999450683594,112.00183868408203,0.0,0.0,TLT
2020-01-03,145.86000061035156,145.86000061035156,0.0,0.0,GLD
2020-01-03,214.17999267578125,206.1827850341797,0.0,0.0,QQQ
2020-01-03,322.4100036621094,293.8829345703125,0.0,0.0,SPY
2020-01-03,139.1199951171875,113.72669982910156,0.0,0.0,TLT
2020-01-06,147.38999938964844,147.38999938964844,0.0,0.0,GLD
2020-01-06,215.55999755859375,207.51124572753906,0.0,0.0,QQQ
2020-01-06,323.6400146484375,295.0041198730469,0.0,0.0,SPY
2020-01-06,138.3300018310547,113.08088684082031,0.0,0.0,TLT
2020-01-07,147.97000122070312,147.97000122070312,0.0,0.0,GLD
2020-01-07,215.52999877929688,207.4823760986328,0.0,0.0,QQQ
2020-01-07,322.7300109863281,294.1746826171875,0.0,0.0,SPY
2020-01-07,137.64999389648438,112.52498626708984,0.0,0.0,TLT
2020-01-08,146.86000061035156,146.86000061035156,0.0,0.0,GLD
2020-01-08,217.14999389648438,209.0418701171875,0.0,0.0,QQQ
2020-01-08,324.45001220703125,295.74249267578125,0.0,0.0,SPY
2020-01-08,136.74000549316406,111.7811050415039,0.0,0.0,TLT
2020-01-09,146.02999877929688,146.02999877929688,0.0,0.0,GLD
2020-01-09,218.99000549316406,210.8131866455078,0.0,0.0,QQQ
2020-01-09,326.6499938964844,297.747802734375,0.0,0.0,SPY
2020-01-09,137.22000122070312,112.17352294921875,0.0,0.0,TLT
2020-01-10,146.91000366210938,146.91000366210938,0.0,0.0,GLD
2020-01-10,218.42999267578125,210.27413940429688,0.0,0.0,QQQ
2020-01-10,325.7099914550781,296.8909912109375,0.0,0.0,SPY
2020-01-10,138.44000244140625,113.17081451416016,0.0,0.0,TLT
2020-01-13,145.82000732421875,145.82000732421875,0.0,0.0,GLD
2020-01-13,220.9499969482422,212.70001220703125,0.0,0.0,QQQ
2020-01-13,327.95001220703125,298.93280029296875,0.0,0.0,SPY
2020-01-13,138.02000427246094,112.82745361328125,0.0,0.0,TLT
2020-01-14,145.69000244140625,145.69000244140625,0.0,0.0,GLD
2020-01-14,220.0800018310547,211.86251831054688,0.0,0.0,QQQ
2020-01-14,327.45001220703125,298.4769592285156,0.0,0.0,SPY
2020-01-14,138.72999572753906,113.40787506103516,0.0,0.0,TLT
2020-01-15,146.5399932861328,146.5399932861328,0.0,0.0,GLD
2020-01-15,220.1699981689453,211.94915771484375,0.0,0.0,QQQ
2020-01-15,328.19000244140625,299.151611328125,0.0,0.0,SPY
2020-01-15,139.64999389648438,114.15998077392578,0.0,0.0,TLT
2020-01-16,146.30999755859375,146.30999755859375,0.0,0.0,GLD
2020-01-16,222.27999877929688,213.98036193847656,0.0,0.0,QQQ
2020-01-16,330.9200134277344,301.64007568359375,0.0,0.0,SPY
2020-01-16,139.2100067138672,113.80030059814453,0.0,0.0,TLT
2020-01-17,146.5800018310547,146.5800018310547,0.0,0.0,GLD
2020-01-17,223.3800048828125,215.03927612304688,0.0,0.0,QQQ
2020-01-17,331.95001220703125,302.5788879394531,0.0,0.0,SPY
2020-01-17,138.02000427246094,112.82745361328125,0.0,0.0,TLT
2020-01-21,146.74000549316406,146.74000549316406,0.0,0.0,GLD
2020-01-21,223.27999877929688,214.94296264648438,0.0,0.0,QQQ
2020-01-21,331.29998779296875,301.98626708984375,0.0,0.0,SPY
2020-01-21,139.47000122070312,114.01277160644531,0.0,0.0,TLT
2020-01-22,146.7899932861328,146.7899932861328,0.0,0.0,GLD
2020-01-22,223.8699951171875,215.51095581054688,0.0,0.0,QQQ
2020-01-22,331.3399963378906,302.0228576660156,0.0,0.0,SPY
2020-01-22,139.9600067138672,114.41339874267578,0.0,0.0,TLT
2020-01-23,147.1199951171875,147.1199951171875,0.0,0.0,GLD
2020-01-23,224.58999633789062,216.2041473388672,0.0,0.0,QQQ
2020-01-23,331.7200012207031,302.3692626953125,0.0,0.0,SPY
2020-01-23,140.94000244140625,115.2145004272461,0.0,0.0,TLT
2020-01-24,147.97999572753906,147.97999572753906,0.0,0.0,GLD
2020-01-24,222.6999969482422,214.38470458984375,0.0,0.0,QQQ
2020-01-24,328.7699890136719,299.6802062988281,0.0,0.0,SPY
2020-01-24,142.0800018310547,116.14644622802734,0.0,0.0,TLT
2020-01-27,148.99000549316406,148.99000549316406,0.0,0.0,GLD
2020-01-27,218.10000610351562,209.9564208984375,0.0,0.0,QQQ
2020-01-27,323.5,294.87646484375,0.0,0.0,SPY
2020-01-27,144.2899932861328,117.95304107666016,0.0,0.0,TLT
2020-01-28,147.66000366210938,147.66000366210938,0.0,0.0,GLD
2020-01-28,221.4499969482422,213.1813507080078,0.0,0.0,QQQ
2020-01-28,326.8900146484375,297.9665832519531,0.0,0.0,SPY
2020-01-28,143.16000366210938,117.02930450439453,0.0,0.0,TLT
2020-01-29,148.4600067138672,148.4600067138672,0.0,0.0,GLD
2020-01-29,221.80999755859375,213.52789306640625,0.0,0.0,QQQ
2020-01-29,326.6199951171875,297.7204284667969,0.0,0.0,SPY
2020-01-29,144.55999755859375,118.17378997802734,0.0,0.0,TLT
2020-01-30,148.47000122070312,148.47000122070312,0.0,0.0,GLD
2020-01-30,222.60000610351562,214.2883758544922,0.0,0.0,QQQ
2020-01-30,327.67999267578125,298.6866149902344,0.0,0.0,SPY
2020-01-30,144.5800018310547,118.19011688232422,0.0,0.0,TLT
2020-01-31,149.3300018310547,149.3300018310547,0.0,0.0,GLD
2020-01-31,219.07000732421875,210.8902587890625,0.0,0.0,QQQ
2020-01-31,321.7300109863281,293.2630920410156,0.0,0.0,SPY
2020-01-31,145.89999389648438,119.2691879272461,0.0,0.0,TLT
2020-02-03,148.36000061035156,148.36000061035156,0.0,0.0,GLD
2020-02-03,222.3800048828125,214.07662963867188,0.0,0.0,QQQ
2020-02-03,324.1199951171875,295.4416809082031,0.0,0.0,SPY
2020-02-03,145.5399932861328,119.17257690429688,0.242,0.0,TLT
2020-02-04,146.42999267578125,146.42999267578125,0.0,0.0,GLD
2020-02-04,227.47000122070312,218.97659301757812,0.0,0.0,QQQ
2020-02-04,329.05999755859375,299.9445495605469,0.0,0.0,SPY
2020-02-04,143.5800018310547,117.56761932373047,0.0,0.0,TLT
2020-02-05,146.61000061035156,146.61000061035156,0.0,0.0,GLD
2020-02-05,228.22000122070312,219.6985626220703,0.0,0.0,QQQ
2020-02-05,332.8599853515625,303.4082946777344,0.0,0.0,SPY
2020-02-05,142.00999450683594,116.28202819824219,0.0,0.0,TLT
2020-02-06,147.39999389648438,147.39999389648438,0.0,0.0,GLD
2020-02-06,230.19000244140625,221.594970703125,0.0,0.0,QQQ
2020-02-06,333.9800109863281,304.4292297363281,0.0,0.0,SPY
2020-02-06,142.64999389648438,116.80609130859375,0.0,0.0,TLT
2020-02-07,147.7899932861328,147.7899932861328,0.0,0.0,GLD
2020-02-07,229.1999969482422,220.64198303222656,0.0,0.0,QQQ
2020-02-07,332.20001220703125,302.8067321777344,0.0,0.0,SPY
2020-02-07,144.42999267578125,118.26362609863281,0.0,0.0,TLT
2020-02-10,148.1699981689453,148.1699981689453,0.0,0.0,GLD
2020-02-10,231.97000122070312,223.3085479736328,0.0,0.0,QQQ
2020-02-10,334.67999267578125,305.0672302246094,0.0,0.0,SPY
2020-02-10,144.8300018310547,118.59117889404297,0.0,0.0,TLT
2020-02-11,147.66000366210938,147.66000366210938,0.0,0.0,GLD
2020-02-11,232.00999450683594,223.34703063964844,0.0,0.0,QQQ
2020-02-11,335.260009765625,305.595947265625,0.0,0.0,SPY
2020-02-11,144.10000610351562,117.99340057373047,0.0,0.0,TLT
2020-02-12,147.5399932861328,147.5399932861328,0.0,0.0,GLD
2020-02-12,234.27000427246094,225.52268981933594,0.0,0.0,QQQ
2020-02-12,337.4200134277344,307.5648498535156,0.0,0.0,SPY
2020-02-12,143.3699951171875,117.39566802978516,0.0,0.0,TLT
2020-02-13,148.3800048828125,148.3800048828125,0.0,0.0,GLD
2020-02-13,233.97000122070312,225.23388671875,0.0,0.0,QQQ
2020-02-13,337.05999755859375,307.2367248535156,0.0,0.0,SPY
2020-02-13,143.9199981689453,117.84605407714844,0.0,0.0,TLT
2020-02-14,149.0,149.0,0.0,0.0,GLD
2020-02-14,234.63999938964844,225.87884521484375,0.0,0.0,QQQ
2020-02-14,337.6000061035156,307.72894287109375,0.0,0.0,SPY
2020-02-14,144.5500030517578,118.36186981201172,0.0,0.0,TLT
2020-02-18,150.91000366210938,150.91000366210938,0.0,0.0,GLD
2020-02-18,234.72999572753906,225.96546936035156,0.0,0.0,QQQ
2020-02-18,336.7300109863281,306.9359436035156,0.0,0.0,SPY
2020-02-18,145.5399932861328,119.17257690429688,0.0,0.0,TLT
2020-02-19,151.7899932861328,151.7899932861328,0.0,0.0,GLD
2020-02-19,236.97999572753906,228.1314239501953,0.0,0.0,QQQ
2020-02-19,338.3399963378906,308.4034118652344,0.0,0.0,SPY
2020-02-19,145.52999877929688,119.16434478759766,0.0,0.0,TLT
2020-02-20,152.41000366210938,152.41000366210938,0.0,0.0,GLD
2020-02-20,234.77999877929688,226.01361083984375,0.0,0.0,QQQ
2020-02-20,336.95001220703125,307.136474609375,0.0,0.0,SPY
2020-02-20,146.6699981689453,120.09783935546875,0.0,0.0,TLT
2020-02-21,154.6999969482422,154.6999969482422,0.0,0.0,GLD
2020-02-21,230.27000427246094,221.67196655273438,0.0,0.0,QQQ
2020-02-21,333.4800109863281,303.97344970703125,0.0,0.0,SPY
2020-02-21,148.0399932861328,121.2196044921875,0.0,0.0,TLT
2020-02-24,156.08999633789062,156.08999633789062,0.0,0.0,GLD
2020-02-24,221.38999938964844,213.12359619140625,0.0,0.0,QQQ
2020-02-24,322.4200134277344,293.89208984375,0.0,0.0,SPY
2020-02-24,150.25,123.02925109863281,0.0,0.0,TLT
2020-02-25,153.3000030517578,153.3000030517578,0.0,0.0,GLD
2020-02-25,215.3699951171875,207.32833862304688,0.0,0.0,QQQ
2020-02-25,312.6499938964844,284.9865417480469,0.0,0.0,SPY
2020-02-25,151.0500030517578,123.68429565429688,0.0,0.0,TLT
2020-02-26,153.97000122070312,153.97000122070312,0.0,0.0,GLD
2020-02-26,216.47999572753906,208.39694213867188,0.0,0.0,QQQ
2020-02-26,311.5,283.9382629394531,0.0,0.0,SPY
2020-02-26,150.25,123.02925109863281,0.0,0.0,TLT
2020-02-27,154.0,154.0,0.0,0.0,GLD
2020-02-27,205.63999938964844,197.96170043945312,0.0,0.0,QQQ
2020-02-27,297.510009765625,271.1861267089844,0.0,0.0,SPY
2020-02-27,151.8800048828125,124.36392211914062,0.0,0.0,TLT
2020-02-28,148.3800048828125,148.3800048828125,0.0,0.0,GLD
2020-02-28,205.8000030517578,198.11569213867188,0.0,0.0,QQQ
2020-02-28,296.260009765625,270.0467224121094,0.0,0.0,SPY
2020-02-28,155.30999755859375,127.1725082397461,0.0,0.0,TLT
2020-03-02,149.1999969482422,149.1999969482422,0.0,0.0,GLD
2020-03-02,216.4199981689453,208.33914184570312,0.0,0.0,QQQ
2020-03-02,309.0899963378906,281.7414855957031,0.0,0.0,SPY
2020-03-02,153.94000244140625,126.23688507080078,0.229,0.0,TLT
2020-03-03,153.88999938964844,153.88999938964844,0.0,0.0,GLD
2020-03-03,209.47999572753906,201.65829467773438,0.0,0.0,QQQ
2020-03-03,300.239990234375,273.67462158203125,0.0,0.0,SPY
2020-03-03,156.3300018310547,128.19671630859375,0.0,0.0,TLT
2020-03-04,154.16000366210938,154.16000366210938,0.0,0.0,GLD
2020-03-04,218.22000122070312,210.07192993164062,0.0,0.0,QQQ
2020-03-04,312.8599853515625,285.17803955078125,0.0,0.0,SPY
2020-03-04,154.6699981689453,126.83548736572266,0.0,0.0,TLT
2020-03-05,157.49000549316406,157.49000549316406,0.0,0.0,GLD
2020-03-05,211.58999633789062,203.689453125,0.0,0.0,QQQ
2020-03-05,302.4599914550781,275.6981201171875,0.0,0.0,SPY
2020-03-05,158.52000427246094,129.99266052246094,0.0,0.0,TLT
2020-03-06,157.5500030517578,157.5500030517578,0.0,0.0,GLD
2020-03-06,208.02000427246094,200.2528076171875,0.0,0.0,QQQ
2020-03-06,297.4599914550781,271.1405029296875,0.0,0.0,SPY
2020-03-06,166.77000427246094,136.75794982910156,0.0,0.0,TLT
2020-03-09,157.80999755859375,157.80999755859375,0.0,0.0,GLD
2020-03-09,193.57000732421875,186.34237670898438,0.0,0.0,QQQ
2020-03-09,274.2300109863281,249.9660186767578,0.0,0.0,SPY
2020-03-09,171.2899932861328,140.46453857421875,0.0,0.0,TLT
2020-03-10,154.47999572753906,154.47999572753906,0.0,0.0,GLD
2020-03-10,204.11000061035156,196.48876953125,0.0,0.0,QQQ
2020-03-10,288.4200134277344,262.90045166015625,0.0,0.0,SPY
2020-03-10,162.50999450683594,133.26454162597656,0.0,0.0,TLT
2020-03-11,153.92999267578125,153.92999267578125,0.0,0.0,GLD
2020-03-11,195.22000122070312,187.93077087402344,0.0,0.0,QQQ
2020-03-11,274.3599853515625,250.08441162109375,0.0,0.0,SPY
2020-03-11,156.52999877929688,128.3607177734375,0.0,0.0,TLT
2020-03-12,147.7899932861328,147.7899932861328,0.0,0.0,GLD
2020-03-12,177.32000732421875,170.69908142089844,0.0,0.0,QQQ
2020-03-12,248.11000061035156,226.15704345703125,0.0,0.0,SPY
2020-03-12,157.5,129.15623474121094,0.0,0.0,TLT
2020-03-13,143.27999877929688,143.27999877929688,0.0,0.0,GLD
2020-03-13,192.33999633789062,185.1582489013672,0.0,0.0,QQQ
2020-03-13,269.32000732421875,245.4904327392578,0.0,0.0,SPY
2020-03-13,153.94000244140625,126.23688507080078,0.0,0.0,TLT
2020-03-16,141.63999938964844,141.63999938964844,0.0,0.0,GLD
2020-03-16,169.3000030517578,162.97857666015625,0.0,0.0,QQQ
2020-03-16,239.85000610351562,218.62791442871094,0.0,0.0,SPY
2020-03-16,163.91000366210938,134.41261291503906,0.0,0.0,TLT
2020-03-17,143.55999755859375,143.55999755859375,0.0,0.0,GLD
2020-03-17,182.13999938964844,175.33917236328125,0.0,0.0,QQQ
2020-03-17,252.8000030517578,230.4320831298828,0.0,0.0,SPY
2020-03-17,152.97999572753906,125.44966125488281,0.0,0.0,TLT
2020-03-18,140.6999969482422,140.6999969482422,0.0,0.0,GLD
2020-03-18,176.60000610351562,170.00596618652344,0.0,0.0,QQQ
2020-03-18,240.0,218.76461791992188,0.0,0.0,SPY
2020-03-18,144.35000610351562,118.37265014648438,0.0,0.0,TLT
2020-03-19,138.0399932861328,138.0399932861328,0.0,0.0,GLD
2020-03-19,177.66000366210938,171.02642822265625,0.0,0.0,QQQ
2020-03-19,240.50999450683594,219.2294921875,0.0,0.0,SPY
2020-03-19,148.27999877929688,121.59545135498047,0.0,0.0,TLT
2020-03-20,140.11000061035156,140.11000061035156,0.0,0.0,GLD
2020-03-20,170.6999969482422,164.3262939453125,0.0,0.0,QQQ
2020-03-20,228.8000030517578,209.78199768066406,1.406,0.0,SPY
2020-03-20,159.42999267578125,130.73883056640625,0.0,0.0,TLT
2020-03-23,146.3000030517578,146.3000030517578,0.0,0.0,GLD
2020-03-23,170.4600067138672,164.44493103027344,0.363,0.0,QQQ
2020-03-23,222.9499969482422,204.41827392578125,0.0,0.0,SPY
2020-03-23,166.0,136.1265106201172,0.0,0.0,TLT
2020-03-24,153.39999389648438,153.39999389648438,0.0,0.0,GLD
2020-03-24,183.66000366210938,177.17918395996094,0.0,0.0,QQQ
2020-03-24,243.14999389648438,222.93919372558594,0.0,0.0,SPY
2020-03-24,162.91000366210938,133.59254455566406,0.0,0.0,TLT
2020-03-25,151.3000030517578,151.3000030517578,0.0,0.0,GLD
2020-03-25,182.3000030517578,175.8671417236328,0.0,0.0,QQQ
2020-03-25,246.7899932861328,226.2766876220703,0.0,0.0,SPY
2020-03-25,162.5399932861328,133.28915405273438,0.0,0.0,TLT
2020-03-26,153.24000549316406,153.24000549316406,0.0,0.0,GLD
2020-03-26,191.89999389648438,185.12841796875,0.0,0.0,QQQ
2020-03-26,261.20001220703125,239.48886108398438,0.0,0.0,SPY
2020-03-26,163.33999633789062,133.94517517089844,0.0,0.0,TLT
2020-03-27,152.25,152.25,0.0,0.0,GLD
2020-03-27,185.3000030517578,178.76129150390625,0.0,0.0,QQQ
2020-03-27,253.4199981689453,232.3555450439453,0.0,0.0,SPY
2020-03-27,167.6999969482422,137.52061462402344,0.0,0.0,TLT
2020-03-30,152.9199981689453,152.9199981689453,0.0,0.0,GLD
2020-03-30,192.0399932861328,185.26345825195312,0.0,0.0,QQQ
2020-03-30,261.6499938964844,239.90145874023438,0.0,0.0,SPY
2020-03-30,166.32000732421875,136.38893127441406,0.0,0.0,TLT
2020-03-31,148.0500030517578,148.0500030517578,0.0,0.0,GLD
2020-03-31,190.39999389648438,183.6812744140625,0.0,0.0,QQQ
2020-03-31,257.75,236.32566833496094,0.0,0.0,SPY
2020-03-31,164.97000122070312,135.2819061279297,0.0,0.0,TLT
2020-04-01,149.4499969482422,149.4499969482422,0.0,0.0,GLD
2020-04-01,182.30999755859375,175.87677001953125,0.0,0.0,QQQ
2020-04-01,246.14999389648438,225.68988037109375,0.0,0.0,SPY
2020-04-01,167.0399932861328,137.17726135253906,0.238,0.0,TLT
2020-04-02,151.89999389648438,151.89999389648438,0.0,0.0,GLD
2020-04-02,186.00999450683594,179.44622802734375,0.0,0.0,QQQ
2020-04-02,251.8300018310547,230.897705078125,0.0,0.0,SPY
2020-04-02,168.10000610351562,138.04776000976562,0.0,0.0,TLT
2020-04-03,152.64999389648438,152.64999389648438,0.0,0.0,GLD
2020-04-03,183.3699951171875,176.8993682861328,0.0,0.0,QQQ
2020-04-03,248.19000244140625,227.56028747558594,0.0,0.0,SPY
2020-04-03,168.5,138.37628173828125,0.0,0.0,TLT
2020-04-06,156.8800048828125,156.8800048828125,0.0,0.0,GLD
2020-04-06,196.47999572753906,189.54673767089844,0.0,0.0,QQQ
2020-04-06,264.8599853515625,242.84466552734375,0.0,0.0,SPY
2020-04-06,168.05999755859375,138.01495361328125,0.0,0.0,TLT
2020-04-07,156.0399932861328,156.0399932861328,0.0,0.0,GLD
2020-04-07,196.39999389648438,189.46958923339844,0.0,0.0,QQQ
2020-04-07,265.1300048828125,243.0922088623047,0.0,0.0,SPY
2020-04-07,166.3000030517578,136.56961059570312,0.0,0.0,TLT
2020-04-08,154.64999389648438,154.64999389648438,0.0,0.0,GLD
2020-04-08,200.57000732421875,193.4924774169922,0.0,0.0,QQQ
2020-04-08,274.0299987792969,251.25238037109375,0.0,0.0,SPY
2020-04-08,165.08999633789062,135.5758819580078,0.0,0.0,TLT
2020-04-09,158.69000244140625,158.69000244140625,0.0,0.0,GLD
2020-04-09,200.86000061035156,193.77220153808594,0.0,0.0,QQQ
2020-04-09,278.20001220703125,255.0758514404297,0.0,0.0,SPY
2020-04-09,165.38999938964844,135.8222198486328,0.0,0.0,TLT
2020-04-13,161.41000366210938,161.41000366210938,0.0,0.0,GLD
2020-04-13,203.02999877929688,195.86561584472656,0.0,0.0,QQQ
2020-04-13,275.6600036621094,252.74697875976562,0.0,0.0,SPY
2020-04-13,163.8800048828125,134.58224487304688,0.0,0.0,TLT
2020-04-14,162.67999267578125,162.67999267578125,0.0,0.0,GLD
2020-04-14,211.86000061035156,204.38404846191406,0.0,0.0,QQQ
2020-04-14,283.7900085449219,260.2012634277344,0.0,0.0,SPY
2020-04-14,163.83999633789062,134.54934692382812,0.0,0.0,TLT
2020-04-15,161.85000610351562,161.85000610351562,0.0,0.0,GLD
2020-04-15,209.42999267578125,202.03982543945312,0.0,0.0,QQQ
2020-04-15,277.760009765625,254.67237854003906,0.0,0.0,SPY
2020-04-15,168.17999267578125,138.1134033203125,0.0,0.0,TLT
2020-04-16,161.7100067138672,161.7100067138672,0.0,0.0,GLD
2020-04-16,213.25,205.72499084472656,0.0,0.0,QQQ
2020-04-16,279.1000061035156,255.90098571777344,0.0,0.0,SPY
2020-04-16,170.08999633789062,139.68202209472656,0.0,0.0,TLT
2020-04-17,158.57000732421875,158.57000732421875,0.0,0.0,GLD
2020-04-17,215.2899932861328,207.6929931640625,0.0,0.0,QQQ
2020-04-17,286.6400146484375,262.81427001953125,0.0,0.0,SPY
2020-04-17,167.80999755859375,137.80960083007812,0.0,0.0,TLT
2020-04-20,159.6999969482422,159.6999969482422,0.0,0.0,GLD
2020-04-20,212.74000549316406,205.23301696777344,0.0,0.0,QQQ
2020-04-20,281.5899963378906,258.18408203125,0.0,0.0,SPY
2020-04-20,169.16000366210938,138.9182891845703,0.0,0.0,TLT
2020-04-21,158.61000061035156,158.61000061035156,0.0,0.0,GLD
2020-04-21,204.88999938964844,197.66000366210938,0.0,0.0,QQQ
2020-04-21,273.0400085449219,250.34475708007812,0.0,0.0,SPY
2020-04-21,171.2899932861328,140.66744995117188,0.0,0.0,TLT
2020-04-22,161.72999572753906,161.72999572753906,0.0,0.0,GLD
2020-04-22,210.97000122070312,203.5254364013672,0.0,0.0,QQQ
2020-04-22,279.1000061035156,255.90098571777344,0.0,0.0,SPY
2020-04-22,169.5399932861328,139.2303466796875,0.0,0.0,TLT
2020-04-23,163.33999633789062,163.33999633789062,0.0,0.0,GLD
2020-04-23,210.52000427246094,203.09132385253906,0.0,0.0,QQQ
2020-04-23,279.0799865722656,255.88267517089844,0.0,0.0,SPY
2020-04-23,170.44000244140625,139.96946716308594,0.0,0.0,TLT
2020-04-24,162.63999938964844,162.63999938964844,0.0,0.0,GLD
2020-04-24,213.83999633789062,206.294189453125,0.0,0.0,QQQ
2020-04-24,282.9700012207031,259.4493713378906,0.0,0.0,SPY
2020-04-24,170.83999633789062,140.29795837402344,0.0,0.0,TLT
2020-04-27,161.55999755859375,161.55999755859375,0.0,0.0,GLD
2020-04-27,215.55999755859375,207.9534912109375,0.0,0.0,QQQ
2020-04-27,287.04998779296875,263.19024658203125,0.0,0.0,SPY
2020-04-27,167.66000366210938,137.6865234375,0.0,0.0,TLT
2020-04-28,160.83999633789062,160.83999633789062,0.0,0.0,GLD
2020-04-28,211.5,204.03677368164062,0.0,0.0,QQQ
2020-04-28,285.7300109863281,261.9798889160156,0.0,0.0,SPY
2020-04-28,169.58999633789062,139.2713623046875,0.0,0.0,TLT
2020-04-29,161.72999572753906,161.72999572753906,0.0,0.0,GLD
2020-04-29,219.0,211.2720947265625,0.0,0.0,QQQ
2020-04-29,293.2099914550781,268.8381042480469,0.0,0.0,SPY
2020-04-29,168.7100067138672,138.5487518310547,0.0,0.0,TLT
2020-04-30,158.8000030517578,158.8000030517578,0.0,0.0,GLD
2020-04-30,218.91000366210938,211.18533325195312,0.0,0.0,QQQ
2020-04-30,290.4800109863281,266.33514404296875,0.0,0.0,SPY
2020-04-30,166.74000549316406,136.93092346191406,0.0,0.0,TLT
2020-05-01,159.77999877929688,159.77999877929688,0.0,0.0,GLD
2020-05-01,212.74000549316406,205.23301696777344,0.0,0.0,QQQ
2020-05-01,282.7900085449219,259.2843322753906,0.0,0.0,SPY
2020-05-01,167.9499969482422,138.1034393310547,0.216,0.0,TLT
2020-05-04,160.33999633789062,160.33999633789062,0.0,0.0,GLD
2020-05-04,215.22000122070312,207.62547302246094,0.0,0.0,QQQ
2020-05-04,283.57000732421875,259.99951171875,0.0,0.0,SPY
2020-05-04,167.16000366210938,137.45394897460938,0.0,0.0,TLT
2020-05-05,161.02000427246094,161.02000427246094,0.0,0.0,GLD
2020-05-05,217.66000366210938,209.97938537597656,0.0,0.0,QQQ
2020-05-05,286.19000244140625,262.40167236328125,0.0,0.0,SPY
2020-05-05,166.08999633789062,136.57400512695312,0.0,0.0,TLT
2020-05-06,158.9499969482422,158.9499969482422,0.0,0.0,GLD
2020-05-06,219.0,211.2720947265625,0.0,0.0,QQQ
2020-05-06,284.25,260.6229248046875,0.0,0.0,SPY
2020-05-06,163.41000366210938,134.37022399902344,0.0,0.0,TLT
2020-05-07,161.38999938964844,161.38999938964844,0.0,0.0,GLD
2020-05-07,221.82000732421875,213.99258422851562,0.0,0.0,QQQ
2020-05-07,287.67999267578125,263.76776123046875,0.0,0.0,SPY
2020-05-07,166.13999938964844,136.61512756347656,0.0,0.0,TLT
2020-05-08,160.4199981689453,160.4199981689453,0.0,0.0,GLD
2020-05-08,224.86000061035156,216.92532348632812,0.0,0.0,QQQ
2020-05-08,292.44000244140625,268.1322021484375,0.0,0.0,SPY
2020-05-08,163.97999572753906,134.83895874023438,0.0,0.0,TLT
2020-05-11,159.4199981689453,159.4199981689453,0.0,0.0,GLD
2020-05-11,226.8699951171875,218.86436462402344,0.0,0.0,QQQ
2020-05-11,292.5,268.1871643066406,0.0,0.0,SPY
2020-05-11,162.6999969482422,133.78643798828125,0.0,0.0,TLT
2020-05-12,160.0399932861328,160.0399932861328,0.0,0.0,GLD
2020-05-12,222.1199951171875,214.28199768066406,0.0,0.0,QQQ
2020-05-12,286.6700134277344,262.8417663574219,0.0,0.0,SPY
2020-05-12,164.3699951171875,135.15968322753906,0.0,0.0,TLT
2020-05-13,161.5800018310547,161.5800018310547,0.0,0.0,GLD
2020-05-13,219.33999633789062,211.60006713867188,0.0,0.0,QQQ
2020-05-13,281.6000061035156,258.1932067871094,0.0,0.0,SPY
2020-05-13,165.52000427246094,136.10533142089844,0.0,0.0,TLT
2020-05-14,163.00999450683594,163.00999450683594,0.0,0.0,GLD
2020-05-14,221.8300018310547,214.00225830078125,0.0,0.0,QQQ
2020-05-14,284.9700012207031,261.2831115722656,0.0,0.0,SPY
2020-05-14,167.13999938964844,137.43740844726562,0.0,0.0,TLT
2020-05-15,163.92999267578125,163.92999267578125,0.0,0.0,GLD
2020-05-15,223.27000427246094,215.39141845703125,0.0,0.0,QQQ
2020-05-15,286.2799987792969,262.4842834472656,0.0,0.0,SPY
2020-05-15,166.7100067138672,137.08389282226562,0.0,0.0,TLT
2020-05-18,162.69000244140625,162.69000244140625,0.0,0.0,GLD
2020-05-18,227.42999267578125,219.40463256835938,0.0,0.0,QQQ
2020-05-18,295.0,270.4794616699219,0.0,0.0,SPY
2020-05-18,163.0500030517578,134.0742645263672,0.0,0.0,TLT
2020-05-19,164.25999450683594,164.25999450683594,0.0,0.0,GLD
2020-05-19,226.86000061035156,218.85475158691406,0.0,0.0,QQQ
2020-05-19,291.9700012207031,267.7012939453125,0.0,0.0,SPY
2020-05-19,163.66000366210938,134.5758514404297,0.0,0.0,TLT
2020-05-20,164.64999389648438,164.64999389648438,0.0,0.0,GLD
2020-05-20,231.38999938964844,223.22491455078125,0.0,0.0,QQQ
2020-05-20,296.92999267578125,272.24908447265625,0.0,0.0,SPY
2020-05-20,164.14999389648438,134.97882080078125,0.0,0.0,TLT
2020-05-21,162.25,162.25,0.0,0.0,GLD
2020-05-21,228.8699951171875,220.79379272460938,0.0,0.0,QQQ
2020-05-21,294.8800048828125,270.369384765625,0.0,0.0,SPY
2020-05-21,164.55999755859375,135.31591796875,0.0,0.0,TLT
2020-05-22,163.2100067138672,163.2100067138672,0.0,0.0,GLD
2020-05-22,229.66000366210938,221.55592346191406,0.0,0.0,QQQ
2020-05-22,295.44000244140625,270.88287353515625,0.0,0.0,SPY
2020-05-22,165.5500030517578,136.12994384765625,0.0,0.0,TLT
2020-05-26,160.88999938964844,160.88999938964844,0.0,0.0,GLD
2020-05-26,229.0399932861328,220.95777893066406,0.0,0.0,QQQ
2020-05-26,299.0799865722656,274.2202453613281,0.0,0.0,SPY
2020-05-26,163.3300018310547,134.30447387695312,0.0,0.0,TLT
2020-05-27,161.17999267578125,161.17999267578125,0.0,0.0,GLD
2020-05-27,230.2899932861328,222.16371154785156,0.0,0.0,QQQ
2020-05-27,303.5299987792969,278.3003845214844,0.0,0.0,SPY
2020-05-27,163.02999877929688,134.05780029296875,0.0,0.0,TLT
2020-05-28,161.72000122070312,161.72000122070312,0.0,0.0,GLD
2020-05-28,229.99000549316406,221.87429809570312,0.0,0.0,QQQ
2020-05-28,302.9700012207031,277.78692626953125,0.0,0.0,SPY
2020-05-28,162.42999267578125,133.56442260742188,0.0,0.0,TLT
2020-05-29,162.91000366210938,162.91000366210938,0.0,0.0,GLD
2020-05-29,233.36000061035156,225.12538146972656,0.0,0.0,QQQ
2020-05-29,304.32000732421875,279.024658203125,0.0,0.0,SPY
2020-05-29,163.58999633789062,134.518310546875,0.0,0.0,TLT
2020-06-01,163.66000366210938,163.66000366210938,0.0,0.0,GLD
2020-06-01,234.05999755859375,225.80068969726562,0.0,0.0,QQQ
2020-06-01,305.54998779296875,280.1524658203125,0.0,0.0,SPY
2020-06-01,162.27999877929688,133.61264038085938,0.21,0.0,TLT
2020-06-02,162.60000610351562,162.60000610351562,0.0,0.0,GLD
2020-06-02,235.6300048828125,227.3152618408203,0.0,0.0,QQQ
2020-06-02,308.0799865722656,282.47216796875,0.0,0.0,SPY
2020-06-02,161.69000244140625,133.1268310546875,0.0,0.0,TLT
2020-06-03,159.60000610351562,159.60000610351562,0.0,0.0,GLD
2020-06-03,236.69000244140625,228.337890625,0.0,0.0,QQQ
2020-06-03,312.17999267578125,286.2313537597656,0.0,0.0,SPY
2020-06-03,159.5399932861328,131.35665893554688,0.0,0.0,TLT
2020-06-04,161.27999877929688,161.27999877929688,0.0,0.0,GLD
2020-06-04,235.02999877929688,226.7364501953125,0.0,0.0,QQQ
2020-06-04,311.3599853515625,285.47955322265625,0.0,0.0,SPY
2020-06-04,157.22999572753906,129.45469665527344,0.0,0.0,TLT
2020-06-05,158.00999450683594,158.00999450683594,0.0,0.0,GLD
2020-06-05,239.69000244140625,231.2319793701172,0.0,0.0,QQQ
2020-06-05,319.3399963378906,292.7962646484375,0.0,0.0,SPY
2020-06-05,156.11000061035156,128.5325469970703,0.0,0.0,TLT
2020-06-08,159.72000122070312,159.72000122070312,0.0,0.0,GLD
2020-06-08,241.5500030517578,233.02635192871094,0.0,0.0,QQQ
2020-06-08,323.20001220703125,296.3354187011719,0.0,0.0,SPY
2020-06-08,156.7100067138672,129.02662658691406,0.0,0.0,TLT
2020-06-09,161.25999450683594,161.25999450683594,0.0,0.0,GLD
2020-06-09,243.3000030517578,234.71463012695312,0.0,0.0,QQQ
2020-06-09,320.7900085449219,294.12567138671875,0.0,0.0,SPY
2020-06-09,158.49000549316406,130.49209594726562,0.0,0.0,TLT
2020-06-10,163.57000732421875,163.57000732421875,0.0,0.0,GLD
2020-06-10,246.22000122070312,237.53163146972656,0.0,0.0,QQQ
2020-06-10,319.0,292.4844970703125,0.0,0.0,SPY
2020-06-10,160.83999633789062,132.42694091796875,0.0,0.0,TLT
2020-06-11,162.38999938964844,162.38999938964844,0.0,0.0,GLD
2020-06-11,234.02000427246094,225.76206970214844,0.0,0.0,QQQ
2020-06-11,300.6099853515625,275.6230773925781,0.0,0.0,SPY
2020-06-11,163.8800048828125,134.93003845214844,0.0,0.0,TLT
2020-06-12,162.6199951171875,162.6199951171875,0.0,0.0,GLD
2020-06-12,235.8800048828125,227.5564727783203,0.0,0.0,QQQ
2020-06-12,304.2099914550781,278.9238586425781,0.0,0.0,SPY
2020-06-12,162.3000030517578,133.6290740966797,0.0,0.0,TLT
2020-06-15,162.3300018310547,162.3300018310547,0.0,0.0,GLD
2020-06-15,238.75,230.32516479492188,0.0,0.0,QQQ
2020-06-15,307.04998779296875,281.5278015136719,0.0,0.0,SPY
2020-06-15,162.38999938964844,133.70321655273438,0.0,0.0,TLT
2020-06-16,162.25,162.25,0.0,0.0,GLD
2020-06-16,242.85000610351562,234.2804718017578,0.0,0.0,QQQ
2020-06-16,312.9599914550781,286.9465026855469,0.0,0.0,SPY
2020-06-16,159.89999389648438,131.65310668945312,0.0,0.0,TLT
2020-06-17,162.55999755859375,162.55999755859375,0.0,0.0,GLD
2020-06-17,243.6199951171875,235.02333068847656,0.0,0.0,QQQ
2020-06-17,311.6600036621094,285.754638671875,0.0,0.0,SPY
2020-06-17,160.55999755859375,132.19647216796875,0.0,0.0,TLT
2020-06-18,162.24000549316406,162.24000549316406,0.0,0.0,GLD
2020-06-18,244.27999877929688,235.66001892089844,0.0,0.0,QQQ
2020-06-18,311.7799987792969,285.8646240234375,0.0,0.0,SPY
2020-06-18,162.25999450683594,133.59617614746094,0.0,0.0,TLT
2020-06-19,164.02999877929688,164.02999877929688,0.0,0.0,GLD
2020-06-19,244.24000549316406,235.62142944335938,0.0,0.0,QQQ
2020-06-19,308.6400146484375,284.23089599609375,1.366,0.0,SPY
2020-06-19,162.38999938964844,133.70321655273438,0.0,0.0,TLT
2020-06-22,165.08999633789062,165.08999633789062,0.0,0.0,GLD
2020-06-22,246.74000549316406,238.44715881347656,0.424,0.0,QQQ
2020-06-22,310.6199951171875,286.0543212890625,0.0,0.0,SPY
2020-06-22,162.41000366210938,133.71963500976562,0.0,0.0,TLT
2020-06-23,166.47999572753906,166.47999572753906,0.0,0.0,GLD
2020-06-23,248.83999633789062,240.47659301757812,0.0,0.0,QQQ
2020-06-23,312.04998779296875,287.3712463378906,0.0,0.0,SPY
2020-06-23,161.3000030517578,132.80575561523438,0.0,0.0,TLT
2020-06-24,165.89999389648438,165.89999389648438,0.0,0.0,GLD
2020-06-24,243.7100067138672,235.5189971923828,0.0,0.0,QQQ
2020-06-24,304.0899963378906,280.040771484375,0.0,0.0,SPY
2020-06-24,163.02999877929688,134.23011779785156,0.0,0.0,TLT
2020-06-25,165.8000030517578,165.8000030517578,0.0,0.0,GLD
2020-06-25,246.02999877929688,237.7610321044922,0.0,0.0,QQQ
2020-06-25,307.3500061035156,283.0429382324219,0.0,0.0,SPY
2020-06-25,163.5,134.61705017089844,0.0,0.0,TLT
2020-06-26,166.5399932861328,166.5399932861328,0.0,0.0,GLD
2020-06-26,240.22000122070312,232.1463165283203,0.0,0.0,QQQ
2020-06-26,300.04998779296875,276.3202819824219,0.0,0.0,SPY
2020-06-26,165.25,136.05796813964844,0.0,0.0,TLT
2020-06-29,166.6300048828125,166.6300048828125,0.0,0.0,GLD
2020-06-29,242.83999633789062,234.67825317382812,0.0,0.0,QQQ
2020-06-29,304.4599914550781,280.3815002441406,0.0,0.0,SPY
2020-06-29,164.72999572753906,135.62986755371094,0.0,0.0,TLT
2020-06-30,167.3699951171875,167.3699951171875,0.0,0.0,GLD
2020-06-30,247.60000610351562,239.27828979492188,0.0,0.0,QQQ
2020-06-30,308.3599853515625,283.9729919433594,0.0,0.0,SPY
2020-06-30,163.92999267578125,134.97108459472656,0.0,0.0,TLT
2020-07-01,166.6199951171875,166.6199951171875,0.0,0.0,GLD
2020-07-01,250.49000549316406,242.07115173339844,0.0,0.0,QQQ
2020-07-01,310.5199890136719,285.96221923828125,0.0,0.0,SPY
2020-07-01,163.4199981689453,134.70901489257812,0.192,0.0,TLT
2020-07-02,166.97999572753906,166.97999572753906,0.0,0.0,GLD
2020-07-02,252.19000244140625,243.71401977539062,0.0,0.0,QQQ
2020-07-02,312.2300109863281,287.53704833984375,0.0,0.0,SPY
2020-07-02,163.58999633789062,134.8491973876953,0.0,0.0,TLT
2020-07-06,167.97999572753906,167.97999572753906,0.0,0.0,GLD
2020-07-06,258.3900146484375,249.70562744140625,0.0,0.0,QQQ
2020-07-06,317.04998779296875,291.9757995605469,0.0,0.0,SPY
2020-07-06,162.9199981689453,134.29685974121094,0.0,0.0,TLT
2020-07-07,169.0399932861328,169.0399932861328,0.0,0.0,GLD
2020-07-07,256.6099853515625,247.98545837402344,0.0,0.0,QQQ
2020-07-07,313.7799987792969,288.9643859863281,0.0,0.0,SPY
2020-07-07,165.2100067138672,136.18453979492188,0.0,0.0,TLT
2020-07-08,170.08999633789062,170.08999633789062,0.0,0.0,GLD
2020-07-08,259.989990234375,251.25186157226562,0.0,0.0,QQQ
2020-07-08,316.17999267578125,291.17462158203125,0.0,0.0,SPY
2020-07-08,164.5500030517578,135.64051818847656,0.0,0.0,TLT
2020-07-09,169.6300048828125,169.6300048828125,0.0,0.0,GLD
2020-07-09,262.17999267578125,253.36825561523438,0.0,0.0,QQQ
2020-07-09,314.3800048828125,289.5169982910156,0.0,0.0,SPY
2020-07-09,167.1699981689453,137.80015563964844,0.0,0.0,TLT
2020-07-10,169.19000244140625,169.19000244140625,0.0,0.0,GLD
2020-07-10,263.9700012207031,255.09808349609375,0.0,0.0,QQQ
2020-07-10,317.5899963378906,292.47308349609375,0.0,0.0,SPY
2020-07-10,166.3300018310547,137.1077880859375,0.0,0.0,TLT
2020-07-13,169.39999389648438,169.39999389648438,0.0,0.0,GLD
2020-07-13,258.5400085449219,249.85060119628906,0.0,0.0,QQQ
2020-07-13,314.8399963378906,289.9406433105469,0.0,0.0,SPY
2020-07-13,166.8800048828125,137.5612030029297,0.0,0.0,TLT
2020-07-14,170.19000244140625,170.19000244140625,0.0,0.0,GLD
2020-07-14,260.3699951171875,251.61903381347656,0.0,0.0,QQQ
2020-07-14,318.9200134277344,293.6978759765625,0.0,0.0,SPY
2020-07-14,167.1199951171875,137.75897216796875,0.0,0.0,TLT
2020-07-15,170.33999633789062,170.33999633789062,0.0,0.0,GLD
2020-07-15,260.8999938964844,252.1312255859375,0.0,0.0,QQQ
2020-07-15,321.8500061035156,296.3962707519531,0.0,0.0,SPY
2020-07-15,166.33999633789062,137.11605834960938,0.0,0.0,TLT
2020-07-16,168.72999572753906,168.72999572753906,0.0,0.0,GLD
2020-07-16,259.1199951171875,250.4111328125,0.0,0.0,QQQ
2020-07-16,320.7900085449219,295.4200744628906,0.0,0.0,SPY
2020-07-16,167.1300048828125,137.76722717285156,0.0,0.0,TLT
2020-07-17,170.1199951171875,170.1199951171875,0.0,0.0,GLD
2020-07-17,259.4200134277344,250.70106506347656,0.0,0.0,QQQ
2020-07-17,321.7200012207031,296.2765197753906,0.0,0.0,SPY
2020-07-17,166.77999877929688,137.47865295410156,0.0,0.0,TLT
2020-07-20,170.94000244140625,170.94000244140625,0.0,0.0,GLD
2020-07-20,266.7799987792969,257.8136291503906,0.0,0.0,QQQ
2020-07-20,324.32000732421875,298.67095947265625,0.0,0.0,SPY
2020-07-20,167.19000244140625,137.81663513183594,0.0,0.0,TLT
2020-07-21,173.0,173.0,0.0,0.0,GLD
2020-07-21,264.0,255.12705993652344,0.0,0.0,QQQ
2020-07-21,325.010009765625,299.30645751953125,0.0,0.0,SPY
2020-07-21,167.2899932861328,137.89907836914062,0.0,0.0,TLT
2020-07-22,175.6300048828125,175.6300048828125,0.0,0.0,GLD
2020-07-22,264.92999267578125,256.0258483886719,0.0,0.0,QQQ
2020-07-22,326.8599853515625,301.0099792480469,0.0,0.0,SPY
2020-07-22,167.7899932861328,138.31129455566406,0.0,0.0,TLT
2020-07-23,177.17999267578125,177.17999267578125,0.0,0.0,GLD
2020-07-23,258.010009765625,249.33840942382812,0.0,0.0,QQQ
2020-07-23,322.9599914550781,297.4184875488281,0.0,0.0,SPY
2020-07-23,169.75,139.92694091796875,0.0,0.0,TLT
2020-07-24,178.6999969482422,178.6999969482422,0.0,0.0,GLD
2020-07-24,255.55999755859375,246.9707794189453,0.0,0.0,QQQ
2020-07-24,320.8800048828125,295.50299072265625,0.0,0.0,SPY
2020-07-24,169.74000549316406,139.91868591308594,0.0,0.0,TLT
2020-07-27,182.22999572753906,182.22999572753906,0.0,0.0,GLD
2020-07-27,260.1199951171875,251.3775177001953,0.0,0.0,QQQ
2020-07-27,323.2200012207031,297.65789794921875,0.0,0.0,SPY
2020-07-27,169.11000061035156,139.3993377685547,0.0,0.0,TLT
2020-07-28,183.75,183.75,0.0,0.0,GLD
2020-07-28,256.80999755859375,248.17872619628906,0.0,0.0,QQQ
2020-07-28,321.1700134277344,295.7700500488281,0.0,0.0,SPY
2020-07-28,170.27999877929688,140.3638153076172,0.0,0.0,TLT
2020-07-29,185.1300048828125,185.1300048828125,0.0,0.0,GLD
2020-07-29,259.7699890136719,251.03927612304688,0.0,0.0,QQQ
2020-07-29,325.1199951171875,299.4076843261719,0.0,0.0,SPY
2020-07-29,169.99000549316406,140.1247100830078,0.0,0.0,TLT
2020-07-30,183.75999450683594,183.75999450683594,0.0,0.0,GLD
2020-07-30,261.1300048828125,252.35348510742188,0.0,0.0,QQQ
2020-07-30,323.9599914550781,298.3393249511719,0.0,0.0,SPY
2020-07-30,171.11000061035156,141.04794311523438,0.0,0.0,TLT
2020-07-31,185.42999267578125,185.42999267578125,0.0,0.0,GLD
2020-07-31,265.7900085449219,256.85693359375,0.0,0.0,QQQ
2020-07-31,326.5199890136719,300.69683837890625,0.0,0.0,SPY
2020-07-31,171.0,140.95729064941406,0.0,0.0,TLT
2020-08-03,185.63999938964844,185.63999938964844,0.0,0.0,GLD
2020-08-03,269.3800048828125,260.32623291015625,0.0,0.0,QQQ
2020-08-03,328.7900085449219,302.7873229980469,0.0,0.0,SPY
2020-08-03,169.9499969482422,140.24755859375,0.19,0.0,TLT
2020-08-04,189.58999633789062,189.58999633789062,0.0,0.0,GLD
2020-08-04,270.3800048828125,261.292724609375,0.0,0.0,QQQ
2020-08-04,330.05999755859375,303.9568786621094,0.0,0.0,SPY
2020-08-04,171.57000732421875,141.58450317382812,0.0,0.0,TLT
2020-08-05,191.35000610351562,191.35000610351562,0.0,0.0,GLD
2020-08-05,271.04998779296875,261.9400939941406,0.0,0.0,QQQ
2020-08-05,332.1099853515625,305.8446350097656,0.0,0.0,SPY
2020-08-05,170.07000732421875,140.3466796875,0.0,0.0,TLT
2020-08-06,193.88999938964844,193.88999938964844,0.0,0.0,GLD
2020-08-06,274.6400146484375,265.40948486328125,0.0,0.0,QQQ
2020-08-06,334.3299865722656,307.88922119140625,0.0,0.0,SPY
2020-08-06,171.02000427246094,141.13063049316406,0.0,0.0,TLT
2020-08-07,190.80999755859375,190.80999755859375,0.0,0.0,GLD
2020-08-07,271.4700012207031,262.34600830078125,0.0,0.0,QQQ
2020-08-07,334.57000732421875,308.1101989746094,0.0,0.0,SPY
2020-08-07,169.8800048828125,140.18983459472656,0.0,0.0,TLT
2020-08-10,190.14999389648438,190.14999389648438,0.0,0.0,GLD
2020-08-10,270.30999755859375,261.2249755859375,0.0,0.0,QQQ
2020-08-10,335.57000732421875,309.03106689453125,0.0,0.0,SPY
2020-08-10,169.1199951171875,139.5626678466797,0.0,0.0,TLT
2020-08-11,179.94000244140625,179.94000244140625,0.0,0.0,GLD
2020-08-11,265.19000244140625,256.2770690917969,0.0,0.0,QQQ
2020-08-11,332.79998779296875,306.48028564453125,0.0,0.0,SPY
2020-08-11,167.11000061035156,137.90394592285156,0.0,0.0,TLT
2020-08-12,179.10000610351562,179.10000610351562,0.0,0.0,GLD
2020-08-12,271.8599853515625,262.7229309082031,0.0,0.0,QQQ
2020-08-12,337.44000244140625,310.7532653808594,0.0,0.0,SPY
2020-08-12,165.58999633789062,136.64959716796875,0.0,0.0,TLT
2020-08-13,183.3300018310547,183.3300018310547,0.0,0.0,GLD
2020-08-13,272.4800109863281,263.3221130371094,0.0,0.0,QQQ
2020-08-13,336.8299865722656,310.19146728515625,0.0,0.0,SPY
2020-08-13,163.82000732421875,135.18896484375,0.0,0.0,TLT
2020-08-14,182.5399932861328,182.5399932861328,0.0,0.0,GLD
2020-08-14,272.1600036621094,263.0127868652344,0.0,0.0,QQQ
2020-08-14,336.8399963378906,310.20074462890625,0.0,0.0,SPY
2020-08-14,163.17999267578125,134.66078186035156,0.0,0.0,TLT
2020-08-17,186.5,186.5,0.0,0.0,GLD
2020-08-17,275.32000732421875,266.06671142578125,0.0,0.0,QQQ
2020-08-17,337.9100036621094,311.1861267089844,0.0,0.0,SPY
2020-08-17,163.58999633789062,134.99920654296875,0.0,0.0,TLT
2020-08-18,188.17999267578125,188.17999267578125,0.0,0.0,GLD
2020-08-18,277.9700012207031,268.62750244140625,0.0,0.0,QQQ
2020-08-18,338.6400146484375,311.8583984375,0.0,0.0,SPY
2020-08-18,164.75999450683594,135.96469116210938,0.0,0.0,TLT
2020-08-19,182.24000549316406,182.24000549316406,0.0,0.0,GLD
2020-08-19,276.1000061035156,266.8204040527344,0.0,0.0,QQQ
2020-08-19,337.2300109863281,310.5599060058594,0.0,0.0,SPY
2020-08-19,163.72999572753906,135.11468505859375,0.0,0.0,TLT
2020-08-20,183.5,183.5,0.0,0.0,GLD
2020-08-20,279.92999267578125,270.5216369628906,0.0,0.0,QQQ
2020-08-20,338.2799987792969,311.5268249511719,0.0,0.0,SPY
2020-08-20,165.2100067138672,136.33604431152344,0.0,0.0,TLT
2020-08-21,182.02999877929688,182.02999877929688,0.0,0.0,GLD
2020-08-21,281.8699951171875,272.3963928222656,0.0,0.0,QQQ
2020-08-21,339.4800109863281,312.6319274902344,0.0,0.0,SPY
2020-08-21,166.1999969482422,137.1529998779297,0.0,0.0,TLT
2020-08-24,181.0,181.0,0.0,0.0,GLD
2020-08-24,283.6300048828125,274.0973205566406,0.0,0.0,QQQ
2020-08-24,342.9200134277344,315.7997741699219,0.0,0.0,SPY
2020-08-24,165.92999267578125,136.93014526367188,0.0,0.0,TLT
2020-08-25,181.22000122070312,181.22000122070312,0.0,0.0,GLD
2020-08-25,285.8599853515625,276.2524108886719,0.0,0.0,QQQ
2020-08-25,344.1199951171875,316.90496826171875,0.0,0.0,SPY
2020-08-25,164.66000366210938,135.8821563720703,0.0,0.0,TLT
2020-08-26,183.36000061035156,183.36000061035156,0.0,0.0,GLD
2020-08-26,291.9599914550781,282.1473388671875,0.0,0.0,QQQ
2020-08-26,347.57000732421875,320.0820617675781,0.0,0.0,SPY
2020-08-26,164.02999877929688,135.3622589111328,0.0,0.0,TLT
2020-08-27,181.24000549316406,181.24000549316406,0.0,0.0,GLD
2020-08-27,291.04998779296875,281.2679443359375,0.0,0.0,QQQ
2020-08-27,348.3299865722656,320.7820129394531,0.0,0.0,SPY
2020-08-27,161.24000549316406,133.05987548828125,0.0,0.0,TLT
2020-08-28,184.38999938964844,184.38999938964844,0.0,0.0,GLD
2020-08-28,292.5299987792969,282.69818115234375,0.0,0.0,QQQ
2020-08-28,350.5799865722656,322.8541259765625,0.0,0.0,SPY
2020-08-28,161.1199951171875,132.96083068847656,0.0,0.0,TLT
2020-08-31,184.8300018310547,184.8300018310547,0.0,0.0,GLD
2020-08-31,294.8800048828125,284.96917724609375,0.0,0.0,QQQ
2020-08-31,349.30999755859375,321.68450927734375,0.0,0.0,SPY
2020-08-31,162.19000244140625,133.8437957763672,0.0,0.0,TLT
2020-09-01,185.0500030517578,185.0500030517578,0.0,0.0,GLD
2020-09-01,299.9200134277344,289.83984375,0.0,0.0,QQQ
2020-09-01,352.6000061035156,324.71435546875,0.0,0.0,SPY
2020-09-01,163.86000061035156,135.3747100830078,0.183,0.0,TLT
2020-09-02,182.6199951171875,182.6199951171875,0.0,0.0,GLD
2020-09-02,302.760009765625,292.5843200683594,0.0,0.0,QQQ
2020-09-02,357.70001220703125,329.4110412597656,0.0,0.0,SPY
2020-09-02,165.4199981689453,136.66360473632812,0.0,0.0,TLT
2020-09-03,181.13999938964844,181.13999938964844,0.0,0.0,GLD
2020-09-03,287.4100036621094,277.7502136230469,0.0,0.0,QQQ
2020-09-03,345.3900146484375,318.0745544433594,0.0,0.0,SPY
2020-09-03,165.88999938964844,137.05181884765625,0.0,0.0,TLT
2020-09-04,181.63999938964844,181.63999938964844,0.0,0.0,GLD
2020-09-04,283.5799865722656,274.0489501953125,0.0,0.0,QQQ
2020-09-04,342.57000732421875,315.4775390625,0.0,0.0,SPY
2020-09-04,162.74000549316406,134.4494171142578,0.0,0.0,TLT
2020-09-08,181.2899932861328,181.2899932861328,0.0,0.0,GLD
2020-09-08,269.95001220703125,260.8771057128906,0.0,0.0,QQQ
2020-09-08,333.2099914550781,306.8577575683594,0.0,0.0,SPY
2020-09-08,163.74000549316406,135.27557373046875,0.0,0.0,TLT
2020-09-09,183.0500030517578,183.0500030517578,0.0,0.0,GLD
2020-09-09,277.8800048828125,268.54052734375,0.0,0.0,QQQ
2020-09-09,339.7900085449219,312.9173889160156,0.0,0.0,SPY
2020-09-09,163.3000030517578,134.91204833984375,0.0,0.0,TLT
2020-09-10,182.4600067138672,182.4600067138672,0.0,0.0,GLD
2020-09-10,272.3399963378906,263.18682861328125,0.0,0.0,QQQ
2020-09-10,333.8900146484375,307.4840393066406,0.0,0.0,SPY
2020-09-10,164.1300048828125,135.59774780273438,0.0,0.0,TLT
2020-09-11,182.4499969482422,182.4499969482422,0.0,0.0,GLD
2020-09-11,270.45001220703125,261.3602600097656,0.0,0.0,QQQ
2020-09-11,334.05999755859375,307.64068603515625,0.0,0.0,SPY
2020-09-11,164.47999572753906,135.8869171142578,0.0,0.0,TLT
2020-09-14,183.88999938964844,183.88999938964844,0.0,0.0,GLD
2020-09-14,275.1600036621094,265.9119873046875,0.0,0.0,QQQ
2020-09-14,338.4599914550781,311.692626953125,0.0,0.0,SPY
2020-09-14,164.47000122070312,135.87867736816406,0.0,0.0,TLT
2020-09-15,183.4499969482422,183.4499969482422,0.0,0.0,GLD
2020-09-15,279.05999755859375,269.68084716796875,0.0,0.0,QQQ
2020-09-15,340.1700134277344,313.26739501953125,0.0,0.0,SPY
2020-09-15,164.07000732421875,135.54823303222656,0.0,0.0,TLT
2020-09-16,183.97000122070312,183.97000122070312,0.0,0.0,GLD
2020-09-16,274.6099853515625,265.3805236816406,0.0,0.0,QQQ
2020-09-16,338.82000732421875,312.02410888671875,0.0,0.0,SPY
2020-09-16,163.5800018310547,135.14341735839844,0.0,0.0,TLT
2020-09-17,182.9600067138672,182.9600067138672,0.0,0.0,GLD
2020-09-17,270.32000732421875,261.2347106933594,0.0,0.0,QQQ
2020-09-17,335.8399963378906,309.2797546386719,0.0,0.0,SPY
2020-09-17,164.0800018310547,135.55642700195312,0.0,0.0,TLT
2020-09-18,183.1999969482422,183.1999969482422,0.0,0.0,GLD
2020-09-18,266.8699951171875,257.9006042480469,0.0,0.0,QQQ
2020-09-18,330.6499938964844,305.71917724609375,1.339,0.0,SPY
2020-09-18,163.57000732421875,135.1351318359375,0.0,0.0,TLT
2020-09-21,179.52000427246094,179.52000427246094,0.0,0.0,GLD
2020-09-21,267.510009765625,258.5191345214844,0.0,0.0,QQQ
2020-09-21,326.9700012207031,302.31658935546875,0.0,0.0,SPY
2020-09-21,164.39999389648438,135.82083129882812,0.0,0.0,TLT
2020-09-22,178.64999389648438,178.64999389648438,0.0,0.0,GLD
2020-09-22,272.4800109863281,263.3221130371094,0.0,0.0,QQQ
2020-09-22,330.29998779296875,305.3955078125,0.0,0.0,SPY
2020-09-22,164.27000427246094,135.71340942382812,0.0,0.0,TLT
2020-09-23,174.7899932861328,174.7899932861328,0.0,0.0,GLD
2020-09-23,264.1600036621094,255.28167724609375,0.0,0.0,QQQ
2020-09-23,322.6400146484375,298.31304931640625,0.0,0.0,SPY
2020-09-23,164.49000549316406,135.8952178955078,0.0,0.0,TLT
2020-09-24,175.44000244140625,175.44000244140625,0.0,0.0,GLD
2020-09-24,265.3900146484375,256.4703369140625,0.0,0.0,QQQ
2020-09-24,323.5,299.10833740234375,0.0,0.0,SPY
2020-09-24,165.1199951171875,136.41566467285156,0.0,0.0,TLT
2020-09-25,174.94000244140625,174.94000244140625,0.0,0.0,GLD
2020-09-25,271.55999755859375,262.4329528808594,0.0,0.0,QQQ
2020-09-25,328.7300109863281,303.94390869140625,0.0,0.0,SPY
2020-09-25,165.1199951171875,136.41566467285156,0.0,0.0,TLT
2020-09-28,176.6999969482422,176.6999969482422,0.0,0.0,GLD
2020-09-28,277.20001220703125,267.88348388671875,0.0,0.0,QQQ
2020-09-28,334.19000244140625,308.9921875,0.0,0.0,SPY
2020-09-28,164.64999389648438,136.02737426757812,0.0,0.0,TLT
2020-09-29,178.19000244140625,178.19000244140625,0.0,0.0,GLD
2020-09-29,275.95001220703125,266.6754455566406,0.0,0.0,QQQ
2020-09-29,332.3699951171875,307.30950927734375,0.0,0.0,SPY
2020-09-29,164.83999633789062,136.18434143066406,0.0,0.0,TLT
2020-09-30,177.1199951171875,177.1199951171875,0.0,0.0,GLD
2020-09-30,277.8399963378906,268.50189208984375,0.0,0.0,QQQ
2020-09-30,334.8900146484375,309.6395263671875,0.0,0.0,SPY
2020-09-30,163.25999450683594,134.87901306152344,0.0,0.0,TLT
2020-10-01,178.6999969482422,178.6999969482422,0.0,0.0,GLD
2020-10-01,282.25,272.763671875,0.0,0.0,QQQ
2020-10-01,337.0400085449219,311.62738037109375,0.0,0.0,SPY
2020-10-01,163.36000061035156,135.10150146484375,0.169,0.0,TLT
2020-10-02,178.5399932861328,178.5399932861328,0.0,0.0,GLD
2020-10-02,274.30999755859375,265.09051513671875,0.0,0.0,QQQ
2020-10-02,333.8399963378906,308.6686096191406,0.0,0.0,SPY
2020-10-02,162.75,134.59703063964844,0.0,0.0,TLT
2020-10-05,179.41000366210938,179.41000366210938,0.0,0.0,GLD
2020-10-05,280.1600036621094,270.7439270019531,0.0,0.0,QQQ
2020-10-05,339.760009765625,314.14227294921875,0.0,0.0,SPY
2020-10-05,159.57000732421875,131.96707153320312,0.0,0.0,TLT
2020-10-06,177.3000030517578,177.3000030517578,0.0,0.0,GLD
2020-10-06,275.1600036621094,265.9119873046875,0.0,0.0,QQQ
2020-10-06,334.92999267578125,309.67645263671875,0.0,0.0,SPY
2020-10-06,160.42999267578125,132.6782989501953,0.0,0.0,TLT
2020-10-07,177.22000122070312,177.22000122070312,0.0,0.0,GLD
2020-10-07,279.9200134277344,270.51202392578125,0.0,0.0,QQQ
2020-10-07,340.760009765625,315.0669250488281,0.0,0.0,SPY
2020-10-07,159.25999450683594,131.71072387695312,0.0,0.0,TLT
2020-10-08,177.85000610351562,177.85000610351562,0.0,0.0,GLD
2020-10-08,281.4100036621094,271.951904296875,0.0,0.0,QQQ
2020-10-08,343.7799987792969,317.85919189453125,0.0,0.0,SPY
2020-10-08,160.1199951171875,132.42190551757812,0.0,0.0,TLT
2020-10-09,181.0800018310547,181.0800018310547,0.0,0.0,GLD
2020-10-09,285.7099914550781,276.1073913574219,0.0,0.0,QQQ
2020-10-09,346.8500061035156,320.6977844238281,0.0,0.0,SPY
2020-10-09,160.08999633789062,132.3971710205078,0.0,0.0,TLT
2020-10-12,180.55999755859375,180.55999755859375,0.0,0.0,GLD
2020-10-12,294.5299987792969,284.6310119628906,0.0,0.0,QQQ
2020-10-12,352.42999267578125,325.8569641113281,0.0,0.0,SPY
2020-10-12,160.60000610351562,132.81886291503906,0.0,0.0,TLT
2020-10-13,177.72000122070312,177.72000122070312,0.0,0.0,GLD
2020-10-13,294.5199890136719,284.6212463378906,0.0,0.0,QQQ
2020-10-13,350.1300048828125,323.7303466796875,0.0,0.0,SPY
2020-10-13,161.75,133.7699737548828,0.0,0.0,TLT
2020-10-14,178.27000427246094,178.27000427246094,0.0,0.0,GLD
2020-10-14,292.05999755859375,282.2440185546875,0.0,0.0,QQQ
2020-10-14,347.92999267578125,321.6963195800781,0.0,0.0,SPY
2020-10-14,162.1199951171875,134.07601928710938,0.0,0.0,TLT
2020-10-15,178.9199981689453,178.9199981689453,0.0,0.0,GLD
2020-10-15,290.1000061035156,280.349853515625,0.0,0.0,QQQ
2020-10-15,347.5,321.2987060546875,0.0,0.0,SPY
2020-10-15,161.83999633789062,133.84434509277344,0.0,0.0,TLT
2020-10-16,178.3000030517578,178.3000030517578,0.0,0.0,GLD
2020-10-16,288.510009765625,278.813232421875,0.0,0.0,QQQ
2020-10-16,347.2900085449219,321.1044616699219,0.0,0.0,SPY
2020-10-16,161.38999938964844,133.47222900390625,0.0,0.0,TLT
2020-10-19,178.38999938964844,178.38999938964844,0.0,0.0,GLD
2020-10-19,283.79998779296875,274.2615966796875,0.0,0.0,QQQ
2020-10-19,342.010009765625,316.2225646972656,0.0,0.0,SPY
2020-10-19,160.77999877929688,132.96774291992188,0.0,0.0,TLT
2020-10-20,179.25,179.25,0.0,0.0,GLD
2020-10-20,284.4100036621094,274.8511047363281,0.0,0.0,QQQ
2020-10-20,343.3800048828125,317.48931884765625,0.0,0.0,SPY
2020-10-20,159.25,131.70245361328125,0.0,0.0,TLT
2020-10-21,180.60000610351562,180.60000610351562,0.0,0.0,GLD
2020-10-21,284.19000244140625,274.6384582519531,0.0,0.0,QQQ
2020-10-21,342.7300109863281,316.88836669921875,0.0,0.0,SPY
2020-10-21,158.6999969482422,131.24757385253906,0.0,0.0,TLT
2020-10-22,178.8300018310547,178.8300018310547,0.0,0.0,GLD
2020-10-22,284.17999267578125,274.6287536621094,0.0,0.0,QQQ
2020-10-22,344.6099853515625,318.6265869140625,0.0,0.0,SPY
2020-10-22,157.0500030517578,129.88304138183594,0.0,0.0,TLT
2020-10-23,178.63999938964844,178.63999938964844,0.0,0.0,GLD
2020-10-23,284.739990234375,275.1700439453125,0.0,0.0,QQQ
2020-10-23,345.7799987792969,319.7083435058594,0.0,0.0,SPY
2020-10-23,158.00999450683594,130.6769256591797,0.0,0.0,TLT
2020-10-26,178.5500030517578,178.5500030517578,0.0,0.0,GLD
2020-10-26,280.4700012207031,271.04351806640625,0.0,0.0,QQQ
2020-10-26,339.3900146484375,313.8002014160156,0.0,0.0,SPY
2020-10-26,159.47999572753906,131.8926239013672,0.0,0.0,TLT
2020-10-27,179.02000427246094,179.02000427246094,0.0,0.0,GLD
2020-10-27,282.6600036621094,273.159912109375,0.0,0.0,QQQ
2020-10-27,338.2200012207031,312.7184143066406,0.0,0.0,SPY
2020-10-27,160.5500030517578,132.77757263183594,0.0,0.0,TLT
2020-10-28,176.1300048828125,176.1300048828125,0.0,0.0,GLD
2020-10-28,271.6400146484375,262.5102844238281,0.0,0.0,QQQ
2020-10-28,326.6600036621094,302.030029296875,0.0,0.0,SPY
2020-10-28,160.6999969482422,132.90158081054688,0.0,0.0,TLT
2020-10-29,175.39999389648438,175.39999389648438,0.0,0.0,GLD
2020-10-29,276.3900146484375,267.10064697265625,0.0,0.0,QQQ
2020-10-29,329.9800109863281,305.0997009277344,0.0,0.0,SPY
2020-10-29,159.13999938964844,131.61158752441406,0.0,0.0,TLT
2020-10-30,176.1999969482422,176.1999969482422,0.0,0.0,GLD
2020-10-30,269.3800048828125,260.32623291015625,0.0,0.0,QQQ
2020-10-30,326.5400085449219,301.9190673828125,0.0,0.0,SPY
2020-10-30,157.57000732421875,130.31307983398438,0.0,0.0,TLT
2020-11-02,177.91000366210938,177.91000366210938,0.0,0.0,GLD
2020-11-02,269.9800109863281,260.9060974121094,0.0,0.0,QQQ
2020-11-02,330.20001220703125,305.3031311035156,0.0,0.0,SPY
2020-11-02,158.5800018310547,131.28909301757812,0.169,0.0,TLT
2020-11-03,178.9199981689453,178.9199981689453,0.0,0.0,GLD
2020-11-03,274.6499938964844,265.41912841796875,0.0,0.0,QQQ
2020-11-03,336.0299987792969,310.6934814453125,0.0,0.0,SPY
2020-11-03,157.66000366210938,130.52748107910156,0.0,0.0,TLT
2020-11-04,178.82000732421875,178.82000732421875,0.0,0.0,GLD
2020-11-04,286.9100036621094,277.26708984375,0.0,0.0,QQQ
2020-11-04,343.5400085449219,317.6372985839844,0.0,0.0,SPY
2020-11-04,161.0800018310547,133.3589324951172,0.0,0.0,TLT
2020-11-05,182.92999267578125,182.92999267578125,0.0,0.0,GLD
2020-11-05,294.3900146484375,284.49566650390625,0.0,0.0,QQQ
2020-11-05,350.239990234375,323.83209228515625,0.0,0.0,SPY
2020-11-05,161.36000061035156,133.59071350097656,0.0,0.0,TLT
2020-11-06,183.19000244140625,183.19000244140625,0.0,0.0,GLD
2020-11-06,294.6099853515625,284.70819091796875,0.0,0.0,QQQ
2020-11-06,350.1600036621094,323.75811767578125,0.0,0.0,SPY
2020-11-06,159.41000366210938,131.9763946533203,0.0,0.0,TLT
2020-11-09,175.0800018310547,175.0800018310547,0.0,0.0,GLD
2020-11-09,288.5899963378906,278.890625,0.0,0.0,QQQ
2020-11-09,354.55999755859375,327.8262634277344,0.0,0.0,SPY
2020-11-09,156.05999755859375,129.2028350830078,0.0,0.0,TLT
2020-11-10,175.66000366210938,175.66000366210938,0.0,0.0,GLD
2020-11-10,283.4200134277344,273.8944091796875,0.0,0.0,QQQ
2020-11-10,354.0400085449219,327.3455810546875,0.0,0.0,SPY
2020-11-10,155.16000366210938,128.457763671875,0.0,0.0,TLT
2020-11-11,174.89999389648438,174.89999389648438,0.0,0.0,GLD
2020-11-11,289.760009765625,280.02130126953125,0.0,0.0,QQQ
2020-11-11,356.6700134277344,329.77728271484375,0.0,0.0,SPY
2020-11-11,155.72000122070312,128.92127990722656,0.0,0.0,TLT
2020-11-12,175.9600067138672,175.9600067138672,0.0,0.0,GLD
2020-11-12,288.3999938964844,278.7070007324219,0.0,0.0,QQQ
2020-11-12,353.2099914550781,326.5782165527344,0.0,0.0,SPY
2020-11-12,158.3699951171875,131.11526489257812,0.0,0.0,TLT
2020-11-13,177.16000366210938,177.16000366210938,0.0,0.0,GLD
2020-11-13,290.92999267578125,281.1519470214844,0.0,0.0,QQQ
2020-11-13,358.1000061035156,331.0993957519531,0.0,0.0,SPY
2020-11-13,158.16000366210938,130.94139099121094,0.0,0.0,TLT
2020-11-16,177.14999389648438,177.14999389648438,0.0,0.0,GLD
2020-11-16,293.20001220703125,283.34564208984375,0.0,0.0,QQQ
2020-11-16,362.57000732421875,335.2323913574219,0.0,0.0,SPY
2020-11-16,157.77999877929688,130.62684631347656,0.0,0.0,TLT
2020-11-17,176.5,176.5,0.0,0.0,GLD
2020-11-17,292.2699890136719,282.4468994140625,0.0,0.0,QQQ
2020-11-17,360.6199951171875,333.4294738769531,0.0,0.0,SPY
2020-11-17,158.80999755859375,131.4795684814453,0.0,0.0,TLT
2020-11-18,175.49000549316406,175.49000549316406,0.0,0.0,GLD
2020-11-18,290.1099853515625,280.3595275878906,0.0,0.0,QQQ
2020-11-18,356.2799987792969,329.4166564941406,0.0,0.0,SPY
2020-11-18,159.27000427246094,131.8603973388672,0.0,0.0,TLT
2020-11-19,175.16000366210938,175.16000366210938,0.0,0.0,GLD
2020-11-19,292.3800048828125,282.5532531738281,0.0,0.0,QQQ
2020-11-19,357.7799987792969,330.8035888671875,0.0,0.0,SPY
2020-11-19,160.08999633789062,132.53936767578125,0.0,0.0,TLT
2020-11-20,175.69000244140625,175.69000244140625,0.0,0.0,GLD
2020-11-20,290.3800048828125,280.6205139160156,0.0,0.0,QQQ
2020-11-20,355.3299865722656,328.5383605957031,0.0,0.0,SPY
2020-11-20,161.50999450683594,133.7148895263672,0.0,0.0,TLT
2020-11-23,172.22999572753906,172.22999572753906,0.0,0.0,GLD
2020-11-23,290.3900146484375,280.63018798828125,0.0,0.0,QQQ
2020-11-23,357.4599914550781,330.5077209472656,0.0,0.0,SPY
2020-11-23,160.77000427246094,133.10226440429688,0.0,0.0,TLT
2020-11-24,169.58999633789062,169.58999633789062,0.0,0.0,GLD
2020-11-24,294.4700012207031,284.5729064941406,0.0,0.0,QQQ
2020-11-24,363.2200012207031,335.8334655761719,0.0,0.0,SPY
2020-11-24,159.1699981689453,131.7776336669922,0.0,0.0,TLT
2020-11-25,169.50999450683594,169.50999450683594,0.0,0.0,GLD
2020-11-25,296.2799987792969,286.3221130371094,0.0,0.0,QQQ
2020-11-25,362.6600036621094,335.3155822753906,0.0,0.0,SPY
2020-11-25,158.67999267578125,131.3719482421875,0.0,0.0,TLT
2020-11-27,167.7899932861328,167.7899932861328,0.0,0.0,GLD
2020-11-27,299.010009765625,288.9603576660156,0.0,0.0,QQQ
2020-11-27,363.6700134277344,336.24945068359375,0.0,0.0,SPY
2020-11-27,160.22000122070312,132.64688110351562,0.0,0.0,TLT
2020-11-30,166.6699981689453,166.6699981689453,0.0,0.0,GLD
2020-11-30,299.6199951171875,289.54986572265625,0.0,0.0,QQQ
2020-11-30,362.05999755859375,334.7608337402344,0.0,0.0,SPY
2020-11-30,160.02000427246094,132.48129272460938,0.0,0.0,TLT
2020-12-01,170.17999267578125,170.17999267578125,0.0,0.0,GLD
2020-12-01,303.4599914550781,293.2608337402344,0.0,0.0,QQQ
2020-12-01,366.0199890136719,338.42230224609375,0.0,0.0,SPY
2020-12-01,157.5,130.5279541015625,0.163,0.0,TLT
2020-12-02,171.4600067138672,171.4600067138672,0.0,0.0,GLD
2020-12-02,303.8500061035156,293.63775634765625,0.0,0.0,QQQ
2020-12-02,366.7900085449219,339.13421630859375,0.0,0.0,SPY
2020-12-02,156.25,129.49205017089844,0.0,0.0,TLT
2020-12-03,172.80999755859375,172.80999755859375,0.0,0.0,GLD
2020-12-03,304.2799987792969,294.0533447265625,0.0,0.0,QQQ
2020-12-03,366.69000244140625,339.0417175292969,0.0,0.0,SPY
2020-12-03,157.50999450683594,130.53627014160156,0.0,0.0,TLT
2020-12-04,172.32000732421875,172.32000732421875,0.0,0.0,GLD
2020-12-04,305.5199890136719,295.2515869140625,0.0,0.0,QQQ
2020-12-04,369.8500061035156,341.9635009765625,0.0,0.0,SPY
2020-12-04,155.1999969482422,128.62181091308594,0.0,0.0,TLT
2020-12-07,174.88999938964844,174.88999938964844,0.0,0.0,GLD
2020-12-07,307.25,296.92340087890625,0.0,0.0,QQQ
2020-12-07,369.0899963378906,341.2608337402344,0.0,0.0,SPY
2020-12-07,156.60000610351562,129.78207397460938,0.0,0.0,TLT
2020-12-08,175.5,175.5,0.0,0.0,GLD
2020-12-08,308.2900085449219,297.9285583496094,0.0,0.0,QQQ
2020-12-08,370.1700134277344,342.2593688964844,0.0,0.0,SPY
2020-12-08,157.33999633789062,130.39537048339844,0.0,0.0,TLT
2020-12-09,172.5,172.5,0.0,0.0,GLD
2020-12-09,301.30999755859375,291.1830139160156,0.0,0.0,QQQ
2020-12-09,366.8500061035156,339.18975830078125,0.0,0.0,SPY
2020-12-09,156.82000732421875,129.96444702148438,0.0,0.0,TLT
2020-12-10,172.1699981689453,172.1699981689453,0.0,0.0,GLD
2020-12-10,302.5199890136719,292.3524169921875,0.0,0.0,QQQ
2020-12-10,366.7300109863281,339.0787353515625,0.0,0.0,SPY
2020-12-10,158.2100067138672,131.1163787841797,0.0,0.0,TLT
2020-12-11,172.49000549316406,172.49000549316406,0.0,0.0,GLD
2020-12-11,301.8500061035156,291.7049560546875,0.0,0.0,QQQ
2020-12-11,366.29998779296875,338.68115234375,0.0,0.0,SPY
2020-12-11,158.77000427246094,131.58045959472656,0.0,0.0,TLT
2020-12-14,171.5399932861328,171.5399932861328,0.0,0.0,GLD
2020-12-14,304.0400085449219,293.8213806152344,0.0,0.0,QQQ
2020-12-14,364.6600036621094,337.1648254394531,0.0,0.0,SPY
2020-12-14,158.3300018310547,131.21583557128906,0.0,0.0,TLT
2020-12-15,173.94000244140625,173.94000244140625,0.0,0.0,GLD
2020-12-15,307.2900085449219,296.962158203125,0.0,0.0,QQQ
2020-12-15,369.5899963378906,341.72314453125,0.0,0.0,SPY
2020-12-15,157.8000030517578,130.77659606933594,0.0,0.0,TLT
2020-12-16,174.89999389648438,174.89999389648438,0.0,0.0,GLD
2020-12-16,308.9800109863281,298.5953674316406,0.0,0.0,QQQ
2020-12-16,370.1700134277344,342.2593688964844,0.0,0.0,SPY
2020-12-16,157.3800048828125,130.4285430908203,0.0,0.0,TLT
2020-12-17,176.74000549316406,176.74000549316406,0.0,0.0,GLD
2020-12-17,311.0,300.5474548339844,0.0,0.0,QQQ
2020-12-17,372.239990234375,344.17327880859375,0.0,0.0,SPY
2020-12-17,156.8000030517578,130.0834197998047,0.164,0.0,TLT
2020-12-18,176.44000244140625,176.44000244140625,0.0,0.0,GLD
2020-12-18,310.05999755859375,299.63897705078125,0.0,0.0,QQQ
2020-12-18,369.17999267578125,342.7990417480469,1.58,0.0,SPY
2020-12-18,156.3300018310547,129.69346618652344,0.0,0.0,TLT
2020-12-21,175.8800048828125,175.8800048828125,0.0,0.0,GLD
2020-12-21,308.9200134277344,299.0784912109375,0.561,0.0,QQQ
2020-12-21,367.8599853515625,341.5733642578125,0.0,0.0,SPY
2020-12-21,156.9499969482422,130.2078399658203,0.0,0.0,TLT
2020-12-22,174.49000549316406,174.49000549316406,0.0,0.0,GLD
2020-12-22,309.760009765625,299.89166259765625,0.0,0.0,QQQ
2020-12-22,367.239990234375,340.9976501464844,0.0,0.0,SPY
2020-12-22,157.75999450683594,130.87986755371094,0.0,0.0,TLT
2020-12-23,175.64999389648438,175.64999389648438,0.0,0.0,GLD
2020-12-23,308.20001220703125,298.38134765625,0.0,0.0,QQQ
2020-12-23,367.57000732421875,341.30401611328125,0.0,0.0,SPY
2020-12-23,156.6699981689453,129.97552490234375,0.0,0.0,TLT
2020-12-24,176.35000610351562,176.35000610351562,0.0,0.0,GLD
2020-12-24,309.55999755859375,299.69805908203125,0.0,0.0,QQQ
2020-12-24,369.0,342.63189697265625,0.0,0.0,SPY
2020-12-24,157.2899932861328,130.48988342285156,0.0,0.0,TLT
2020-12-28,175.7100067138672,175.7100067138672,0.0,0.0,GLD
2020-12-28,312.67999267578125,302.71868896484375,0.0,0.0,QQQ
2020-12-28,372.1700134277344,345.575439453125,0.0,0.0,SPY
2020-12-28,157.36000061035156,130.54798889160156,0.0,0.0,TLT
2020-12-29,176.35000610351562,176.35000610351562,0.0,0.0,GLD
2020-12-29,312.9599914550781,302.98980712890625,0.0,0.0,QQQ
2020-12-29,371.4599914550781,344.9161682128906,0.0,0.0,SPY
2020-12-29,157.16000366210938,130.38206481933594,0.0,0.0,TLT
2020-12-30,177.6999969482422,177.6999969482422,0.0,0.0,GLD
2020-12-30,312.9700012207031,302.99945068359375,0.0,0.0,QQQ
2020-12-30,371.989990234375,345.4081726074219,0.0,0.0,SPY
2020-12-30,157.5,130.6641082763672,0.0,0.0,TLT
2020-12-31,178.36000061035156,178.36000061035156,0.0,0.0,GLD
2020-12-31,313.739990234375,303.74493408203125,0.0,0.0,QQQ
2020-12-31,373.8800048828125,347.1632080078125,0.0,0.0,SPY
2020-12-31,157.72999572753906,130.85498046875,0.0,0.0,TLT
2021-01-04,182.3300018310547,182.3300018310547,0.0,0.0,GLD
2021-01-04,309.30999755859375,299.4560241699219,0.0,0.0,QQQ
2021-01-04,368.7900085449219,342.4368591308594,0.0,0.0,SPY
2021-01-04,157.5399932861328,130.6973114013672,0.0,0.0,TLT
2021-01-05,182.8699951171875,182.8699951171875,0.0,0.0,GLD
2021-01-05,311.8599853515625,301.9248352050781,0.0,0.0,QQQ
2021-01-05,371.3299865722656,344.7954406738281,0.0,0.0,SPY
2021-01-05,156.3699951171875,129.7266082763672,0.0,0.0,TLT
2021-01-06,179.89999389648438,179.89999389648438,0.0,0.0,GLD
2021-01-06,307.5400085449219,297.7424621582031,0.0,0.0,QQQ
2021-01-06,373.54998779296875,346.8567199707031,0.0,0.0,SPY
2021-01-06,153.16000366210938,127.0636215209961,0.0,0.0,TLT
2021-01-07,179.47999572753906,179.47999572753906,0.0,0.0,GLD
2021-01-07,314.9800109863281,304.9454040527344,0.0,0.0,QQQ
2021-01-07,379.1000061035156,352.01019287109375,0.0,0.0,SPY
2021-01-07,151.80999755859375,125.94363403320312,0.0,0.0,TLT
2021-01-08,173.33999633789062,173.33999633789062,0.0,0.0,GLD
2021-01-08,319.0299987792969,308.8663330078125,0.0,0.0,QQQ
2021-01-08,381.260009765625,354.0158386230469,0.0,0.0,SPY
2021-01-08,151.32000732421875,125.53712463378906,0.0,0.0,TLT
2021-01-11,173.0,173.0,0.0,0.0,GLD
2021-01-11,314.4200134277344,304.40325927734375,0.0,0.0,QQQ
2021-01-11,378.69000244140625,351.62957763671875,0.0,0.0,SPY
2021-01-11,151.07000732421875,125.3297348022461,0.0,0.0,TLT
2021-01-12,174.1199951171875,174.1199951171875,0.0,0.0,GLD
2021-01-12,313.9200134277344,303.9191589355469,0.0,0.0,QQQ
2021-01-12,378.7699890136719,351.7037048339844,0.0,0.0,SPY
2021-01-12,150.9499969482422,125.23014831542969,0.0,0.0,TLT
2021-01-13,173.3699951171875,173.3699951171875,0.0,0.0,GLD
2021-01-13,316.0400085449219,305.97161865234375,0.0,0.0,QQQ
2021-01-13,379.7900085449219,352.6510009765625,0.0,0.0,SPY
2021-01-13,152.64999389648438,126.64045715332031,0.0,0.0,TLT
2021-01-14,173.27999877929688,173.27999877929688,0.0,0.0,GLD
2021-01-14,314.3500061035156,304.3354797363281,0.0,0.0,QQQ
2021-01-14,378.4599914550781,351.41595458984375,0.0,0.0,SPY
2021-01-14,151.22000122070312,125.4541244506836,0.0,0.0,TLT
2021-01-15,171.1300048828125,171.1300048828125,0.0,0.0,GLD
2021-01-15,311.8599853515625,301.9248352050781,0.0,0.0,QQQ
2021-01-15,375.70001220703125,348.8531799316406,0.0,0.0,SPY
2021-01-15,151.82000732421875,125.95191955566406,0.0,0.0,TLT
2021-01-19,172.5800018310547,172.5800018310547,0.0,0.0,GLD
2021-01-19,316.4100036621094,306.329833984375,0.0,0.0,QQQ
2021-01-19,378.6499938964844,351.5923767089844,0.0,0.0,SPY
2021-01-19,152.30999755859375,126.35842895507812,0.0,0.0,TLT
2021-01-20,175.38999938964844,175.38999938964844,0.0,0.0,GLD
2021-01-20,323.7699890136719,313.4554138183594,0.0,0.0,QQQ
2021-01-20,383.8900146484375,356.4578857421875,0.0,0.0,SPY
2021-01-20,152.4600067138672,126.48286437988281,0.0,0.0,TLT
2021-01-21,175.27999877929688,175.27999877929688,0.0,0.0,GLD
2021-01-21,326.3599853515625,315.962890625,0.0,0.0,QQQ
2021-01-21,384.239990234375,356.7829284667969,0.0,0.0,SPY
2021-01-21,151.38999938964844,125.59518432617188,0.0,0.0,TLT
2021-01-22,173.89999389648438,173.89999389648438,0.0,0.0,GLD
2021-01-22,325.4200134277344,315.05279541015625,0.0,0.0,QQQ
2021-01-22,382.8800048828125,355.52001953125,0.0,0.0,SPY
2021-01-22,151.8800048828125,126.00173950195312,0.0,0.0,TLT
2021-01-25,174.0500030517578,174.0500030517578,0.0,0.0,GLD
2021-01-25,328.1099853515625,317.65704345703125,0.0,0.0,QQQ
2021-01-25,384.3900146484375,356.9222412109375,0.0,0.0,SPY
2021-01-25,153.6699981689453,127.48674011230469,0.0,0.0,TLT
2021-01-26,173.6199951171875,173.6199951171875,0.0,0.0,GLD
2021-01-26,328.5899963378906,318.121826171875,0.0,0.0,QQQ
2021-01-26,383.7900085449219,356.36517333984375,0.0,0.0,SPY
2021-01-26,153.3800048828125,127.24610900878906,0.0,0.0,TLT
2021-01-27,172.52000427246094,172.52000427246094,0.0,0.0,GLD
2021-01-27,319.42999267578125,309.253662109375,0.0,0.0,QQQ
2021-01-27,374.4100036621094,347.6552734375,0.0,0.0,SPY
2021-01-27,153.77000427246094,127.56966400146484,0.0,0.0,TLT
2021-01-28,172.67999267578125,172.67999267578125,0.0,0.0,GLD
2021-01-28,321.32000732421875,311.08349609375,0.0,0.0,QQQ
2021-01-28,377.6300048828125,350.645263671875,0.0,0.0,SPY
2021-01-28,152.9199981689453,126.86444091796875,0.0,0.0,TLT
2021-01-29,172.61000061035156,172.61000061035156,0.0,0.0,GLD
2021-01-29,314.55999755859375,304.538818359375,0.0,0.0,QQQ
2021-01-29,370.07000732421875,343.6255187988281,0.0,0.0,SPY
2021-01-29,152.0,126.10126495361328,0.0,0.0,TLT
2021-02-01,174.22999572753906,174.22999572753906,0.0,0.0,GLD
2021-02-01,322.4200134277344,312.1484069824219,0.0,0.0,QQQ
2021-02-01,376.2300109863281,349.34539794921875,0.0,0.0,SPY
2021-02-01,152.0,126.24745178222656,0.176,0.0,TLT
2021-02-02,172.11000061035156,172.11000061035156,0.0,0.0,GLD
2021-02-02,327.67999267578125,317.24078369140625,0.0,0.0,QQQ
2021-02-02,381.54998779296875,354.28509521484375,0.0,0.0,SPY
2021-02-02,151.02000427246094,125.4334716796875,0.0,0.0,TLT
2021-02-03,171.85000610351562,171.85000610351562,0.0,0.0,GLD
2021-02-03,326.3800048828125,315.98223876953125,0.0,0.0,QQQ
2021-02-03,381.8500061035156,354.563720703125,0.0,0.0,SPY
2021-02-03,149.67999267578125,124.32044982910156,0.0,0.0,TLT
2021-02-04,168.14999389648438,168.14999389648438,0.0,0.0,GLD
2021-02-04,330.239990234375,319.7192687988281,0.0,0.0,QQQ
2021-02-04,386.19000244140625,358.5935363769531,0.0,0.0,SPY
2021-02-04,149.27999877929688,123.98828887939453,0.0,0.0,TLT
2021-02-05,169.80999755859375,169.80999755859375,0.0,0.0,GLD
2021-02-05,331.3599853515625,320.8035888671875,0.0,0.0,QQQ
2021-02-05,387.7099914550781,360.0049133300781,0.0,0.0,SPY
2021-02-05,148.02999877929688,122.95003509521484,0.0,0.0,TLT
2021-02-08,171.52000427246094,171.52000427246094,0.0,0.0,GLD
2021-02-08,333.5799865722656,322.9528503417969,0.0,0.0,QQQ
2021-02-08,390.510009765625,362.6048889160156,0.0,0.0,SPY
2021-02-08,148.67999267578125,123.4899673461914,0.0,0.0,TLT
2021-02-09,172.0800018310547,172.0800018310547,0.0,0.0,GLD
2021-02-09,333.510009765625,322.8851013183594,0.0,0.0,QQQ
2021-02-09,390.25,362.3634033203125,0.0,0.0,SPY
2021-02-09,148.7899932861328,123.58130645751953,0.0,0.0,TLT
2021-02-10,172.7100067138672,172.7100067138672,0.0,0.0,GLD
2021-02-10,332.75,322.1492614746094,0.0,0.0,QQQ
2021-02-10,390.0799865722656,362.2055969238281,0.0,0.0,SPY
2021-02-10,149.77999877929688,124.4035873413086,0.0,0.0,TLT
2021-02-11,171.2100067138672,171.2100067138672,0.0,0.0,GLD
2021-02-11,334.5799865722656,323.9209899902344,0.0,0.0,QQQ
2021-02-11,390.7099914550781,362.7904968261719,0.0,0.0,SPY
2021-02-11,148.9600067138672,123.7225112915039,0.0,0.0,TLT
2021-02-12,170.69000244140625,170.69000244140625,0.0,0.0,GLD
2021-02-12,336.45001220703125,325.7314147949219,0.0,0.0,QQQ
2021-02-12,392.6400146484375,364.58270263671875,0.0,0.0,SPY
2021-02-12,147.11000061035156,122.18589782714844,0.0,0.0,TLT
2021-02-16,168.24000549316406,168.24000549316406,0.0,0.0,GLD
2021-02-16,335.5400085449219,324.8503723144531,0.0,0.0,QQQ
2021-02-16,392.29998779296875,364.2668762207031,0.0,0.0,SPY
2021-02-16,144.8699951171875,120.32539367675781,0.0,0.0,TLT
2021-02-17,166.3300018310547,166.3300018310547,0.0,0.0,GLD
2021-02-17,333.92999267578125,323.2916564941406,0.0,0.0,QQQ
2021-02-17,392.3900146484375,364.35052490234375,0.0,0.0,SPY
2021-02-17,145.7899932861328,121.08953094482422,0.0,0.0,TLT
2021-02-18,166.32000732421875,166.32000732421875,0.0,0.0,GLD
2021-02-18,332.4700012207031,321.878173828125,0.0,0.0,QQQ
2021-02-18,390.7200012207031,362.7998352050781,0.0,0.0,SPY
2021-02-18,145.1999969482422,120.59950256347656,0.0,0.0,TLT
2021-02-19,167.00999450683594,167.00999450683594,0.0,0.0,GLD
2021-02-19,331.0199890136719,320.47442626953125,0.0,0.0,QQQ
2021-02-19,390.0299987792969,362.15911865234375,0.0,0.0,SPY
2021-02-19,143.27000427246094,118.99647521972656,0.0,0.0,TLT
2021-02-22,169.50999450683594,169.50999450683594,0.0,0.0,GLD
2021-02-22,322.44000244140625,312.1677551269531,0.0,0.0,QQQ
2021-02-22,387.0299987792969,359.37353515625,0.0,0.0,SPY
2021-02-22,142.17999267578125,118.09121704101562,0.0,0.0,TLT
2021-02-23,169.1199951171875,169.1199951171875,0.0,0.0,GLD
2021-02-23,321.4800109863281,311.2382507324219,0.0,0.0,QQQ
2021-02-23,387.5,359.8100280761719,0.0,0.0,SPY
2021-02-23,141.77000427246094,117.75065612792969,0.0,0.0,TLT
2021-02-24,169.0,169.0,0.0,0.0,GLD
2021-02-24,324.1300048828125,313.80389404296875,0.0,0.0,QQQ
2021-02-24,391.7699890136719,363.77490234375,0.0,0.0,SPY
2021-02-24,140.83999633789062,116.97822570800781,0.0,0.0,TLT
2021-02-25,165.82000732421875,165.82000732421875,0.0,0.0,GLD
2021-02-25,312.8299865722656,302.8638000488281,0.0,0.0,QQQ
2021-02-25,382.3299865722656,355.00933837890625,0.0,0.0,SPY
2021-02-25,138.5399932861328,115.06785583496094,0.0,0.0,TLT
2021-02-26,161.80999755859375,161.80999755859375,0.0,0.0,GLD
2021-02-26,314.1400146484375,304.1321716308594,0.0,0.0,QQQ
2021-02-26,380.3599853515625,353.1800537109375,0.0,0.0,SPY
2021-02-26,143.1199951171875,118.8719253540039,0.0,0.0,TLT
2021-03-01,161.52999877929688,161.52999877929688,0.0,0.0,GLD
2021-03-01,323.5899963378906,313.2811584472656,0.0,0.0,QQQ
2021-03-01,389.5799865722656,361.7413635253906,0.0,0.0,SPY
2021-03-01,141.05999755859375,117.30189514160156,0.172,0.0,TLT
2021-03-02,162.41000366210938,162.41000366210938,0.0,0.0,GLD
2021-03-02,318.3999938964844,308.2564697265625,0.0,0.0,QQQ
2021-03-02,386.5400085449219,358.91851806640625,0.0,0.0,SPY
2021-03-02,141.07000732421875,117.31026458740234,0.0,0.0,TLT
2021-03-03,160.6199951171875,160.6199951171875,0.0,0.0,GLD
2021-03-03,309.1600036621094,299.31085205078125,0.0,0.0,QQQ
2021-03-03,381.4200134277344,354.1644287109375,0.0,0.0,SPY
2021-03-03,139.5399932861328,116.03792572021484,0.0,0.0,TLT
2021-03-04,159.0399932861328,159.0399932861328,0.0,0.0,GLD
2021-03-04,304.1000061035156,294.4120178222656,0.0,0.0,QQQ
2021-03-04,376.70001220703125,349.78167724609375,0.0,0.0,SPY
2021-03-04,138.63999938964844,115.28953552246094,0.0,0.0,TLT
2021-03-05,159.13999938964844,159.13999938964844,0.0,0.0,GLD
2021-03-05,308.67999267578125,298.8460693359375,0.0,0.0,QQQ
2021-03-05,383.6300048828125,356.21649169921875,0.0,0.0,SPY
2021-03-05,138.91000366210938,115.51402282714844,0.0,0.0,TLT
2021-03-08,157.49000549316406,157.49000549316406,0.0,0.0,GLD
2021-03-08,299.94000244140625,290.38446044921875,0.0,0.0,QQQ
2021-03-08,381.7200012207031,354.4429626464844,0.0,0.0,SPY
2021-03-08,137.8300018310547,114.61592102050781,0.0,0.0,TLT
2021-03-09,160.83999633789062,160.83999633789062,0.0,0.0,GLD
2021-03-09,311.7699890136719,301.837646484375,0.0,0.0,QQQ
2021-03-09,387.1700134277344,359.5035400390625,0.0,0.0,SPY
2021-03-09,139.74000549316406,116.20423126220703,0.0,0.0,TLT
2021-03-10,161.66000366210938,161.66000366210938,0.0,0.0,GLD
2021-03-10,310.8800048828125,300.97601318359375,0.0,0.0,QQQ
2021-03-10,389.5799865722656,361.7413635253906,0.0,0.0,SPY
2021-03-10,140.02000427246094,116.43707275390625,0.0,0.0,TLT
2021-03-11,161.52000427246094,161.52000427246094,0.0,0.0,GLD
2021-03-11,318.0400085449219,307.90789794921875,0.0,0.0,QQQ
2021-03-11,393.5299987792969,365.40899658203125,0.0,0.0,SPY
2021-03-11,139.00999450683594,115.59718322753906,0.0,0.0,TLT
2021-03-12,161.49000549316406,161.49000549316406,0.0,0.0,GLD
2021-03-12,315.4599914550781,305.4101257324219,0.0,0.0,QQQ
2021-03-12,394.05999755859375,365.901123046875,0.0,0.0,SPY
2021-03-12,136.05999755859375,113.14408874511719,0.0,0.0,TLT
2021-03-15,162.1999969482422,162.1999969482422,0.0,0.0,GLD
2021-03-15,318.8299865722656,308.6727294921875,0.0,0.0,QQQ
2021-03-15,396.4100036621094,368.0832824707031,0.0,0.0,SPY
2021-03-15,136.86000061035156,113.80929565429688,0.0,0.0,TLT
2021-03-16,162.35000610351562,162.35000610351562,0.0,0.0,GLD
2021-03-16,320.5799865722656,310.366943359375,0.0,0.0,QQQ
2021-03-16,395.9100036621094,367.6189880371094,0.0,0.0,SPY
2021-03-16,136.30999755859375,113.35193634033203,0.0,0.0,TLT
2021-03-17,163.50999450683594,163.50999450683594,0.0,0.0,GLD
2021-03-17,321.8999938964844,311.6449890136719,0.0,0.0,QQQ
2021-03-17,397.260009765625,368.87255859375,0.0,0.0,SPY
2021-03-17,135.2899932861328,112.50370025634766,0.0,0.0,TLT
2021-03-18,162.55999755859375,162.55999755859375,0.0,0.0,GLD
2021-03-18,312.0400085449219,302.0990295410156,0.0,0.0,QQQ
2021-03-18,391.4800109863281,363.5054931640625,0.0,0.0,SPY
2021-03-18,133.9199981689453,111.36446380615234,0.0,0.0,TLT
2021-03-19,163.24000549316406,163.24000549316406,0.0,0.0,GLD
2021-03-19,313.1400146484375,303.1640319824219,0.0,0.0,QQQ
2021-03-19,389.4800109863281,362.8329772949219,1.278,0.0,SPY
2021-03-19,134.75,112.05470275878906,0.0,0.0,TLT
2021-03-22,163.0,163.0,0.0,0.0,GLD
2021-03-22,318.6099853515625,308.849365234375,0.395,0.0,QQQ
2021-03-22,392.5899963378906,365.7301330566406,0.0,0.0,SPY
2021-03-22,136.25999450683594,113.3103256225586,0.0,0.0,TLT
2021-03-23,161.80999755859375,161.80999755859375,0.0,0.0,GLD
2021-03-23,317.2200012207031,307.50189208984375,0.0,0.0,QQQ
2021-03-23,389.5,362.8515625,0.0,0.0,SPY
2021-03-23,137.49000549316406,114.33319854736328,0.0,0.0,TLT
2021-03-24,162.3699951171875,162.3699951171875,0.0,0.0,GLD
2021-03-24,311.8699951171875,302.3158264160156,0.0,0.0,QQQ
2021-03-24,387.5199890136719,361.0070495605469,0.0,0.0,SPY
2021-03-24,138.22999572753906,114.94856262207031,0.0,0.0,TLT
2021-03-25,161.77999877929688,161.77999877929688,0.0,0.0,GLD
2021-03-25,311.3299865722656,301.79229736328125,0.0,0.0,QQQ
2021-03-25,389.70001220703125,363.0378723144531,0.0,0.0,SPY
2021-03-25,137.13999938964844,114.04220581054688,0.0,0.0,TLT
2021-03-26,162.24000549316406,162.24000549316406,0.0,0.0,GLD
2021-03-26,316.0,306.31927490234375,0.0,0.0,QQQ
2021-03-26,395.9800109863281,368.8882141113281,0.0,0.0,SPY
2021-03-26,136.66000366210938,113.64299011230469,0.0,0.0,TLT
2021-03-29,160.30999755859375,160.30999755859375,0.0,0.0,GLD
2021-03-29,315.9100036621094,306.2321472167969,0.0,0.0,QQQ
2021-03-29,395.7799987792969,368.70184326171875,0.0,0.0,SPY
2021-03-29,135.5,112.6783676147461,0.0,0.0,TLT
2021-03-30,157.57000732421875,157.57000732421875,0.0,0.0,GLD
2021-03-30,314.32000732421875,304.6907958984375,0.0,0.0,QQQ
2021-03-30,394.7300109863281,367.7237854003906,0.0,0.0,SPY
2021-03-30,136.2100067138672,113.2687759399414,0.0,0.0,TLT
2021-03-31,159.9600067138672,159.9600067138672,0.0,0.0,GLD
2021-03-31,319.1300048828125,309.3533630371094,0.0,0.0,QQQ
2021-03-31,396.3299865722656,369.21429443359375,0.0,0.0,SPY
2021-03-31,135.4499969482422,112.63676452636719,0.0,0.0,TLT
2021-04-01,161.97999572753906,161.97999572753906,0.0,0.0,GLD
2021-04-01,324.57000732421875,314.6267395019531,0.0,0.0,QQQ
2021-04-01,400.6099853515625,373.2014465332031,0.0,0.0,SPY
2021-04-01,137.50999450683594,114.5062484741211,0.185,0.0,TLT
2021-04-05,161.9199981689453,161.9199981689453,0.0,0.0,GLD
2021-04-05,331.04998779296875,320.90826416015625,0.0,0.0,QQQ
2021-04-05,406.3599853515625,378.5580139160156,0.0,0.0,SPY
2021-04-05,136.91000366210938,114.00659942626953,0.0,0.0,TLT
2021-04-06,163.22000122070312,163.22000122070312,0.0,0.0,GLD
2021-04-06,330.82000732421875,320.685302734375,0.0,0.0,QQQ
2021-04-06,406.1199951171875,378.33447265625,0.0,0.0,SPY
2021-04-06,137.83999633789062,114.78103637695312,0.0,0.0,TLT
2021-04-07,162.75999450683594,162.75999450683594,0.0,0.0,GLD
2021-04-07,331.6199951171875,321.46075439453125,0.0,0.0,QQQ
2021-04-07,406.5899963378906,378.7723388671875,0.0,0.0,SPY
2021-04-07,136.8800048828125,113.98162841796875,0.0,0.0,TLT
2021-04-08,164.50999450683594,164.50999450683594,0.0,0.0,GLD
2021-04-08,335.0799865722656,324.8148498535156,0.0,0.0,QQQ
2021-04-08,408.5199890136719,380.5702209472656,0.0,0.0,SPY
2021-04-08,138.00999450683594,114.92253112792969,0.0,0.0,TLT
2021-04-09,163.27000427246094,163.27000427246094,0.0,0.0,GLD
2021-04-09,337.1099853515625,326.7826232910156,0.0,0.0,QQQ
2021-04-09,411.489990234375,383.33709716796875,0.0,0.0,SPY
2021-04-09,137.50999450683594,114.5062484741211,0.0,0.0,TLT
2021-04-12,162.27999877929688,162.27999877929688,0.0,0.0,GLD
2021-04-12,336.6700134277344,326.3561096191406,0.0,0.0,QQQ
2021-04-12,411.6400146484375,383.4768981933594,0.0,0.0,SPY
2021-04-12,137.4499969482422,114.456298828125,0.0,0.0,TLT
2021-04-13,163.42999267578125,163.42999267578125,0.0,0.0,GLD
2021-04-13,340.6000061035156,330.1656494140625,0.0,0.0,QQQ
2021-04-13,412.8599853515625,384.6134033203125,0.0,0.0,SPY
2021-04-13,138.47999572753906,115.31397247314453,0.0,0.0,TLT
2021-04-14,162.72000122070312,162.72000122070312,0.0,0.0,GLD
2021-04-14,336.510009765625,326.2009582519531,0.0,0.0,QQQ
2021-04-14,411.45001220703125,383.2998046875,0.0,0.0,SPY
2021-04-14,138.0399932861328,114.94754791259766,0.0,0.0,TLT
2021-04-15,165.35000610351562,165.35000610351562,0.0,0.0,GLD
2021-04-15,341.6099853515625,331.1447448730469,0.0,0.0,QQQ
2021-04-15,415.8699951171875,387.41741943359375,0.0,0.0,SPY
2021-04-15,140.35000610351562,116.87110900878906,0.0,0.0,TLT
2021-04-16,166.35000610351562,166.35000610351562,0.0,0.0,GLD
2021-04-16,342.010009765625,331.5325012207031,0.0,0.0,QQQ
2021-04-16,417.260009765625,388.7122497558594,0.0,0.0,SPY
2021-04-16,139.25999450683594,115.9634780883789,0.0,0.0,TLT
2021-04-19,165.88999938964844,165.88999938964844,0.0,0.0,GLD
2021-04-19,338.8800048828125,328.4984130859375,0.0,0.0,QQQ
2021-04-19,415.2099914550781,386.8025817871094,0.0,0.0,SPY
2021-04-19,138.86000061035156,115.63041687011719,0.0,0.0,TLT
2021-04-20,166.47999572753906,166.47999572753906,0.0,0.0,GLD
2021-04-20,336.4100036621094,326.10400390625,0.0,0.0,QQQ
2021-04-20,412.1700134277344,383.97052001953125,0.0,0.0,SPY
2021-04-20,139.5,116.16332244873047,0.0,0.0,TLT
2021-04-21,168.1300048828125,168.1300048828125,0.0,0.0,GLD
2021-04-21,339.2900085449219,328.89581298828125,0.0,0.0,QQQ
2021-04-21,416.07000732421875,387.60369873046875,0.0,0.0,SPY
2021-04-21,139.77999877929688,116.39652252197266,0.0,0.0,TLT
2021-04-22,167.0399932861328,167.0399932861328,0.0,0.0,GLD
2021-04-22,335.20001220703125,324.9311218261719,0.0,0.0,QQQ
2021-04-22,412.2699890136719,384.0636901855469,0.0,0.0,SPY
2021-04-22,140.38999938964844,116.90445709228516,0.0,0.0,TLT
2021-04-23,166.39999389648438,166.39999389648438,0.0,0.0,GLD
2021-04-23,339.4200134277344,329.0218200683594,0.0,0.0,QQQ
2021-04-23,416.739990234375,388.2279357910156,0.0,0.0,SPY
2021-04-23,140.05999755859375,116.62965393066406,0.0,0.0,TLT
2021-04-26,166.83999633789062,166.83999633789062,0.0,0.0,GLD
2021-04-26,341.6300048828125,331.1641845703125,0.0,0.0,QQQ
2021-04-26,417.6099853515625,389.03839111328125,0.0,0.0,SPY
2021-04-26,139.86000061035156,116.46309661865234,0.0,0.0,TLT
2021-04-27,166.4199981689453,166.4199981689453,0.0,0.0,GLD
2021-04-27,340.1499938964844,329.7294006347656,0.0,0.0,QQQ
2021-04-27,417.5199890136719,388.9544982910156,0.0,0.0,SPY
2021-04-27,138.63999938964844,115.44715881347656,0.0,0.0,TLT
2021-04-28,166.91000366210938,166.91000366210938,0.0,0.0,GLD
2021-04-28,339.0,328.6147155761719,0.0,0.0,QQQ
2021-04-28,417.3999938964844,388.84271240234375,0.0,0.0,SPY
2021-04-28,138.72999572753906,115.52216339111328,0.0,0.0,TLT
2021-04-29,166.22000122070312,166.22000122070312,0.0,0.0,GLD
2021-04-29,340.2200012207031,329.79730224609375,0.0,0.0,QQQ
2021-04-29,420.05999755859375,391.32073974609375,0.0,0.0,SPY
2021-04-29,138.32000732421875,115.18073272705078,0.0,0.0,TLT
2021-04-30,165.66000366210938,165.66000366210938,0.0,0.0,GLD
2021-04-30,337.989990234375,327.6356506347656,0.0,0.0,QQQ
2021-04-30,417.29998779296875,388.7496032714844,0.0,0.0,SPY
2021-04-30,138.63999938964844,115.44715881347656,0.0,0.0,TLT
2021-05-03,167.80999755859375,167.80999755859375,0.0,0.0,GLD
2021-05-03,336.19000244140625,325.8907470703125,0.0,0.0,QQQ
2021-05-03,418.20001220703125,389.58795166015625,0.0,0.0,SPY
2021-05-03,138.52000427246094,115.51642608642578,0.203,0.0,TLT
2021-05-04,166.5800018310547,166.5800018310547,0.0,0.0,GLD
2021-05-04,330.1400146484375,320.02618408203125,0.0,0.0,QQQ
2021-05-04,415.6199951171875,387.1845703125,0.0,0.0,SPY
2021-05-04,139.4600067138672,116.30030822753906,0.0,0.0,TLT
2021-05-05,167.27000427246094,167.27000427246094,0.0,0.0,GLD
2021-05-05,329.0299987792969,318.9501953125,0.0,0.0,QQQ
2021-05-05,415.75,387.3056335449219,0.0,0.0,SPY
2021-05-05,139.69000244140625,116.49214935302734,0.0,0.0,TLT
2021-05-06,170.05999755859375,170.05999755859375,0.0,0.0,GLD
2021-05-06,331.510009765625,321.3541564941406,0.0,0.0,QQQ
2021-05-06,419.07000732421875,390.3985290527344,0.0,0.0,SPY
2021-05-06,139.9199981689453,116.6839370727539,0.0,0.0,TLT
2021-05-07,171.58999633789062,171.58999633789062,0.0,0.0,GLD
2021-05-07,334.20001220703125,323.96173095703125,0.0,0.0,QQQ
2021-05-07,422.1199951171875,393.2398376464844,0.0,0.0,SPY
2021-05-07,139.22999572753906,116.10848999023438,0.0,0.0,TLT
2021-05-10,172.11000061035156,172.11000061035156,0.0,0.0,GLD
2021-05-10,325.760009765625,315.7803039550781,0.0,0.0,QQQ
2021-05-10,417.94000244140625,389.3458557128906,0.0,0.0,SPY
2021-05-10,137.82000732421875,114.93266296386719,0.0,0.0,TLT
2021-05-11,172.13999938964844,172.13999938964844,0.0,0.0,GLD
2021-05-11,325.30999755859375,315.3440246582031,0.0,0.0,QQQ
2021-05-11,414.2099914550781,385.8710021972656,0.0,0.0,SPY
2021-05-11,137.0399932861328,114.28215026855469,0.0,0.0,TLT
2021-05-12,170.42999267578125,170.42999267578125,0.0,0.0,GLD
2021-05-12,316.8900146484375,307.18206787109375,0.0,0.0,QQQ
2021-05-12,405.4100036621094,377.6730651855469,0.0,0.0,SPY
2021-05-12,135.60000610351562,113.0813217163086,0.0,0.0,TLT
2021-05-13,171.1300048828125,171.1300048828125,0.0,0.0,GLD
2021-05-13,319.3399963378906,309.5570068359375,0.0,0.0,QQQ
2021-05-13,410.2799987792969,382.2099304199219,0.0,0.0,SPY
2021-05-13,135.80999755859375,113.25643157958984,0.0,0.0,TLT
2021-05-14,172.69000244140625,172.69000244140625,0.0,0.0,GLD
2021-05-14,326.3900146484375,316.3909912109375,0.0,0.0,QQQ
2021-05-14,416.5799865722656,388.07879638671875,0.0,0.0,SPY
2021-05-14,137.0800018310547,114.31553649902344,0.0,0.0,TLT
2021-05-17,174.6999969482422,174.6999969482422,0.0,0.0,GLD
2021-05-17,324.4100036621094,314.4717102050781,0.0,0.0,QQQ
2021-05-17,415.5199890136719,387.0913391113281,0.0,0.0,SPY
2021-05-17,136.7899932861328,114.07369995117188,0.0,0.0,TLT
2021-05-18,175.0399932861328,175.0399932861328,0.0,0.0,GLD
2021-05-18,322.2200012207031,312.3487243652344,0.0,0.0,QQQ
2021-05-18,411.94000244140625,383.75634765625,0.0,0.0,SPY
2021-05-18,136.44000244140625,113.7818603515625,0.0,0.0,TLT
2021-05-19,175.16000366210938,175.16000366210938,0.0,0.0,GLD
2021-05-19,322.5899963378906,312.7074279785156,0.0,0.0,QQQ
2021-05-19,410.8599853515625,382.7501525878906,0.0,0.0,SPY
2021-05-19,136.11000061035156,113.50664520263672,0.0,0.0,TLT
2021-05-20,175.9600067138672,175.9600067138672,0.0,0.0,GLD
2021-05-20,328.8299865722656,318.7562255859375,0.0,0.0,QQQ
2021-05-20,415.2799987792969,386.8677673339844,0.0,0.0,SPY
2021-05-20,137.22999572753906,114.44061279296875,0.0,0.0,TLT
2021-05-21,176.0399932861328,176.0399932861328,0.0,0.0,GLD
2021-05-21,327.010009765625,316.9920349121094,0.0,0.0,QQQ
2021-05-21,414.94000244140625,386.55108642578125,0.0,0.0,SPY
2021-05-21,137.6699981689453,114.80756378173828,0.0,0.0,TLT
2021-05-24,176.35000610351562,176.35000610351562,0.0,0.0,GLD
2021-05-24,332.510009765625,322.3235168457031,0.0,0.0,QQQ
2021-05-24,419.1700134277344,390.4916687011719,0.0,0.0,SPY
2021-05-24,138.17999267578125,115.2328872680664,0.0,0.0,TLT
2021-05-25,177.9499969482422,177.9499969482422,0.0,0.0,GLD
2021-05-25,332.9700012207031,322.7693786621094,0.0,0.0,QQQ
2021-05-25,418.239990234375,389.6252746582031,0.0,0.0,SPY
2021-05-25,139.4600067138672,116.30030822753906,0.0,0.0,TLT
2021-05-26,177.63999938964844,177.63999938964844,0.0,0.0,GLD
2021-05-26,334.1300048828125,323.8938293457031,0.0,0.0,QQQ
2021-05-26,419.07000732421875,390.3985290527344,0.0,0.0,SPY
2021-05-26,139.22000122070312,116.10017395019531,0.0,0.0,TLT
2021-05-27,177.7100067138672,177.7100067138672,0.0,0.0,GLD
2021-05-27,332.8800048828125,322.68218994140625,0.0,0.0,QQQ
2021-05-27,419.2900085449219,390.6034240722656,0.0,0.0,SPY
2021-05-27,138.66000366210938,115.63316345214844,0.0,0.0,TLT
2021-05-28,178.3800048828125,178.3800048828125,0.0,0.0,GLD
2021-05-28,333.92999267578125,323.6999816894531,0.0,0.0,QQQ
2021-05-28,420.0400085449219,391.3021240234375,0.0,0.0,SPY
2021-05-28,138.44000244140625,115.4496841430664,0.0,0.0,TLT
2021-06-01,177.89999389648438,177.89999389648438,0.0,0.0,GLD
2021-06-01,332.82000732421875,322.6239929199219,0.0,0.0,QQQ
2021-06-01,419.6700134277344,390.95751953125,0.0,0.0,SPY
2021-06-01,138.2100067138672,115.42381286621094,0.199,0.0,TLT
2021-06-02,178.77000427246094,178.77000427246094,0.0,0.0,GLD
2021-06-02,333.4700012207031,323.25408935546875,0.0,0.0,QQQ
2021-06-02,420.3299865722656,391.5722961425781,0.0,0.0,SPY
2021-06-02,138.52999877929688,115.69107818603516,0.0,0.0,TLT
2021-06-03,175.27000427246094,175.27000427246094,0.0,0.0,GLD
2021-06-03,330.0,319.8903503417969,0.0,0.0,QQQ
2021-06-03,418.7699890136719,390.1189270019531,0.0,0.0,SPY
2021-06-03,138.00999450683594,115.25677490234375,0.0,0.0,TLT
2021-06-04,177.16000366210938,177.16000366210938,0.0,0.0,GLD
2021-06-04,335.6000061035156,325.31884765625,0.0,0.0,QQQ
2021-06-04,422.6000061035156,393.6869812011719,0.0,0.0,SPY
2021-06-04,139.89999389648438,116.83514404296875,0.0,0.0,TLT
2021-06-07,177.8699951171875,177.8699951171875,0.0,0.0,GLD
2021-06-07,336.6000061035156,326.28826904296875,0.0,0.0,QQQ
2021-06-07,422.19000244140625,393.3050231933594,0.0,0.0,SPY
2021-06-07,139.47000122070312,116.4760513305664,0.0,0.0,TLT
2021-06-08,177.32000732421875,177.32000732421875,0.0,0.0,GLD
2021-06-08,336.760009765625,326.4433288574219,0.0,0.0,QQQ
2021-06-08,422.2799987792969,393.3888244628906,0.0,0.0,SPY
2021-06-08,140.4499969482422,117.29447937011719,0.0,0.0,TLT
2021-06-09,176.97999572753906,176.97999572753906,0.0,0.0,GLD
2021-06-09,336.8399963378906,326.52093505859375,0.0,0.0,QQQ
2021-06-09,421.6499938964844,392.80194091796875,0.0,0.0,SPY
2021-06-09,141.69000244140625,118.33007049560547,0.0,0.0,TLT
2021-06-10,177.74000549316406,177.74000549316406,0.0,0.0,GLD
2021-06-10,340.3500061035156,329.9233703613281,0.0,0.0,QQQ
2021-06-10,423.6099853515625,394.6278381347656,0.0,0.0,SPY
2021-06-10,142.5399932861328,119.03990936279297,0.0,0.0,TLT
2021-06-11,175.74000549316406,175.74000549316406,0.0,0.0,GLD
2021-06-11,341.239990234375,330.78619384765625,0.0,0.0,QQQ
2021-06-11,424.30999755859375,395.27996826171875,0.0,0.0,SPY
2021-06-11,142.30999755859375,118.8478775024414,0.0,0.0,TLT
2021-06-14,174.7100067138672,174.7100067138672,0.0,0.0,GLD
2021-06-14,344.510009765625,333.9558410644531,0.0,0.0,QQQ
2021-06-14,425.260009765625,396.16497802734375,0.0,0.0,SPY
2021-06-14,141.22000122070312,117.93756103515625,0.0,0.0,TLT
2021-06-15,174.0500030517578,174.0500030517578,0.0,0.0,GLD
2021-06-15,342.260009765625,331.7747802734375,0.0,0.0,QQQ
2021-06-15,424.4800109863281,395.4383239746094,0.0,0.0,SPY
2021-06-15,141.0500030517578,117.79561614990234,0.0,0.0,TLT
2021-06-16,171.11000061035156,171.11000061035156,0.0,0.0,GLD
2021-06-16,341.010009765625,330.56317138671875,0.0,0.0,QQQ
2021-06-16,422.1099853515625,393.2304992675781,0.0,0.0,SPY
2021-06-16,140.92999267578125,117.6954116821289,0.0,0.0,TLT
2021-06-17,165.85000610351562,165.85000610351562,0.0,0.0,GLD
2021-06-17,345.3399963378906,334.7604675292969,0.0,0.0,QQQ
2021-06-17,421.9700012207031,393.1000671386719,0.0,0.0,SPY
2021-06-17,143.0399932861328,119.45748901367188,0.0,0.0,TLT
2021-06-18,164.92999267578125,164.92999267578125,0.0,0.0,GLD
2021-06-18,342.6300048828125,332.13348388671875,0.0,0.0,QQQ
2021-06-18,414.9200134277344,387.7969665527344,1.376,0.0,SPY
2021-06-18,145.72999572753906,121.7039794921875,0.0,0.0,TLT
2021-06-21,166.9499969482422,166.9499969482422,0.0,0.0,GLD
2021-06-21,344.3599853515625,334.19769287109375,0.397,0.0,QQQ
2021-06-21,420.8599853515625,393.3486633300781,0.0,0.0,SPY
2021-06-21,143.2899932861328,119.66626739501953,0.0,0.0,TLT
2021-06-22,166.25,166.25,0.0,0.0,GLD
2021-06-22,347.57000732421875,337.31298828125,0.0,0.0,QQQ
2021-06-22,423.1099853515625,395.45159912109375,0.0,0.0,SPY
2021-06-22,143.63999938964844,119.95862579345703,0.0,0.0,TLT
2021-06-23,166.13999938964844,166.13999938964844,0.0,0.0,GLD
2021-06-23,347.739990234375,337.47796630859375,0.0,0.0,QQQ
2021-06-23,422.6000061035156,394.9749450683594,0.0,0.0,SPY
2021-06-23,143.27000427246094,119.64956665039062,0.0,0.0,TLT
2021-06-24,166.0399932861328,166.0399932861328,0.0,0.0,GLD
2021-06-24,349.8900146484375,339.564453125,0.0,0.0,QQQ
2021-06-24,425.1000061035156,397.3114929199219,0.0,0.0,SPY
2021-06-24,143.5,119.84163665771484,0.0,0.0,TLT
2021-06-25,166.58999633789062,166.58999633789062,0.0,0.0,GLD
2021-06-25,349.4599914550781,339.147216796875,0.0,0.0,QQQ
2021-06-25,426.6099853515625,398.7227478027344,0.0,0.0,SPY
2021-06-25,142.00999450683594,118.59733581542969,0.0,0.0,TLT
2021-06-28,166.5800018310547,166.5800018310547,0.0,0.0,GLD
2021-06-28,353.7099914550781,343.2718505859375,0.0,0.0,QQQ
2021-06-28,427.4700012207031,399.52655029296875,0.0,0.0,SPY
2021-06-28,143.47000122070312,119.81658935546875,0.0,0.0,TLT
2021-06-29,164.8300018310547,164.8300018310547,0.0,0.0,GLD
2021-06-29,354.989990234375,344.5140686035156,0.0,0.0,QQQ
2021-06-29,427.70001220703125,399.7416076660156,0.0,0.0,SPY
2021-06-29,143.7100067138672,120.01699829101562,0.0,0.0,TLT
2021-06-30,165.6300048828125,165.6300048828125,0.0,0.0,GLD
2021-06-30,354.42999267578125,343.97052001953125,0.0,0.0,QQQ
2021-06-30,428.05999755859375,400.0780944824219,0.0,0.0,SPY
2021-06-30,144.35000610351562,120.551513671875,0.0,0.0,TLT
2021-07-01,166.1999969482422,166.1999969482422,0.0,0.0,GLD
2021-07-01,354.57000732421875,344.1064758300781,0.0,0.0,QQQ
2021-07-01,430.42999267578125,402.2930908203125,0.0,0.0,SPY
2021-07-01,144.1699981689453,120.55815887451172,0.188,0.0,TLT
2021-07-02,167.2899932861328,167.2899932861328,0.0,0.0,GLD
2021-07-02,358.6400146484375,348.0563049316406,0.0,0.0,QQQ
2021-07-02,433.7200012207031,405.3680725097656,0.0,0.0,SPY
2021-07-02,145.0399932861328,121.28571319580078,0.0,0.0,TLT
2021-07-06,168.1199951171875,168.1199951171875,0.0,0.0,GLD
2021-07-06,360.19000244140625,349.56048583984375,0.0,0.0,QQQ
2021-07-06,432.92999267578125,404.6296691894531,0.0,0.0,SPY
2021-07-06,146.74000549316406,122.7072525024414,0.0,0.0,TLT
2021-07-07,168.75999450683594,168.75999450683594,0.0,0.0,GLD
2021-07-07,360.95001220703125,350.298095703125,0.0,0.0,QQQ
2021-07-07,434.4599914550781,406.0596618652344,0.0,0.0,SPY
2021-07-07,148.0399932861328,123.79438018798828,0.0,0.0,TLT
2021-07-08,168.64999389648438,168.64999389648438,0.0,0.0,GLD
2021-07-08,358.7699890136719,348.1824951171875,0.0,0.0,QQQ
2021-07-08,430.9200134277344,402.7510986328125,0.0,0.0,SPY
2021-07-08,148.6199951171875,124.27937316894531,0.0,0.0,TLT
2021-07-09,169.2100067138672,169.2100067138672,0.0,0.0,GLD
2021-07-09,361.010009765625,350.3563232421875,0.0,0.0,QQQ
2021-07-09,435.5199890136719,407.05035400390625,0.0,0.0,SPY
2021-07-09,146.52999877929688,122.53170776367188,0.0,0.0,TLT
2021-07-12,169.0,169.0,0.0,0.0,GLD
2021-07-12,362.4200134277344,351.7247314453125,0.0,0.0,QQQ
2021-07-12,437.0799865722656,408.5084228515625,0.0,0.0,SPY
2021-07-12,146.33999633789062,122.37281036376953,0.0,0.0,TLT
2021-07-13,169.22000122070312,169.22000122070312,0.0,0.0,GLD
2021-07-13,362.4200134277344,351.7247314453125,0.0,0.0,QQQ
2021-07-13,435.5899963378906,407.1158752441406,0.0,0.0,SPY
2021-07-13,145.22000122070312,121.4362564086914,0.0,0.0,TLT
2021-07-14,171.0399932861328,171.0399932861328,0.0,0.0,GLD
2021-07-14,363.07000732421875,352.3555908203125,0.0,0.0,QQQ
2021-07-14,436.239990234375,407.7233581542969,0.0,0.0,SPY
2021-07-14,146.8699951171875,122.81607055664062,0.0,0.0,TLT
2021-07-15,171.07000732421875,171.07000732421875,0.0,0.0,GLD
2021-07-15,360.5199890136719,349.8807678222656,0.0,0.0,QQQ
2021-07-15,434.75,406.3307189941406,0.0,0.0,SPY
2021-07-15,148.49000549316406,124.17071533203125,0.0,0.0,TLT
2021-07-16,169.41000366210938,169.41000366210938,0.0,0.0,GLD
2021-07-16,357.6000061035156,347.04705810546875,0.0,0.0,QQQ
2021-07-16,431.3399963378906,403.1435852050781,0.0,0.0,SPY
2021-07-16,148.2100067138672,123.93657684326172,0.0,0.0,TLT
2021-07-19,169.61000061035156,169.61000061035156,0.0,0.0,GLD
2021-07-19,354.6700134277344,344.20343017578125,0.0,0.0,QQQ
2021-07-19,424.9700012207031,397.1900939941406,0.0,0.0,SPY
2021-07-19,151.4600067138672,126.654296875,0.0,0.0,TLT
2021-07-20,169.38999938964844,169.38999938964844,0.0,0.0,GLD
2021-07-20,358.7900085449219,348.2018737792969,0.0,0.0,QQQ
2021-07-20,431.05999755859375,402.8819274902344,0.0,0.0,SPY
2021-07-20,150.0,125.43339538574219,0.0,0.0,TLT
2021-07-21,168.75999450683594,168.75999450683594,0.0,0.0,GLD
2021-07-21,361.55999755859375,350.8901672363281,0.0,0.0,QQQ
2021-07-21,434.54998779296875,406.1437683105469,0.0,0.0,SPY
2021-07-21,148.10000610351562,123.84458923339844,0.0,0.0,TLT
2021-07-22,169.08999633789062,169.08999633789062,0.0,0.0,GLD
2021-07-22,363.95001220703125,353.2096252441406,0.0,0.0,QQQ
2021-07-22,435.4599914550781,406.9942626953125,0.0,0.0,SPY
2021-07-22,149.5,125.01527404785156,0.0,0.0,TLT
2021-07-23,168.55999755859375,168.55999755859375,0.0,0.0,GLD
2021-07-23,368.20001220703125,357.33416748046875,0.0,0.0,QQQ
2021-07-23,439.94000244140625,411.1814270019531,0.0,0.0,SPY
2021-07-23,148.5,124.17906188964844,0.0,0.0,TLT
2021-07-26,168.16000366210938,168.16000366210938,0.0,0.0,GLD
2021-07-26,368.489990234375,357.6156005859375,0.0,0.0,QQQ
2021-07-26,441.0199890136719,412.1907958984375,0.0,0.0,SPY
2021-07-26,148.05999755859375,123.81112670898438,0.0,0.0,TLT
2021-07-27,168.44000244140625,168.44000244140625,0.0,0.0,GLD
2021-07-27,364.42999267578125,353.67547607421875,0.0,0.0,QQQ
2021-07-27,439.010009765625,410.312255859375,0.0,0.0,SPY
2021-07-27,149.63999938964844,125.13232421875,0.0,0.0,TLT
2021-07-28,169.2899932861328,169.2899932861328,0.0,0.0,GLD
2021-07-28,365.8299865722656,355.03411865234375,0.0,0.0,QQQ
2021-07-28,438.8299865722656,410.1440124511719,0.0,0.0,SPY
2021-07-28,149.64999389648438,125.14068603515625,0.0,0.0,TLT
2021-07-29,171.1699981689453,171.1699981689453,0.0,0.0,GLD
2021-07-29,366.4800109863281,355.6649169921875,0.0,0.0,QQQ
2021-07-29,440.6499938964844,411.8450012207031,0.0,0.0,SPY
2021-07-29,148.82000732421875,124.4466323852539,0.0,0.0,TLT
2021-07-30,169.82000732421875,169.82000732421875,0.0,0.0,GLD
2021-07-30,364.57000732421875,353.81134033203125,0.0,0.0,QQQ
2021-07-30,438.510009765625,409.844970703125,0.0,0.0,SPY
2021-07-30,149.52000427246094,125.03201293945312,0.0,0.0,TLT
2021-08-02,169.61000061035156,169.61000061035156,0.0,0.0,GLD
2021-08-02,364.6000061035156,353.8404235839844,0.0,0.0,QQQ
2021-08-02,437.5899963378906,408.985107421875,0.0,0.0,SPY
2021-08-02,150.6699981689453,126.14723205566406,0.182,0.0,TLT
2021-08-03,169.49000549316406,169.49000549316406,0.0,0.0,GLD
2021-08-03,366.80999755859375,355.9851379394531,0.0,0.0,QQQ
2021-08-03,441.1499938964844,412.3124084472656,0.0,0.0,SPY
2021-08-03,150.75,126.21424102783203,0.0,0.0,TLT
2021-08-04,169.52999877929688,169.52999877929688,0.0,0.0,GLD
2021-08-04,367.3399963378906,356.4995422363281,0.0,0.0,QQQ
2021-08-04,438.9800109863281,410.28424072265625,0.0,0.0,SPY
2021-08-04,151.05999755859375,126.4737548828125,0.0,0.0,TLT
2021-08-05,168.86000061035156,168.86000061035156,0.0,0.0,GLD
2021-08-05,369.6700134277344,358.76080322265625,0.0,0.0,QQQ
2021-08-05,441.760009765625,412.88250732421875,0.0,0.0,SPY
2021-08-05,150.2899932861328,125.8291015625,0.0,0.0,TLT
2021-08-06,164.63999938964844,164.63999938964844,0.0,0.0,GLD
2021-08-06,368.04998779296875,357.1885681152344,0.0,0.0,QQQ
2021-08-06,442.489990234375,413.56475830078125,0.0,0.0,SPY
2021-08-06,147.77999877929688,123.72755432128906,0.0,0.0,TLT
2021-08-09,161.72000122070312,161.72000122070312,0.0,0.0,GLD
2021-08-09,368.7300109863281,357.8485412597656,0.0,0.0,QQQ
2021-08-09,442.1300048828125,413.228271484375,0.0,0.0,SPY
2021-08-09,147.25,123.2838363647461,0.0,0.0,TLT
2021-08-10,161.77000427246094,161.77000427246094,0.0,0.0,GLD
2021-08-10,366.8399963378906,356.0143127441406,0.0,0.0,QQQ
2021-08-10,442.67999267578125,413.7423400878906,0.0,0.0,SPY
2021-08-10,146.57000732421875,122.71446990966797,0.0,0.0,TLT
2021-08-11,164.0,164.0,0.0,0.0,GLD
2021-08-11,366.2099914550781,355.40283203125,0.0,0.0,QQQ
2021-08-11,443.7799987792969,414.77044677734375,0.0,0.0,SPY
2021-08-11,146.47999572753906,122.63916015625,0.0,0.0,TLT
2021-08-12,164.0399932861328,164.0399932861328,0.0,0.0,GLD
2021-08-12,367.5299987792969,356.68402099609375,0.0,0.0,QQQ
2021-08-12,445.1099853515625,416.0134582519531,0.0,0.0,SPY
2021-08-12,146.24000549316406,122.43826293945312,0.0,0.0,TLT
2021-08-13,166.38999938964844,166.38999938964844,0.0,0.0,GLD
2021-08-13,368.82000732421875,357.93585205078125,0.0,0.0,QQQ
2021-08-13,445.9200134277344,416.7705078125,0.0,0.0,SPY
2021-08-13,148.5500030517578,124.37228393554688,0.0,0.0,TLT
2021-08-16,167.22000122070312,167.22000122070312,0.0,0.0,GLD
2021-08-16,368.9800109863281,358.0911865234375,0.0,0.0,QQQ
2021-08-16,446.9700012207031,417.75189208984375,0.0,0.0,SPY
2021-08-16,148.91000366210938,124.67365264892578,0.0,0.0,TLT
2021-08-17,166.97000122070312,166.97000122070312,0.0,0.0,GLD
2021-08-17,365.7300109863281,354.93701171875,0.0,0.0,QQQ
2021-08-17,444.0400085449219,415.01348876953125,0.0,0.0,SPY
2021-08-17,148.85000610351562,124.62345123291016,0.0,0.0,TLT
2021-08-18,167.10000610351562,167.10000610351562,0.0,0.0,GLD
2021-08-18,362.2099914550781,351.5208740234375,0.0,0.0,QQQ
2021-08-18,439.17999267578125,410.4710998535156,0.0,0.0,SPY
2021-08-18,149.35000610351562,125.04210662841797,0.0,0.0,TLT
2021-08-19,166.61000061035156,166.61000061035156,0.0,0.0,GLD
2021-08-19,363.9599914550781,353.2192077636719,0.0,0.0,QQQ
2021-08-19,439.8599853515625,411.1066589355469,0.0,0.0,SPY
2021-08-19,150.4499969482422,125.96304321289062,0.0,0.0,TLT
2021-08-20,166.6999969482422,166.6999969482422,0.0,0.0,GLD
2021-08-20,367.7300109863281,356.8780517578125,0.0,0.0,QQQ
2021-08-20,443.3599853515625,414.37786865234375,0.0,0.0,SPY
2021-08-20,150.5500030517578,126.0467529296875,0.0,0.0,TLT
2021-08-23,168.72999572753906,168.72999572753906,0.0,0.0,GLD
2021-08-23,373.2300109863281,362.2157897949219,0.0,0.0,QQQ
2021-08-23,447.260009765625,418.02301025390625,0.0,0.0,SPY
2021-08-23,150.4499969482422,125.96304321289062,0.0,0.0,TLT
2021-08-24,168.64999389648438,168.64999389648438,0.0,0.0,GLD
2021-08-24,374.3699951171875,363.3220520019531,0.0,0.0,QQQ
2021-08-24,447.9700012207031,418.6864929199219,0.0,0.0,SPY
2021-08-24,149.27999877929688,124.98345184326172,0.0,0.0,TLT
2021-08-25,167.47999572753906,167.47999572753906,0.0,0.0,GLD
2021-08-25,374.79998779296875,363.7393493652344,0.0,0.0,QQQ
2021-08-25,448.9100036621094,419.5650939941406,0.0,0.0,SPY
2021-08-25,148.0399932861328,123.94529724121094,0.0,0.0,TLT
2021-08-26,167.6699981689453,167.6699981689453,0.0,0.0,GLD
2021-08-26,372.4200134277344,361.4295349121094,0.0,0.0,QQQ
2021-08-26,446.260009765625,417.08831787109375,0.0,0.0,SPY
2021-08-26,148.4499969482422,124.28852081298828,0.0,0.0,TLT
2021-08-27,170.19000244140625,170.19000244140625,0.0,0.0,GLD
2021-08-27,376.0400085449219,364.9427490234375,0.0,0.0,QQQ
2021-08-27,450.25,420.81744384765625,0.0,0.0,SPY
2021-08-27,149.4600067138672,125.1341552734375,0.0,0.0,TLT
2021-08-30,169.35000610351562,169.35000610351562,0.0,0.0,GLD
2021-08-30,380.260009765625,369.0382080078125,0.0,0.0,QQQ
2021-08-30,452.2300109863281,422.6680603027344,0.0,0.0,SPY
2021-08-30,149.85000610351562,125.46070098876953,0.0,0.0,TLT
2021-08-31,169.69000244140625,169.69000244140625,0.0,0.0,GLD
2021-08-31,379.95001220703125,368.737548828125,0.0,0.0,QQQ
2021-08-31,451.55999755859375,422.0418701171875,0.0,0.0,SPY
2021-08-31,148.8300018310547,124.6066665649414,0.0,0.0,TLT
2021-09-01,169.6999969482422,169.6999969482422,0.0,0.0,GLD
2021-09-01,380.5799865722656,369.34881591796875,0.0,0.0,QQQ
2021-09-01,451.79998779296875,422.2661437988281,0.0,0.0,SPY
2021-09-01,148.88999938964844,124.81543731689453,0.189,0.0,TLT
2021-09-02,169.25,169.25,0.0,0.0,GLD
2021-09-02,380.3999938964844,369.17413330078125,0.0,0.0,QQQ
2021-09-02,453.19000244140625,423.5653381347656,0.0,0.0,SPY
2021-09-02,149.5399932861328,125.36026763916016,0.0,0.0,TLT
2021-09-03,171.05999755859375,171.05999755859375,0.0,0.0,GLD
2021-09-03,381.57000732421875,370.3096008300781,0.0,0.0,QQQ
2021-09-03,453.0799865722656,423.46240234375,0.0,0.0,SPY
2021-09-03,148.17999267578125,124.22024536132812,0.0,0.0,TLT
2021-09-07,167.7100067138672,167.7100067138672,0.0,0.0,GLD
2021-09-07,382.1099853515625,370.83367919921875,0.0,0.0,QQQ
2021-09-07,451.4599914550781,421.9483337402344,0.0,0.0,SPY
2021-09-07,146.92999267578125,123.17234802246094,0.0,0.0,TLT
2021-09-08,167.2899932861328,167.2899932861328,0.0,0.0,GLD
2021-09-08,380.7799987792969,369.5428466796875,0.0,0.0,QQQ
2021-09-08,450.9100036621094,421.434326171875,0.0,0.0,SPY
2021-09-08,147.92999267578125,124.01061248779297,0.0,0.0,TLT
2021-09-09,168.02999877929688,168.02999877929688,0.0,0.0,GLD
2021-09-09,379.4700012207031,368.2715759277344,0.0,0.0,QQQ
2021-09-09,448.9800109863281,419.6305847167969,0.0,0.0,SPY
2021-09-09,149.72000122070312,125.51127624511719,0.0,0.0,TLT
2021-09-10,167.17999267578125,167.17999267578125,0.0,0.0,GLD
2021-09-10,376.5899963378906,365.4765319824219,0.0,0.0,QQQ
2021-09-10,445.44000244140625,416.3219299316406,0.0,0.0,SPY
2021-09-10,148.39999389648438,124.4046859741211,0.0,0.0,TLT
2021-09-13,167.74000549316406,167.74000549316406,0.0,0.0,GLD
2021-09-13,376.3299865722656,365.2242126464844,0.0,0.0,QQQ
2021-09-13,446.5799865722656,417.3874206542969,0.0,0.0,SPY
2021-09-13,149.3000030517578,125.1590805053711,0.0,0.0,TLT
2021-09-14,168.82000732421875,168.82000732421875,0.0,0.0,GLD
2021-09-14,375.260009765625,364.1858825683594,0.0,0.0,QQQ
2021-09-14,444.1700134277344,415.1349182128906,0.0,0.0,SPY
2021-09-14,151.11000061035156,126.67642974853516,0.0,0.0,TLT
2021-09-15,167.8300018310547,167.8300018310547,0.0,0.0,GLD
2021-09-15,378.04998779296875,366.8935241699219,0.0,0.0,QQQ
2021-09-15,447.8800048828125,418.6023864746094,0.0,0.0,SPY
2021-09-15,150.5800018310547,126.23223114013672,0.0,0.0,TLT
2021-09-16,164.02999877929688,164.02999877929688,0.0,0.0,GLD
2021-09-16,378.30999755859375,367.1457824707031,0.0,0.0,QQQ
2021-09-16,447.1700134277344,417.9388427734375,0.0,0.0,SPY
2021-09-16,149.88999938964844,125.65375518798828,0.0,0.0,TLT
2021-09-17,163.77000427246094,163.77000427246094,0.0,0.0,GLD
2021-09-17,373.8299865722656,362.7979431152344,0.0,0.0,QQQ
2021-09-17,441.3999938964844,413.8676452636719,1.428,0.0,SPY
2021-09-17,149.1699981689453,125.05017852783203,0.0,0.0,TLT
2021-09-20,164.94000244140625,164.94000244140625,0.0,0.0,GLD
2021-09-20,365.70001220703125,355.30145263671875,0.414,0.0,QQQ
2021-09-20,434.0400085449219,406.966796875,0.0,0.0,SPY
2021-09-20,151.02000427246094,126.60100555419922,0.0,0.0,TLT
2021-09-21,166.0399932861328,166.0399932861328,0.0,0.0,GLD
2021-09-21,366.1499938964844,355.73858642578125,0.0,0.0,QQQ
2021-09-21,433.6300048828125,406.58233642578125,0.0,0.0,SPY
2021-09-21,150.88999938964844,126.4920425415039,0.0,0.0,TLT
2021-09-22,165.4199981689453,165.4199981689453,0.0,0.0,GLD
2021-09-22,369.57000732421875,359.0614013671875,0.0,0.0,QQQ
2021-09-22,437.8599853515625,410.5484313964844,0.0,0.0,SPY
2021-09-22,151.7899932861328,127.24649047851562,0.0,0.0,TLT
2021-09-23,163.50999450683594,163.50999450683594,0.0,0.0,GLD
2021-09-23,372.9800109863281,362.3744201660156,0.0,0.0,QQQ
2021-09-23,443.17999267578125,415.5366516113281,0.0,0.0,SPY
2021-09-23,148.36000061035156,124.37109375,0.0,0.0,TLT
2021-09-24,163.3000030517578,163.3000030517578,0.0,0.0,GLD
2021-09-24,373.3299865722656,362.7144775390625,0.0,0.0,QQQ
2021-09-24,443.9100036621094,416.2210998535156,0.0,0.0,SPY
2021-09-24,146.91000366210938,123.15557861328125,0.0,0.0,TLT
2021-09-27,163.63999938964844,163.63999938964844,0.0,0.0,GLD
2021-09-27,370.3500061035156,359.8192138671875,0.0,0.0,QQQ
2021-09-27,442.6400146484375,415.03033447265625,0.0,0.0,SPY
2021-09-27,146.3699951171875,122.70287322998047,0.0,0.0,TLT
2021-09-28,162.0500030517578,162.0500030517578,0.0,0.0,GLD
2021-09-28,359.8699951171875,349.6372375488281,0.0,0.0,QQQ
2021-09-28,433.7200012207031,406.6667175292969,0.0,0.0,SPY
2021-09-28,144.08999633789062,120.7915267944336,0.0,0.0,TLT
2021-09-29,161.32000732421875,161.32000732421875,0.0,0.0,GLD
2021-09-29,359.2799987792969,349.0639953613281,0.0,0.0,QQQ
2021-09-29,434.45001220703125,407.3511962890625,0.0,0.0,SPY
2021-09-29,144.33999633789062,121.0010986328125,0.0,0.0,TLT
2021-09-30,164.22000122070312,164.22000122070312,0.0,0.0,GLD
2021-09-30,357.9599914550781,347.78155517578125,0.0,0.0,QQQ
2021-09-30,429.1400146484375,402.3724060058594,0.0,0.0,SPY
2021-09-30,144.32000732421875,120.98434448242188,0.0,0.0,TLT
2021-10-01,164.58999633789062,164.58999633789062,0.0,0.0,GLD
2021-10-01,360.17999267578125,349.93841552734375,0.0,0.0,QQQ
2021-10-01,434.239990234375,407.1542663574219,0.0,0.0,SPY
2021-10-01,145.35000610351562,122.0025634765625,0.183,0.0,TLT
2021-10-04,165.36000061035156,165.36000061035156,0.0,0.0,GLD
2021-10-04,352.6199951171875,342.5933532714844,0.0,0.0,QQQ
2021-10-04,428.6400146484375,401.9035949707031,0.0,0.0,SPY
2021-10-04,144.97999572753906,121.69193267822266,0.0,0.0,TLT
2021-10-05,164.58999633789062,164.58999633789062,0.0,0.0,GLD
2021-10-05,357.3800048828125,347.21795654296875,0.0,0.0,QQQ
2021-10-05,433.1000061035156,406.0854187011719,0.0,0.0,SPY
2021-10-05,143.5800018310547,120.5168228149414,0.0,0.0,TLT
2021-10-06,165.02999877929688,165.02999877929688,0.0,0.0,GLD
2021-10-06,359.6700134277344,349.4429016113281,0.0,0.0,QQQ
2021-10-06,434.8999938964844,407.77313232421875,0.0,0.0,SPY
2021-10-06,144.38999938964844,121.1966781616211,0.0,0.0,TLT
2021-10-07,164.16000366210938,164.16000366210938,0.0,0.0,GLD
2021-10-07,362.9700012207031,352.6490478515625,0.0,0.0,QQQ
2021-10-07,438.6600036621094,411.298583984375,0.0,0.0,SPY
2021-10-07,142.8800048828125,119.92926788330078,0.0,0.0,TLT
2021-10-08,164.22999572753906,164.22999572753906,0.0,0.0,GLD
2021-10-08,361.1600036621094,350.8905029296875,0.0,0.0,QQQ
2021-10-08,437.8599853515625,410.5484313964844,0.0,0.0,SPY
2021-10-08,141.8800048828125,119.08988189697266,0.0,0.0,TLT
2021-10-11,163.9199981689453,163.9199981689453,0.0,0.0,GLD
2021-10-11,358.3900146484375,348.1992492675781,0.0,0.0,QQQ
2021-10-11,434.69000244140625,407.576171875,0.0,0.0,SPY
2021-10-11,141.52000427246094,118.7877426147461,0.0,0.0,TLT
2021-10-12,164.66000366210938,164.66000366210938,0.0,0.0,GLD
2021-10-12,357.1400146484375,346.98480224609375,0.0,0.0,QQQ
2021-10-12,433.6199951171875,406.57293701171875,0.0,0.0,SPY
2021-10-12,143.94000244140625,120.81900024414062,0.0,0.0,TLT
2021-10-13,167.58999633789062,167.58999633789062,0.0,0.0,GLD
2021-10-13,360.0,349.76348876953125,0.0,0.0,QQQ
2021-10-13,435.17999267578125,408.0355529785156,0.0,0.0,SPY
2021-10-13,145.33999633789062,121.99414825439453,0.0,0.0,TLT
2021-10-14,168.0,168.0,0.0,0.0,GLD
2021-10-14,366.6300048828125,356.2049255371094,0.0,0.0,QQQ
2021-10-14,442.5,414.8990173339844,0.0,0.0,SPY
2021-10-14,145.8800048828125,122.4474105834961,0.0,0.0,TLT
2021-10-15,165.3300018310547,165.3300018310547,0.0,0.0,GLD
2021-10-15,368.94000244140625,358.44927978515625,0.0,0.0,QQQ
2021-10-15,445.8699951171875,418.0588684082031,0.0,0.0,SPY
2021-10-15,145.02999877929688,121.73396301269531,0.0,0.0,TLT
2021-10-18,164.9199981689453,164.9199981689453,0.0,0.0,GLD
2021-10-18,372.6499938964844,362.0538024902344,0.0,0.0,QQQ
2021-10-18,447.19000244140625,419.29644775390625,0.0,0.0,SPY
2021-10-18,145.7100067138672,122.3046875,0.0,0.0,TLT
2021-10-19,165.4499969482422,165.4499969482422,0.0,0.0,GLD
2021-10-19,375.4700012207031,364.7935485839844,0.0,0.0,QQQ
2021-10-19,450.6400146484375,422.5314025878906,0.0,0.0,SPY
2021-10-19,143.6999969482422,120.6175308227539,0.0,0.0,TLT
2021-10-20,166.89999389648438,166.89999389648438,0.0,0.0,GLD
2021-10-20,374.9800109863281,364.3175354003906,0.0,0.0,QQQ
2021-10-20,452.4100036621094,424.1909484863281,0.0,0.0,SPY
2021-10-20,142.72999572753906,119.80338287353516,0.0,0.0,TLT
2021-10-21,166.75,166.75,0.0,0.0,GLD
2021-10-21,377.2699890136719,366.54248046875,0.0,0.0,QQQ
2021-10-21,453.5899963378906,425.2973327636719,0.0,0.0,SPY
2021-10-21,142.55999755859375,119.66063690185547,0.0,0.0,TLT
2021-10-22,167.77000427246094,167.77000427246094,0.0,0.0,GLD
2021-10-22,374.1000061035156,363.462646484375,0.0,0.0,QQQ
2021-10-22,453.1199951171875,424.85662841796875,0.0,0.0,SPY
2021-10-22,144.1300048828125,120.9784927368164,0.0,0.0,TLT
2021-10-25,168.92999267578125,168.92999267578125,0.0,0.0,GLD
2021-10-25,377.92999267578125,367.1837158203125,0.0,0.0,QQQ
2021-10-25,455.54998779296875,427.13507080078125,0.0,0.0,SPY
2021-10-25,143.91000366210938,120.79385375976562,0.0,0.0,TLT
2021-10-26,167.67999267578125,167.67999267578125,0.0,0.0,GLD
2021-10-26,379.1199951171875,368.3398132324219,0.0,0.0,QQQ
2021-10-26,455.9599914550781,427.51947021484375,0.0,0.0,SPY
2021-10-26,145.10000610351562,121.79267120361328,0.0,0.0,TLT
2021-10-27,168.1199951171875,168.1199951171875,0.0,0.0,GLD
2021-10-27,380.0,369.1948547363281,0.0,0.0,QQQ
2021-10-27,453.94000244140625,425.6254577636719,0.0,0.0,SPY
2021-10-27,147.74000549316406,124.0086669921875,0.0,0.0,TLT
2021-10-28,168.0800018310547,168.0800018310547,0.0,0.0,GLD
2021-10-28,384.2200012207031,373.2947998046875,0.0,0.0,QQQ
2021-10-28,458.32000732421875,429.7322692871094,0.0,0.0,SPY
2021-10-28,147.24000549316406,123.58891296386719,0.0,0.0,TLT
2021-10-29,166.64999389648438,166.64999389648438,0.0,0.0,GLD
2021-10-29,386.1099853515625,375.13104248046875,0.0,0.0,QQQ
2021-10-29,459.25,430.604248046875,0.0,0.0,SPY
2021-10-29,147.69000244140625,123.96669006347656,0.0,0.0,TLT
2021-11-01,167.52000427246094,167.52000427246094,0.0,0.0,GLD
2021-11-01,387.42999267578125,376.4135437011719,0.0,0.0,QQQ
2021-11-01,460.0400085449219,431.34503173828125,0.0,0.0,SPY
2021-11-01,146.44000244140625,123.07412719726562,0.188,0.0,TLT
2021-11-02,167.16000366210938,167.16000366210938,0.0,0.0,GLD
2021-11-02,389.04998779296875,377.9874572753906,0.0,0.0,QQQ
2021-11-02,461.8999938964844,433.0889587402344,0.0,0.0,SPY
2021-11-02,147.08999633789062,123.62039947509766,0.0,0.0,TLT
2021-11-03,165.77000427246094,165.77000427246094,0.0,0.0,GLD
2021-11-03,393.17999267578125,382.0,0.0,0.0,QQQ
2021-11-03,464.7200012207031,435.7331237792969,0.0,0.0,SPY
2021-11-03,145.57000732421875,122.34295654296875,0.0,0.0,TLT
2021-11-04,167.64999389648438,167.64999389648438,0.0,0.0,GLD
2021-11-04,398.2200012207031,386.8966979980469,0.0,0.0,QQQ
2021-11-04,466.9100036621094,437.7864685058594,0.0,0.0,SPY
2021-11-04,147.10000610351562,123.6287612915039,0.0,0.0,TLT
2021-11-05,169.83999633789062,169.83999633789062,0.0,0.0,GLD
2021-11-05,398.6000061035156,387.26593017578125,0.0,0.0,QQQ
2021-11-05,468.5299987792969,439.3055114746094,0.0,0.0,SPY
2021-11-05,149.3000030517578,125.47772979736328,0.0,0.0,TLT
2021-11-08,170.4499969482422,170.4499969482422,0.0,0.0,GLD
2021-11-08,398.05999755859375,386.7413024902344,0.0,0.0,QQQ
2021-11-08,468.92999267578125,439.6804504394531,0.0,0.0,SPY
2021-11-08,149.02000427246094,125.2424087524414,0.0,0.0,TLT
2021-11-09,171.2899932861328,171.2899932861328,0.0,0.0,GLD
2021-11-09,395.32000732421875,384.0792541503906,0.0,0.0,QQQ
2021-11-09,467.3800048828125,438.22711181640625,0.0,0.0,SPY
2021-11-09,150.9600067138672,126.87289428710938,0.0,0.0,TLT
2021-11-10,173.14999389648438,173.14999389648438,0.0,0.0,GLD
2021-11-10,389.510009765625,378.4343566894531,0.0,0.0,QQQ
2021-11-10,463.6199951171875,434.70172119140625,0.0,0.0,SPY
2021-11-10,148.1999969482422,124.55329132080078,0.0,0.0,TLT
2021-11-11,174.1199951171875,174.1199951171875,0.0,0.0,GLD
2021-11-11,390.5899963378906,379.483642578125,0.0,0.0,QQQ
2021-11-11,463.7699890136719,434.8423156738281,0.0,0.0,SPY
2021-11-11,147.97999572753906,124.36833190917969,0.0,0.0,TLT
2021-11-12,174.4499969482422,174.4499969482422,0.0,0.0,GLD
2021-11-12,394.70001220703125,383.4768371582031,0.0,0.0,QQQ
2021-11-12,467.2699890136719,438.1239929199219,0.0,0.0,SPY
2021-11-12,147.3300018310547,123.822021484375,0.0,0.0,TLT
2021-11-15,174.17999267578125,174.17999267578125,0.0,0.0,GLD
2021-11-15,394.6099853515625,383.389404296875,0.0,0.0,QQQ
2021-11-15,467.42999267578125,438.27410888671875,0.0,0.0,SPY
2021-11-15,145.47999572753906,122.26726531982422,0.0,0.0,TLT
2021-11-16,172.9199981689453,172.9199981689453,0.0,0.0,GLD
2021-11-16,397.4200134277344,386.1195068359375,0.0,0.0,QQQ
2021-11-16,469.2799987792969,440.0086669921875,0.0,0.0,SPY
2021-11-16,145.11000061035156,121.95630645751953,0.0,0.0,TLT
2021-11-17,174.5,174.5,0.0,0.0,GLD
2021-11-17,397.6300048828125,386.323486328125,0.0,0.0,QQQ
2021-11-17,468.1400146484375,438.93975830078125,0.0,0.0,SPY
2021-11-17,146.25999450683594,122.92279815673828,0.0,0.0,TLT
2021-11-18,173.94000244140625,173.94000244140625,0.0,0.0,GLD
2021-11-18,401.75,390.32635498046875,0.0,0.0,QQQ
2021-11-18,469.7300109863281,440.4306335449219,0.0,0.0,SPY
2021-11-18,146.80999755859375,123.38506317138672,0.0,0.0,TLT
2021-11-19,172.61000061035156,172.61000061035156,0.0,0.0,GLD
2021-11-19,403.989990234375,392.5026550292969,0.0,0.0,QQQ
2021-11-19,468.8900146484375,439.6430358886719,0.0,0.0,SPY
2021-11-19,148.36000061035156,124.68769836425781,0.0,0.0,TLT
2021-11-22,168.74000549316406,168.74000549316406,0.0,0.0,GLD
2021-11-22,399.29998779296875,387.9460144042969,0.0,0.0,QQQ
2021-11-22,467.57000732421875,438.4053955078125,0.0,0.0,SPY
2021-11-22,146.6199951171875,123.22533416748047,0.0,0.0,TLT
2021-11-23,167.27999877929688,167.27999877929688,0.0,0.0,GLD
2021-11-23,397.4800109863281,386.1778564453125,0.0,0.0,QQQ
2021-11-23,468.19000244140625,438.98663330078125,0.0,0.0,SPY
2021-11-23,144.5,121.44366455078125,0.0,0.0,TLT
2021-11-24,167.1199951171875,167.1199951171875,0.0,0.0,GLD
2021-11-24,398.760009765625,387.4214172363281,0.0,0.0,QQQ
2021-11-24,469.44000244140625,440.1586608886719,0.0,0.0,SPY
2021-11-24,146.82000732421875,123.39349365234375,0.0,0.0,TLT
2021-11-26,166.85000610351562,166.85000610351562,0.0,0.0,GLD
2021-11-26,391.20001220703125,380.0763244628906,0.0,0.0,QQQ
2021-11-26,458.9700012207031,430.341796875,0.0,0.0,SPY
2021-11-26,150.52999877929688,126.51151275634766,0.0,0.0,TLT
2021-11-29,166.6199951171875,166.6199951171875,0.0,0.0,GLD
2021-11-29,399.69000244140625,388.324951171875,0.0,0.0,QQQ
2021-11-29,464.6000061035156,435.62060546875,0.0,0.0,SPY
2021-11-29,149.32000732421875,125.4945297241211,0.0,0.0,TLT
2021-11-30,165.5,165.5,0.0,0.0,GLD
2021-11-30,393.82000732421875,382.621826171875,0.0,0.0,QQQ
2021-11-30,455.55999755859375,427.1444396972656,0.0,0.0,SPY
2021-11-30,151.58999633789062,127.40232849121094,0.0,0.0,TLT
2021-12-01,166.16000366210938,166.16000366210938,0.0,0.0,GLD
2021-12-01,387.1199951171875,376.1123046875,0.0,0.0,QQQ
2021-12-01,450.5,422.4000244140625,0.0,0.0,SPY
2021-12-01,152.33999633789062,128.18829345703125,0.184,0.0,TLT
2021-12-02,165.24000549316406,165.24000549316406,0.0,0.0,GLD
2021-12-02,389.9100036621094,378.822998046875,0.0,0.0,QQQ
2021-12-02,457.3999938964844,428.86962890625,0.0,0.0,SPY
2021-12-02,152.52999877929688,128.3480987548828,0.0,0.0,TLT
2021-12-03,166.6300048828125,166.6300048828125,0.0,0.0,GLD
2021-12-03,383.1300048828125,372.2357177734375,0.0,0.0,QQQ
2021-12-03,453.4200134277344,425.137939453125,0.0,0.0,SPY
2021-12-03,154.35000610351562,129.8796844482422,0.0,0.0,TLT
2021-12-06,166.22000122070312,166.22000122070312,0.0,0.0,GLD
2021-12-06,386.20001220703125,375.2185363769531,0.0,0.0,QQQ
2021-12-06,458.7900085449219,430.1730041503906,0.0,0.0,SPY
2021-12-06,152.22999572753906,128.095703125,0.0,0.0,TLT
2021-12-07,166.80999755859375,166.80999755859375,0.0,0.0,GLD
2021-12-07,397.8299865722656,386.5177917480469,0.0,0.0,QQQ
2021-12-07,468.2799987792969,439.07110595703125,0.0,0.0,SPY
2021-12-07,151.0,127.06072998046875,0.0,0.0,TLT
2021-12-08,166.89999389648438,166.89999389648438,0.0,0.0,GLD
2021-12-08,399.6099853515625,388.2471618652344,0.0,0.0,QQQ
2021-12-08,469.5199890136719,440.2336120605469,0.0,0.0,SPY
2021-12-08,148.38999938964844,124.86448669433594,0.0,0.0,TLT
2021-12-09,165.8800048828125,165.8800048828125,0.0,0.0,GLD
2021-12-09,393.7300109863281,382.5343933105469,0.0,0.0,QQQ
2021-12-09,466.3500061035156,437.26141357421875,0.0,0.0,SPY
2021-12-09,149.22000122070312,125.56291961669922,0.0,0.0,TLT
2021-12-10,166.5800018310547,166.5800018310547,0.0,0.0,GLD
2021-12-10,398.010009765625,386.69281005859375,0.0,0.0,QQQ
2021-12-10,470.739990234375,441.3775329589844,0.0,0.0,SPY
2021-12-10,148.86000061035156,125.26005554199219,0.0,0.0,TLT
2021-12-13,167.0,167.0,0.0,0.0,GLD
2021-12-13,392.260009765625,381.1062316894531,0.0,0.0,QQQ
2021-12-13,466.57000732421875,437.4676513671875,0.0,0.0,SPY
2021-12-13,151.05999755859375,127.11121368408203,0.0,0.0,TLT
2021-12-14,165.44000244140625,165.44000244140625,0.0,0.0,GLD
2021-12-14,388.20001220703125,377.16168212890625,0.0,0.0,QQQ
2021-12-14,463.3599853515625,434.4579162597656,0.0,0.0,SPY
2021-12-14,150.6999969482422,126.80826568603516,0.0,0.0,TLT
2021-12-15,166.14999389648438,166.14999389648438,0.0,0.0,GLD
2021-12-15,397.04998779296875,385.760009765625,0.0,0.0,QQQ
2021-12-15,470.6000061035156,441.2463684082031,0.0,0.0,SPY
2021-12-15,149.25,125.58815002441406,0.0,0.0,TLT
2021-12-16,168.16000366210938,168.16000366210938,0.0,0.0,GLD
2021-12-16,386.8399963378906,375.8403015136719,0.0,0.0,QQQ
2021-12-16,466.45001220703125,437.3551940917969,0.0,0.0,SPY
2021-12-16,149.13999938964844,125.63703918457031,0.168,0.0,TLT
2021-12-17,167.8000030517578,167.8000030517578,0.0,0.0,GLD
2021-12-17,384.9100036621094,373.9651794433594,0.0,0.0,QQQ
2021-12-17,459.8699951171875,432.700439453125,1.633,0.0,SPY
2021-12-17,150.8300018310547,127.06072235107422,0.0,0.0,TLT
2021-12-20,167.08999633789062,167.08999633789062,0.0,0.0,GLD
2021-12-20,380.69000244140625,370.3376159667969,0.491,0.0,QQQ
2021-12-20,454.9800109863281,428.09942626953125,0.0,0.0,SPY
2021-12-20,149.6999969482422,126.10877990722656,0.0,0.0,TLT
2021-12-21,167.02000427246094,167.02000427246094,0.0,0.0,GLD
2021-12-21,389.2099914550781,378.6258850097656,0.0,0.0,QQQ
2021-12-21,463.05999755859375,435.70196533203125,0.0,0.0,SPY
2021-12-21,149.1300048828125,125.62861633300781,0.0,0.0,TLT
2021-12-22,168.58999633789062,168.58999633789062,0.0,0.0,GLD
2021-12-22,393.95001220703125,383.2370300292969,0.0,0.0,QQQ
2021-12-22,467.69000244140625,440.05841064453125,0.0,0.0,SPY
2021-12-22,149.82000732421875,126.20988464355469,0.0,0.0,TLT
2021-12-23,168.97000122070312,168.97000122070312,0.0,0.0,GLD
2021-12-23,396.9200134277344,386.12628173828125,0.0,0.0,QQQ
2021-12-23,470.6000061035156,442.7965087890625,0.0,0.0,SPY
2021-12-23,148.52000427246094,125.1147689819336,0.0,0.0,TLT
2021-12-27,169.3699951171875,169.3699951171875,0.0,0.0,GLD
2021-12-27,403.4800109863281,392.5078430175781,0.0,0.0,QQQ
2021-12-27,477.260009765625,449.06304931640625,0.0,0.0,SPY
2021-12-27,148.8800048828125,125.41802215576172,0.0,0.0,TLT
2021-12-28,168.63999938964844,168.63999938964844,0.0,0.0,GLD
2021-12-28,401.6099853515625,390.688720703125,0.0,0.0,QQQ
2021-12-28,476.8699951171875,448.6960754394531,0.0,0.0,SPY
2021-12-28,148.2899932861328,124.92098999023438,0.0,0.0,TLT
2021-12-29,168.58999633789062,168.58999633789062,0.0,0.0,GLD
2021-12-29,401.54998779296875,390.63031005859375,0.0,0.0,QQQ
2021-12-29,477.4800109863281,449.2701110839844,0.0,0.0,SPY
2021-12-29,146.6699981689453,123.55623626708984,0.0,0.0,TLT
2021-12-30,169.8000030517578,169.8000030517578,0.0,0.0,GLD
2021-12-30,400.3500061035156,389.462890625,0.0,0.0,QQQ
2021-12-30,476.1600036621094,448.0280456542969,0.0,0.0,SPY
2021-12-30,147.89999389648438,124.5924301147461,0.0,0.0,TLT
2021-12-31,170.9600067138672,170.9600067138672,0.0,0.0,GLD
2021-12-31,397.8500061035156,387.0308837890625,0.0,0.0,QQQ
2021-12-31,474.9599914550781,446.8988952636719,0.0,0.0,SPY
2021-12-31,148.19000244140625,124.83674621582031,0.0,0.0,TLT
2022-01-03,168.3300018310547,168.3300018310547,0.0,0.0,GLD
2022-01-03,401.67999267578125,390.75677490234375,0.0,0.0,QQQ
2022-01-03,477.7099914550781,449.4864807128906,0.0,0.0,SPY
2022-01-03,144.3000030517578,121.55976867675781,0.0,0.0,TLT
2022-01-04,169.57000732421875,169.57000732421875,0.0,0.0,GLD
2022-01-04,396.4700012207031,385.6884765625,0.0,0.0,QQQ
2022-01-04,477.54998779296875,449.33599853515625,0.0,0.0,SPY
2022-01-04,143.6999969482422,121.05431365966797,0.0,0.0,TLT
2022-01-05,169.05999755859375,169.05999755859375,0.0,0.0,GLD
2022-01-05,384.2900085449219,373.8397216796875,0.0,0.0,QQQ
2022-01-05,468.3800048828125,440.7076721191406,0.0,0.0,SPY
2022-01-05,142.9199981689453,120.39725494384766,0.0,0.0,TLT
2022-01-06,166.99000549316406,166.99000549316406,0.0,0.0,GLD
2022-01-06,384.0199890136719,373.5770568847656,0.0,0.0,QQQ
2022-01-06,467.94000244140625,440.29376220703125,0.0,0.0,SPY
2022-01-06,143.2899932861328,120.70895385742188,0.0,0.0,TLT
2022-01-07,167.75,167.75,0.0,0.0,GLD
2022-01-07,379.8599853515625,369.5301818847656,0.0,0.0,QQQ
2022-01-07,466.0899963378906,438.5530090332031,0.0,0.0,SPY
2022-01-07,142.25999450683594,119.84124755859375,0.0,0.0,TLT
2022-01-10,168.25999450683594,168.25999450683594,0.0,0.0,GLD
2022-01-10,380.1099853515625,369.7733459472656,0.0,0.0,QQQ
2022-01-10,465.510009765625,438.00726318359375,0.0,0.0,SPY
2022-01-10,142.61000061035156,120.13609313964844,0.0,0.0,TLT
2022-01-11,170.2899932861328,170.2899932861328,0.0,0.0,GLD
2022-01-11,385.82000732421875,375.328125,0.0,0.0,QQQ
2022-01-11,469.75,441.996826171875,0.0,0.0,SPY
2022-01-11,143.55999755859375,120.93638610839844,0.0,0.0,TLT
2022-01-12,170.74000549316406,170.74000549316406,0.0,0.0,GLD
2022-01-12,387.3500061035156,376.81646728515625,0.0,0.0,QQQ
2022-01-12,471.0199890136719,443.191650390625,0.0,0.0,SPY
2022-01-12,143.00999450683594,120.47306823730469,0.0,0.0,TLT
2022-01-13,170.16000366210938,170.16000366210938,0.0,0.0,GLD
2022-01-13,377.6600036621094,367.3900146484375,0.0,0.0,QQQ
2022-01-13,464.5299987792969,437.0851745605469,0.0,0.0,SPY
2022-01-13,144.27999877929688,121.54293060302734,0.0,0.0,TLT
2022-01-14,169.6699981689453,169.6699981689453,0.0,0.0,GLD
2022-01-14,380.010009765625,369.6760559082031,0.0,0.0,QQQ
2022-01-14,464.7200012207031,437.263916015625,0.0,0.0,SPY
2022-01-14,142.10000610351562,119.70651245117188,0.0,0.0,TLT
2022-01-18,169.38999938964844,169.38999938964844,0.0,0.0,GLD
2022-01-18,370.54998779296875,360.4732971191406,0.0,0.0,QQQ
2022-01-18,456.489990234375,429.5201416015625,0.0,0.0,SPY
2022-01-18,140.10000610351562,118.02165222167969,0.0,0.0,TLT
2022-01-19,172.0800018310547,172.0800018310547,0.0,0.0,GLD
2022-01-19,366.4800109863281,356.5140380859375,0.0,0.0,QQQ
2022-01-19,451.75,425.0602111816406,0.0,0.0,SPY
2022-01-19,141.07000732421875,118.83879089355469,0.0,0.0,TLT
2022-01-20,171.64999389648438,171.64999389648438,0.0,0.0,GLD
2022-01-20,361.7200012207031,351.8834533691406,0.0,0.0,QQQ
2022-01-20,446.75,420.35565185546875,0.0,0.0,SPY
2022-01-20,141.94000244140625,119.5716781616211,0.0,0.0,TLT
2022-01-21,171.08999633789062,171.08999633789062,0.0,0.0,GLD
2022-01-21,351.69000244140625,342.1262512207031,0.0,0.0,QQQ
2022-01-21,437.9800109863281,412.1037902832031,0.0,0.0,SPY
2022-01-21,143.6300048828125,120.99530029296875,0.0,0.0,TLT
2022-01-24,172.02999877929688,172.02999877929688,0.0,0.0,GLD
2022-01-24,353.29998779296875,343.69244384765625,0.0,0.0,QQQ
2022-01-24,439.8399963378906,413.8538513183594,0.0,0.0,SPY
2022-01-24,142.4499969482422,120.0013198852539,0.0,0.0,TLT
2022-01-25,172.5800018310547,172.5800018310547,0.0,0.0,GLD
2022-01-25,345.1099853515625,335.7251892089844,0.0,0.0,QQQ
2022-01-25,434.4700012207031,408.8011779785156,0.0,0.0,SPY
2022-01-25,142.22000122070312,119.8075180053711,0.0,0.0,TLT
2022-01-26,169.7899932861328,169.7899932861328,0.0,0.0,GLD
2022-01-26,344.57000732421875,335.1997985839844,0.0,0.0,QQQ
2022-01-26,433.3800048828125,407.77557373046875,0.0,0.0,SPY
2022-01-26,140.5,118.35859680175781,0.0,0.0,TLT
2022-01-27,167.60000610351562,167.60000610351562,0.0,0.0,GLD
2022-01-27,341.1000061035156,331.8242492675781,0.0,0.0,QQQ
2022-01-27,431.239990234375,405.7619323730469,0.0,0.0,SPY
2022-01-27,143.0800018310547,120.5320053100586,0.0,0.0,TLT
2022-01-28,167.10000610351562,167.10000610351562,0.0,0.0,GLD
2022-01-28,351.79998779296875,342.2333068847656,0.0,0.0,QQQ
2022-01-28,441.95001220703125,415.8392028808594,0.0,0.0,SPY
2022-01-28,143.1300048828125,120.5741195678711,0.0,0.0,TLT
2022-01-31,168.08999633789062,168.08999633789062,0.0,0.0,GLD
2022-01-31,363.04998779296875,353.1773376464844,0.0,0.0,QQQ
2022-01-31,449.9100036621094,423.32891845703125,0.0,0.0,SPY
2022-01-31,142.38999938964844,119.95076751708984,0.0,0.0,TLT
2022-02-01,168.22999572753906,168.22999572753906,0.0,0.0,GLD
2022-02-01,365.5199890136719,355.5801086425781,0.0,0.0,QQQ
2022-02-01,452.95001220703125,426.1893005371094,0.0,0.0,SPY
2022-02-01,141.72000122070312,119.55257415771484,0.198,0.0,TLT
2022-02-02,168.83999633789062,168.83999633789062,0.0,0.0,GLD
2022-02-02,368.489990234375,358.4693603515625,0.0,0.0,QQQ
2022-02-02,457.3500061035156,430.32940673828125,0.0,0.0,SPY
2022-02-02,142.1999969482422,119.95748901367188,0.0,0.0,TLT
2022-02-03,168.60000610351562,168.60000610351562,0.0,0.0,GLD
2022-02-03,353.54998779296875,343.9356384277344,0.0,0.0,QQQ
2022-02-03,446.6000061035156,420.2144775390625,0.0,0.0,SPY
2022-02-03,141.08999633789062,119.02110290527344,0.0,0.0,TLT
2022-02-04,168.86000061035156,168.86000061035156,0.0,0.0,GLD
2022-02-04,358.010009765625,348.27435302734375,0.0,0.0,QQQ
2022-02-04,448.70001220703125,422.1903991699219,0.0,0.0,SPY
2022-02-04,139.00999450683594,117.26648712158203,0.0,0.0,TLT
2022-02-07,170.11000061035156,170.11000061035156,0.0,0.0,GLD
2022-02-07,355.1300048828125,345.47271728515625,0.0,0.0,QQQ
2022-02-07,447.260009765625,420.8354797363281,0.0,0.0,SPY
2022-02-07,139.10000610351562,117.34239196777344,0.0,0.0,TLT
2022-02-08,170.6300048828125,170.6300048828125,0.0,0.0,GLD
2022-02-08,359.1199951171875,349.3541564941406,0.0,0.0,QQQ
2022-02-08,450.94000244140625,424.29803466796875,0.0,0.0,SPY
2022-02-08,138.1699981689453,116.5578384399414,0.0,0.0,TLT
2022-02-09,171.2100067138672,171.2100067138672,0.0,0.0,GLD
2022-02-09,366.7300109863281,356.7572937011719,0.0,0.0,QQQ
2022-02-09,457.5400085449219,430.5080871582031,0.0,0.0,SPY
2022-02-09,138.42999267578125,116.77721405029297,0.0,0.0,TLT
2022-02-10,170.55999755859375,170.55999755859375,0.0,0.0,GLD
2022-02-10,358.42999267578125,348.6828918457031,0.0,0.0,QQQ
2022-02-10,449.32000732421875,422.7737731933594,0.0,0.0,SPY
2022-02-10,136.22999572753906,114.92133331298828,0.0,0.0,TLT
2022-02-11,173.80999755859375,173.80999755859375,0.0,0.0,GLD
2022-02-11,347.05999755859375,337.6221008300781,0.0,0.0,QQQ
2022-02-11,440.4599914550781,414.4371643066406,0.0,0.0,SPY
2022-02-11,138.25,116.6253890991211,0.0,0.0,TLT
2022-02-14,174.74000549316406,174.74000549316406,0.0,0.0,GLD
2022-02-14,347.489990234375,338.0404357910156,0.0,0.0,QQQ
2022-02-14,439.0199890136719,413.082275390625,0.0,0.0,SPY
2022-02-14,136.52999877929688,115.17439270019531,0.0,0.0,TLT
2022-02-15,173.0800018310547,173.0800018310547,0.0,0.0,GLD
2022-02-15,356.1300048828125,346.4454345703125,0.0,0.0,QQQ
2022-02-15,446.1000061035156,419.7440185546875,0.0,0.0,SPY
2022-02-15,134.97999572753906,113.86685180664062,0.0,0.0,TLT
2022-02-16,174.86000061035156,174.86000061035156,0.0,0.0,GLD
2022-02-16,356.0400085449219,346.3579406738281,0.0,0.0,QQQ
2022-02-16,446.6000061035156,420.2144775390625,0.0,0.0,SPY
2022-02-16,135.77999877929688,114.541748046875,0.0,0.0,TLT
2022-02-17,177.25,177.25,0.0,0.0,GLD
2022-02-17,345.45001220703125,336.0558776855469,0.0,0.0,QQQ
2022-02-17,437.05999755859375,411.238037109375,0.0,0.0,SPY
2022-02-17,136.7899932861328,115.39373779296875,0.0,0.0,TLT
2022-02-18,177.1199951171875,177.1199951171875,0.0,0.0,GLD
2022-02-18,341.510009765625,332.2230224609375,0.0,0.0,QQQ
2022-02-18,434.2300109863281,408.57525634765625,0.0,0.0,SPY
2022-02-18,138.22999572753906,116.60847473144531,0.0,0.0,TLT
2022-02-22,177.49000549316406,177.49000549316406,0.0,0.0,GLD
2022-02-22,338.0799865722656,328.8863525390625,0.0,0.0,QQQ
2022-02-22,429.57000732421875,404.19061279296875,0.0,0.0,SPY
2022-02-22,138.58999633789062,116.91218566894531,0.0,0.0,TLT
2022-02-23,178.2899932861328,178.2899932861328,0.0,0.0,GLD
2022-02-23,329.4200134277344,320.4618225097656,0.0,0.0,QQQ
2022-02-23,421.95001220703125,397.0208435058594,0.0,0.0,SPY
2022-02-23,136.67999267578125,115.30094146728516,0.0,0.0,TLT
2022-02-24,177.13999938964844,177.13999938964844,0.0,0.0,GLD
2022-02-24,340.489990234375,331.23077392578125,0.0,0.0,QQQ
2022-02-24,428.29998779296875,402.99566650390625,0.0,0.0,SPY
2022-02-24,136.77000427246094,115.37683868408203,0.0,0.0,TLT
2022-02-25,176.5500030517578,176.5500030517578,0.0,0.0,GLD
2022-02-25,345.7699890136719,336.36724853515625,0.0,0.0,QQQ
2022-02-25,437.75,411.8873291015625,0.0,0.0,SPY
2022-02-25,136.8699951171875,115.46121215820312,0.0,0.0,TLT
2022-02-28,178.3800048828125,178.3800048828125,0.0,0.0,GLD
2022-02-28,346.79998779296875,337.369140625,0.0,0.0,QQQ
2022-02-28,436.6300048828125,410.8335266113281,0.0,0.0,SPY
2022-02-28,139.8699951171875,117.9919662475586,0.0,0.0,TLT
2022-03-01,181.6199951171875,181.6199951171875,0.0,0.0,GLD
2022-03-01,341.489990234375,332.2035217285156,0.0,0.0,QQQ
2022-03-01,429.9800109863281,404.57635498046875,0.0,0.0,SPY
2022-03-01,141.3000030517578,119.35616302490234,0.185,0.0,TLT
2022-03-02,179.72999572753906,179.72999572753906,0.0,0.0,GLD
2022-03-02,347.2200012207031,337.7778015136719,0.0,0.0,QQQ
2022-03-02,437.8900146484375,412.01910400390625,0.0,0.0,SPY
2022-03-02,136.47000122070312,115.27625274658203,0.0,0.0,TLT
2022-03-03,180.8000030517578,180.8000030517578,0.0,0.0,GLD
2022-03-03,342.260009765625,332.9526062011719,0.0,0.0,QQQ
2022-03-03,435.7099914550781,409.9678649902344,0.0,0.0,SPY
2022-03-03,137.86000061035156,116.45035552978516,0.0,0.0,TLT
2022-03-04,183.67999267578125,183.67999267578125,0.0,0.0,GLD
2022-03-04,337.29998779296875,328.1274719238281,0.0,0.0,QQQ
2022-03-04,432.1700134277344,406.6369934082031,0.0,0.0,SPY
2022-03-04,140.24000549316406,118.46078491210938,0.0,0.0,TLT
2022-03-07,186.41000366210938,186.41000366210938,0.0,0.0,GLD
2022-03-07,324.8599853515625,316.0257873535156,0.0,0.0,QQQ
2022-03-07,419.42999267578125,394.649658203125,0.0,0.0,SPY
2022-03-07,139.1699981689453,117.55695343017578,0.0,0.0,TLT
2022-03-08,191.50999450683594,191.50999450683594,0.0,0.0,GLD
2022-03-08,323.3500061035156,314.5569152832031,0.0,0.0,QQQ
2022-03-08,416.25,391.6575622558594,0.0,0.0,SPY
2022-03-08,137.77000427246094,116.37438201904297,0.0,0.0,TLT
2022-03-09,185.82000732421875,185.82000732421875,0.0,0.0,GLD
2022-03-09,334.989990234375,325.8803405761719,0.0,0.0,QQQ
2022-03-09,427.4100036621094,402.15826416015625,0.0,0.0,SPY
2022-03-09,136.4199981689453,115.23399353027344,0.0,0.0,TLT
2022-03-10,186.39999389648438,186.39999389648438,0.0,0.0,GLD
2022-03-10,331.2699890136719,322.2615051269531,0.0,0.0,QQQ
2022-03-10,425.4800109863281,400.3423156738281,0.0,0.0,SPY
2022-03-10,134.4600067138672,113.57838439941406,0.0,0.0,TLT
2022-03-11,185.08999633789062,185.08999633789062,0.0,0.0,GLD
2022-03-11,324.3999938964844,315.5782775878906,0.0,0.0,QQQ
2022-03-11,420.07000732421875,395.25189208984375,0.0,0.0,SPY
2022-03-11,134.91000366210938,113.95853424072266,0.0,0.0,TLT
2022-03-14,182.3000030517578,182.3000030517578,0.0,0.0,GLD
2022-03-14,318.1700134277344,309.5177917480469,0.0,0.0,QQQ
2022-03-14,417.0,392.36328125,0.0,0.0,SPY
2022-03-14,131.75999450683594,111.29769897460938,0.0,0.0,TLT
2022-03-15,178.88999938964844,178.88999938964844,0.0,0.0,GLD
2022-03-15,328.1499938964844,319.22637939453125,0.0,0.0,QQQ
2022-03-15,426.1700134277344,400.991455078125,0.0,0.0,SPY
2022-03-15,131.52999877929688,111.10340881347656,0.0,0.0,TLT
2022-03-16,180.00999450683594,180.00999450683594,0.0,0.0,GLD
2022-03-16,340.32000732421875,331.0654296875,0.0,0.0,QQQ
2022-03-16,435.6199951171875,409.8832092285156,0.0,0.0,SPY
2022-03-16,132.82000732421875,112.19307708740234,0.0,0.0,TLT
2022-03-17,180.88999938964844,180.88999938964844,0.0,0.0,GLD
2022-03-17,344.44000244140625,335.07330322265625,0.0,0.0,QQQ
2022-03-17,441.07000732421875,415.01116943359375,0.0,0.0,SPY
2022-03-17,131.8300018310547,111.3568115234375,0.0,0.0,TLT
2022-03-18,179.3000030517578,179.3000030517578,0.0,0.0,GLD
2022-03-18,351.489990234375,341.93170166015625,0.0,0.0,QQQ
2022-03-18,444.5199890136719,419.55670166015625,1.366,0.0,SPY
2022-03-18,133.44000244140625,112.71680450439453,0.0,0.0,TLT
2022-03-21,180.6699981689453,180.6699981689453,0.0,0.0,GLD
2022-03-21,350.0799865722656,340.98101806640625,0.434,0.0,QQQ
2022-03-21,444.3900146484375,419.4340515136719,0.0,0.0,SPY
2022-03-21,130.35000610351562,110.1066665649414,0.0,0.0,TLT
2022-03-22,179.36000061035156,179.36000061035156,0.0,0.0,GLD
2022-03-22,356.9599914550781,347.68212890625,0.0,0.0,QQQ
2022-03-22,449.5899963378906,424.34197998046875,0.0,0.0,SPY
2022-03-22,128.67999267578125,108.6960220336914,0.0,0.0,TLT
2022-03-23,181.80999755859375,181.80999755859375,0.0,0.0,GLD
2022-03-23,351.8299865722656,342.6855163574219,0.0,0.0,QQQ
2022-03-23,443.79998779296875,418.87713623046875,0.0,0.0,SPY
2022-03-23,131.5,111.07807922363281,0.0,0.0,TLT
2022-03-24,183.1300048828125,183.1300048828125,0.0,0.0,GLD
2022-03-24,359.6499938964844,350.30230712890625,0.0,0.0,QQQ
2022-03-24,450.489990234375,425.1914367675781,0.0,0.0,SPY
2022-03-24,130.47000122070312,110.20804595947266,0.0,0.0,TLT
2022-03-25,182.3800048828125,182.3800048828125,0.0,0.0,GLD
2022-03-25,359.3500061035156,350.0101013183594,0.0,0.0,QQQ
2022-03-25,452.69000244140625,427.26788330078125,0.0,0.0,SPY
2022-03-25,128.66000366210938,108.67914581298828,0.0,0.0,TLT
2022-03-28,179.05999755859375,179.05999755859375,0.0,0.0,GLD
2022-03-28,364.9100036621094,355.4255676269531,0.0,0.0,QQQ
2022-03-28,455.9100036621094,430.3070983886719,0.0,0.0,SPY
2022-03-28,129.75999450683594,109.60832214355469,0.0,0.0,TLT
2022-03-29,179.13999938964844,179.13999938964844,0.0,0.0,GLD
2022-03-29,371.19000244140625,361.5423583984375,0.0,0.0,QQQ
2022-03-29,461.54998779296875,435.63031005859375,0.0,0.0,SPY
2022-03-29,130.74000549316406,110.4361572265625,0.0,0.0,TLT
2022-03-30,180.5800018310547,180.5800018310547,0.0,0.0,GLD
2022-03-30,367.0899963378906,357.5489501953125,0.0,0.0,QQQ
2022-03-30,458.70001220703125,432.94036865234375,0.0,0.0,SPY
2022-03-30,131.75999450683594,111.29769897460938,0.0,0.0,TLT
2022-03-31,180.64999389648438,180.64999389648438,0.0,0.0,GLD
2022-03-31,362.5400085449219,353.11712646484375,0.0,0.0,QQQ
2022-03-31,451.6400146484375,426.27685546875,0.0,0.0,SPY
2022-03-31,132.0800018310547,111.56802368164062,0.0,0.0,TLT
2022-04-01,179.5,179.5,0.0,0.0,GLD
2022-04-01,361.8500061035156,352.4451599121094,0.0,0.0,QQQ
2022-04-01,452.9200134277344,427.4849548339844,0.0,0.0,SPY
2022-04-01,132.3800048828125,111.9926986694336,0.202,0.0,TLT
2022-04-04,180.3699951171875,180.3699951171875,0.0,0.0,GLD
2022-04-04,369.29998779296875,359.7014465332031,0.0,0.0,QQQ
2022-04-04,456.79998779296875,431.1470947265625,0.0,0.0,SPY
2022-04-04,131.4600067138672,111.21441650390625,0.0,0.0,TLT
2022-04-05,179.24000549316406,179.24000549316406,0.0,0.0,GLD
2022-04-05,361.1000061035156,351.7146301269531,0.0,0.0,QQQ
2022-04-05,451.0299987792969,425.701171875,0.0,0.0,SPY
2022-04-05,128.49000549316406,108.70178985595703,0.0,0.0,TLT
2022-04-06,179.66000366210938,179.66000366210938,0.0,0.0,GLD
2022-04-06,353.260009765625,344.07843017578125,0.0,0.0,QQQ
2022-04-06,446.5199890136719,421.4444580078125,0.0,0.0,SPY
2022-04-06,127.44999694824219,107.82196807861328,0.0,0.0,TLT
2022-04-07,180.33999633789062,180.33999633789062,0.0,0.0,GLD
2022-04-07,354.1000061035156,344.8965148925781,0.0,0.0,QQQ
2022-04-07,448.7699890136719,423.5680236816406,0.0,0.0,SPY
2022-04-07,126.48999786376953,107.00981903076172,0.0,0.0,TLT
2022-04-08,181.47000122070312,181.47000122070312,0.0,0.0,GLD
2022-04-08,349.1499938964844,340.0751647949219,0.0,0.0,QQQ
2022-04-08,447.57000732421875,422.43548583984375,0.0,0.0,SPY
2022-04-08,125.12000274658203,105.85076904296875,0.0,0.0,TLT
2022-04-11,182.3699951171875,182.3699951171875,0.0,0.0,GLD
2022-04-11,340.8900146484375,332.0298767089844,0.0,0.0,QQQ
2022-04-11,439.9200134277344,415.2149963378906,0.0,0.0,SPY
2022-04-11,123.13999938964844,104.17573547363281,0.0,0.0,TLT
2022-04-12,183.77000427246094,183.77000427246094,0.0,0.0,GLD
2022-04-12,339.45001220703125,330.6273498535156,0.0,0.0,QQQ
2022-04-12,438.2900085449219,413.6765441894531,0.0,0.0,SPY
2022-04-12,122.97000122070312,104.03192901611328,0.0,0.0,TLT
2022-04-13,184.64999389648438,184.64999389648438,0.0,0.0,GLD
2022-04-13,346.3500061035156,337.3478698730469,0.0,0.0,QQQ
2022-04-13,443.30999755859375,418.4146728515625,0.0,0.0,SPY
2022-04-13,123.22000122070312,104.24339294433594,0.0,0.0,TLT
2022-04-14,184.0399932861328,184.0399932861328,0.0,0.0,GLD
2022-04-14,338.42999267578125,329.6337585449219,0.0,0.0,QQQ
2022-04-14,437.7900085449219,413.20465087890625,0.0,0.0,SPY
2022-04-14,120.75,102.15379333496094,0.0,0.0,TLT
2022-04-18,184.61000061035156,184.61000061035156,0.0,0.0,GLD
2022-04-18,338.69000244140625,329.8870849609375,0.0,0.0,QQQ
2022-04-18,437.9700012207031,413.3745422363281,0.0,0.0,SPY
2022-04-18,120.1500015258789,101.64620971679688,0.0,0.0,TLT
2022-04-19,181.82000732421875,181.82000732421875,0.0,0.0,GLD
2022-04-19,346.260009765625,337.2602844238281,0.0,0.0,QQQ
2022-04-19,445.0400085449219,420.04754638671875,0.0,0.0,SPY
2022-04-19,119.25,100.8847885131836,0.0,0.0,TLT
2022-04-20,182.7100067138672,182.7100067138672,0.0,0.0,GLD
2022-04-20,341.2099914550781,332.3415222167969,0.0,0.0,QQQ
2022-04-20,444.7099914550781,419.73602294921875,0.0,0.0,SPY
2022-04-20,121.6500015258789,102.91519165039062,0.0,0.0,TLT
2022-04-21,182.05999755859375,182.05999755859375,0.0,0.0,GLD
2022-04-21,334.1499938964844,325.4650573730469,0.0,0.0,QQQ
2022-04-21,438.05999755859375,413.45947265625,0.0,0.0,SPY
2022-04-21,120.75,102.15379333496094,0.0,0.0,TLT
2022-04-22,180.2899932861328,180.2899932861328,0.0,0.0,GLD
2022-04-22,325.3999938964844,316.9424133300781,0.0,0.0,QQQ
2022-04-22,426.0400085449219,402.114501953125,0.0,0.0,SPY
2022-04-22,119.98999786376953,101.5108413696289,0.0,0.0,TLT
2022-04-25,177.0500030517578,177.0500030517578,0.0,0.0,GLD
2022-04-25,329.5799865722656,321.01373291015625,0.0,0.0,QQQ
2022-04-25,428.510009765625,404.4458312988281,0.0,0.0,SPY
2022-04-25,121.19000244140625,102.52604675292969,0.0,0.0,TLT
2022-04-26,177.32000732421875,177.32000732421875,0.0,0.0,GLD
2022-04-26,317.1400146484375,308.89715576171875,0.0,0.0,QQQ
2022-04-26,416.1000061035156,392.7326965332031,0.0,0.0,SPY
2022-04-26,122.41000366210938,103.55816650390625,0.0,0.0,TLT
2022-04-27,175.97999572753906,175.97999572753906,0.0,0.0,GLD
2022-04-27,316.760009765625,308.52703857421875,0.0,0.0,QQQ
2022-04-27,417.2699890136719,393.8370361328125,0.0,0.0,SPY
2022-04-27,120.83999633789062,102.22993469238281,0.0,0.0,TLT
2022-04-28,176.92999267578125,176.92999267578125,0.0,0.0,GLD
2022-04-28,328.010009765625,319.484619140625,0.0,0.0,QQQ
2022-04-28,427.80999755859375,403.7850646972656,0.0,0.0,SPY
2022-04-28,121.0199966430664,102.38220977783203,0.0,0.0,TLT
2022-04-29,176.91000366210938,176.91000366210938,0.0,0.0,GLD
2022-04-29,313.25,305.1083068847656,0.0,0.0,QQQ
2022-04-29,412.0,388.8629455566406,0.0,0.0,SPY
2022-04-29,119.44999694824219,101.05399322509766,0.0,0.0,TLT
2022-05-02,173.6300048828125,173.6300048828125,0.0,0.0,GLD
2022-05-02,318.4800109863281,310.202392578125,0.0,0.0,QQQ
2022-05-02,414.4800109863281,391.2037353515625,0.0,0.0,SPY
2022-05-02,117.18000030517578,99.30235290527344,0.203,0.0,TLT
2022-05-03,174.08999633789062,174.08999633789062,0.0,0.0,GLD
2022-05-03,318.82000732421875,310.53350830078125,0.0,0.0,QQQ
2022-05-03,416.3800048828125,392.9970397949219,0.0,0.0,SPY
2022-05-03,117.97000122070312,99.97183227539062,0.0,0.0,TLT
2022-05-04,175.8000030517578,175.8000030517578,0.0,0.0,GLD
2022-05-04,329.6000061035156,321.0333251953125,0.0,0.0,QQQ
2022-05-04,429.05999755859375,404.9649353027344,0.0,0.0,SPY
2022-05-04,118.62000274658203,100.52267456054688,0.0,0.0,TLT
2022-05-05,175.1300048828125,175.1300048828125,0.0,0.0,GLD
2022-05-05,313.0,304.8647766113281,0.0,0.0,QQQ
2022-05-05,413.80999755859375,390.57135009765625,0.0,0.0,SPY
2022-05-05,115.37000274658203,97.76848602294922,0.0,0.0,TLT
2022-05-06,175.4199981689453,175.4199981689453,0.0,0.0,GLD
2022-05-06,309.25,301.2121887207031,0.0,0.0,QQQ
2022-05-06,411.3399963378906,388.24005126953125,0.0,0.0,SPY
2022-05-06,113.66999816894531,96.32783508300781,0.0,0.0,TLT
2022-05-09,172.8800048828125,172.8800048828125,0.0,0.0,GLD
2022-05-09,297.1499938964844,289.42681884765625,0.0,0.0,QQQ
2022-05-09,398.1700134277344,375.80963134765625,0.0,0.0,SPY
2022-05-09,114.66999816894531,97.17530059814453,0.0,0.0,TLT
2022-05-10,171.4199981689453,171.4199981689453,0.0,0.0,GLD
2022-05-10,300.760009765625,292.9429016113281,0.0,0.0,QQQ
2022-05-10,399.0899963378906,376.6780090332031,0.0,0.0,SPY
2022-05-10,115.70999908447266,98.05662536621094,0.0,0.0,TLT
2022-05-11,172.82000732421875,172.82000732421875,0.0,0.0,GLD
2022-05-11,291.8399963378906,284.2547912597656,0.0,0.0,QQQ
2022-05-11,392.75,370.6940002441406,0.0,0.0,SPY
2022-05-11,117.94000244140625,99.9463882446289,0.0,0.0,TLT
2022-05-12,170.1699981689453,170.1699981689453,0.0,0.0,GLD
2022-05-12,291.1499938964844,283.5826416015625,0.0,0.0,QQQ
2022-05-12,392.3399963378906,370.30694580078125,0.0,0.0,SPY
2022-05-12,117.72000122070312,99.75999450683594,0.0,0.0,TLT
2022-05-13,168.7899932861328,168.7899932861328,0.0,0.0,GLD
2022-05-13,301.94000244140625,294.0922546386719,0.0,0.0,QQQ
2022-05-13,401.7200012207031,379.1602783203125,0.0,0.0,SPY
2022-05-13,115.9800033569336,98.28543090820312,0.0,0.0,TLT
2022-05-16,170.39999389648438,170.39999389648438,0.0,0.0,GLD
2022-05-16,298.44000244140625,290.6831970214844,0.0,0.0,QQQ
2022-05-16,400.0899963378906,377.62176513671875,0.0,0.0,SPY
2022-05-16,115.86000061035156,98.1837387084961,0.0,0.0,TLT
2022-05-17,169.3300018310547,169.3300018310547,0.0,0.0,GLD
2022-05-17,306.1700134277344,298.2123718261719,0.0,0.0,QQQ
2022-05-17,408.32000732421875,385.3896179199219,0.0,0.0,SPY
2022-05-17,114.45999908447266,96.99730682373047,0.0,0.0,TLT
2022-05-18,169.4199981689453,169.4199981689453,0.0,0.0,GLD
2022-05-18,291.1400146484375,283.5729675292969,0.0,0.0,QQQ
2022-05-18,391.8599853515625,369.85400390625,0.0,0.0,SPY
2022-05-18,116.9000015258789,99.06507110595703,0.0,0.0,TLT
2022-05-19,171.91000366210938,171.91000366210938,0.0,0.0,GLD
2022-05-19,289.5799865722656,282.0534973144531,0.0,0.0,QQQ
2022-05-19,389.4599914550781,367.58880615234375,0.0,0.0,SPY
2022-05-19,117.18000030517578,99.30235290527344,0.0,0.0,TLT
2022-05-20,172.02999877929688,172.02999877929688,0.0,0.0,GLD
2022-05-20,288.67999267578125,281.1768493652344,0.0,0.0,QQQ
2022-05-20,389.6300048828125,367.74920654296875,0.0,0.0,SPY
2022-05-20,118.51000213623047,100.42945098876953,0.0,0.0,TLT
2022-05-23,172.8300018310547,172.8300018310547,0.0,0.0,GLD
2022-05-23,293.4800109863281,285.8521728515625,0.0,0.0,QQQ
2022-05-23,396.9200134277344,374.6298828125,0.0,0.0,SPY
2022-05-23,116.55999755859375,98.77693939208984,0.0,0.0,TLT
2022-05-24,174.1300048828125,174.1300048828125,0.0,0.0,GLD
2022-05-24,287.239990234375,279.7743225097656,0.0,0.0,QQQ
2022-05-24,393.8900146484375,371.7700500488281,0.0,0.0,SPY
2022-05-24,118.86000061035156,100.72602844238281,0.0,0.0,TLT
2022-05-25,173.0800018310547,173.0800018310547,0.0,0.0,GLD
2022-05-25,291.260009765625,283.6898498535156,0.0,0.0,QQQ
2022-05-25,397.3699951171875,375.0545654296875,0.0,0.0,SPY
2022-05-25,119.33000183105469,101.12433624267578,0.0,0.0,TLT
2022-05-26,172.75999450683594,172.75999450683594,0.0,0.0,GLD
2022-05-26,299.3299865722656,291.55010986328125,0.0,0.0,QQQ
2022-05-26,405.30999755859375,382.5487060546875,0.0,0.0,SPY
2022-05-26,118.79000091552734,100.66670989990234,0.0,0.0,TLT
2022-05-27,172.85000610351562,172.85000610351562,0.0,0.0,GLD
2022-05-27,309.1000061035156,301.066162109375,0.0,0.0,QQQ
2022-05-27,415.260009765625,391.93988037109375,0.0,0.0,SPY
2022-05-27,119.08000183105469,100.9124755859375,0.0,0.0,TLT
2022-05-31,171.13999938964844,171.13999938964844,0.0,0.0,GLD
2022-05-31,308.2799987792969,300.2674560546875,0.0,0.0,QQQ
2022-05-31,412.92999267578125,389.74078369140625,0.0,0.0,SPY
2022-05-31,116.55999755859375,98.77693939208984,0.0,0.0,TLT
2022-06-01,172.22999572753906,172.22999572753906,0.0,0.0,GLD
2022-06-01,306.0,298.0467529296875,0.0,0.0,QQQ
2022-06-01,409.5899963378906,386.58831787109375,0.0,0.0,SPY
2022-06-01,116.22000122070312,98.66400909423828,0.207,0.0,TLT
2022-06-02,174.35000610351562,174.35000610351562,0.0,0.0,GLD
2022-06-02,314.3800048828125,306.20892333984375,0.0,0.0,QQQ
2022-06-02,417.3900146484375,393.9503173828125,0.0,0.0,SPY
2022-06-02,116.27999877929688,98.71498107910156,0.0,0.0,TLT
2022-06-03,172.5800018310547,172.5800018310547,0.0,0.0,GLD
2022-06-03,306.20001220703125,298.2414855957031,0.0,0.0,QQQ
2022-06-03,410.5400085449219,387.4849853515625,0.0,0.0,SPY
2022-06-03,116.02999877929688,98.50273895263672,0.0,0.0,TLT
2022-06-06,171.82000732421875,171.82000732421875,0.0,0.0,GLD
2022-06-06,307.2200012207031,299.2350158691406,0.0,0.0,QQQ
2022-06-06,411.7900085449219,388.6647644042969,0.0,0.0,SPY
2022-06-06,113.88999938964844,96.68601989746094,0.0,0.0,TLT
2022-06-07,172.94000244140625,172.94000244140625,0.0,0.0,GLD
2022-06-07,309.8699951171875,301.81610107421875,0.0,0.0,QQQ
2022-06-07,415.739990234375,392.3929138183594,0.0,0.0,SPY
2022-06-07,115.12000274658203,97.73018646240234,0.0,0.0,TLT
2022-06-08,172.77999877929688,172.77999877929688,0.0,0.0,GLD
2022-06-08,307.6400146484375,299.6440734863281,0.0,0.0,QQQ
2022-06-08,411.2200012207031,388.12677001953125,0.0,0.0,SPY
2022-06-08,114.0999984741211,96.8642807006836,0.0,0.0,TLT
2022-06-09,172.22999572753906,172.22999572753906,0.0,0.0,GLD
2022-06-09,299.3999938964844,291.6182556152344,0.0,0.0,QQQ
2022-06-09,401.44000244140625,378.89599609375,0.0,0.0,SPY
2022-06-09,114.4800033569336,97.18689727783203,0.0,0.0,TLT
2022-06-10,174.5399932861328,174.5399932861328,0.0,0.0,GLD
2022-06-10,288.8399963378906,281.33270263671875,0.0,0.0,QQQ
2022-06-10,389.79998779296875,367.90972900390625,0.0,0.0,SPY
2022-06-10,113.7699966430664,96.58414459228516,0.0,0.0,TLT
2022-06-13,169.92999267578125,169.92999267578125,0.0,0.0,GLD
2022-06-13,275.4100036621094,268.2518005371094,0.0,0.0,QQQ
2022-06-13,375.0,353.9407653808594,0.0,0.0,SPY
2022-06-13,110.19999694824219,93.55341339111328,0.0,0.0,TLT
2022-06-14,168.57000732421875,168.57000732421875,0.0,0.0,GLD
2022-06-14,275.9100036621094,268.73883056640625,0.0,0.0,QQQ
2022-06-14,373.8699951171875,352.8742980957031,0.0,0.0,SPY
2022-06-14,108.80999755859375,92.37335205078125,0.0,0.0,TLT
2022-06-15,170.77000427246094,170.77000427246094,0.0,0.0,GLD
2022-06-15,282.79998779296875,275.44964599609375,0.0,0.0,QQQ
2022-06-15,379.20001220703125,357.9050598144531,0.0,0.0,SPY
2022-06-15,110.83999633789062,94.09674072265625,0.0,0.0,TLT
2022-06-16,172.69000244140625,172.69000244140625,0.0,0.0,GLD
2022-06-16,271.3900146484375,264.33624267578125,0.0,0.0,QQQ
2022-06-16,366.6499938964844,346.0597229003906,0.0,0.0,SPY
2022-06-16,111.72000122070312,94.84380340576172,0.0,0.0,TLT
2022-06-17,171.27000427246094,171.27000427246094,0.0,0.0,GLD
2022-06-17,274.69000244140625,267.5504150390625,0.0,0.0,QQQ
2022-06-17,365.8599853515625,346.8057556152344,1.577,0.0,SPY
2022-06-17,112.08000183105469,95.14942169189453,0.0,0.0,TLT
2022-06-21,170.6300048828125,170.6300048828125,0.0,0.0,GLD
2022-06-21,281.0799865722656,274.3006286621094,0.527,0.0,QQQ
2022-06-21,375.07000732421875,355.5361022949219,0.0,0.0,SPY
2022-06-21,110.18000030517578,93.53642272949219,0.0,0.0,TLT
2022-06-22,171.30999755859375,171.30999755859375,0.0,0.0,GLD
2022-06-22,280.6700134277344,273.9005432128906,0.0,0.0,QQQ
2022-06-22,374.3900146484375,354.8914794921875,0.0,0.0,SPY
2022-06-22,113.20999908447266,96.10871887207031,0.0,0.0,TLT
2022-06-23,170.25999450683594,170.25999450683594,0.0,0.0,GLD
2022-06-23,284.8500061035156,277.97967529296875,0.0,0.0,QQQ
2022-06-23,378.05999755859375,358.3703918457031,0.0,0.0,SPY
2022-06-23,114.13999938964844,96.89826202392578,0.0,0.0,TLT
2022-06-24,170.08999633789062,170.08999633789062,0.0,0.0,GLD
2022-06-24,294.6099853515625,287.50433349609375,0.0,0.0,QQQ
2022-06-24,390.0799865722656,369.7643737792969,0.0,0.0,SPY
2022-06-24,112.55999755859375,95.5569076538086,0.0,0.0,TLT
2022-06-27,169.89999389648438,169.89999389648438,0.0,0.0,GLD
2022-06-27,292.45001220703125,285.396484375,0.0,0.0,QQQ
2022-06-27,388.5899963378906,368.3519592285156,0.0,0.0,SPY
2022-06-27,111.5999984741211,94.74193572998047,0.0,0.0,TLT
2022-06-28,169.6199951171875,169.6199951171875,0.0,0.0,GLD
2022-06-28,283.5400085449219,276.70135498046875,0.0,0.0,QQQ
2022-06-28,380.6499938964844,360.825439453125,0.0,0.0,SPY
2022-06-28,112.12000274658203,95.1833724975586,0.0,0.0,TLT
2022-06-29,169.49000549316406,169.49000549316406,0.0,0.0,GLD
2022-06-29,283.79998779296875,276.9550476074219,0.0,0.0,QQQ
2022-06-29,380.3399963378906,360.53155517578125,0.0,0.0,SPY
2022-06-29,113.87000274658203,96.66905212402344,0.0,0.0,TLT
2022-06-30,168.4600067138672,168.4600067138672,0.0,0.0,GLD
2022-06-30,280.2799987792969,273.5199890136719,0.0,0.0,QQQ
2022-06-30,377.25,357.6025390625,0.0,0.0,SPY
2022-06-30,114.87000274658203,97.5179672241211,0.0,0.0,TLT
2022-07-01,168.32000732421875,168.32000732421875,0.0,0.0,GLD
2022-07-01,282.1300048828125,275.3254089355469,0.0,0.0,QQQ
2022-07-01,381.239990234375,361.38470458984375,0.0,0.0,SPY
2022-07-01,115.81999969482422,98.5191421508789,0.227,0.0,TLT
2022-07-05,164.75,164.75,0.0,0.0,GLD
2022-07-05,286.9599914550781,280.0388488769531,0.0,0.0,QQQ
2022-07-05,381.9599914550781,362.0672912597656,0.0,0.0,SPY
2022-07-05,116.7300033569336,99.293212890625,0.0,0.0,TLT
2022-07-06,162.13999938964844,162.13999938964844,0.0,0.0,GLD
2022-07-06,288.79998779296875,281.83447265625,0.0,0.0,QQQ
2022-07-06,383.25,363.2900390625,0.0,0.0,SPY
2022-07-06,114.7699966430664,97.62596893310547,0.0,0.0,TLT
2022-07-07,162.22999572753906,162.22999572753906,0.0,0.0,GLD
2022-07-07,294.9800109863281,287.8655090332031,0.0,0.0,QQQ
2022-07-07,388.989990234375,368.7310485839844,0.0,0.0,SPY
2022-07-07,113.76000213623047,96.76689147949219,0.0,0.0,TLT
2022-07-08,162.3000030517578,162.3000030517578,0.0,0.0,GLD
2022-07-08,295.3500061035156,288.22650146484375,0.0,0.0,QQQ
2022-07-08,388.6700134277344,368.4278259277344,0.0,0.0,SPY
2022-07-08,112.5,95.69508361816406,0.0,0.0,TLT
2022-07-11,161.42999267578125,161.42999267578125,0.0,0.0,GLD
2022-07-11,289.0400085449219,282.0687561035156,0.0,0.0,QQQ
2022-07-11,384.2300109863281,364.21905517578125,0.0,0.0,SPY
2022-07-11,114.44000244140625,97.34529876708984,0.0,0.0,TLT
2022-07-12,160.8300018310547,160.8300018310547,0.0,0.0,GLD
2022-07-12,286.239990234375,279.3362121582031,0.0,0.0,QQQ
2022-07-12,380.8299865722656,360.99609375,0.0,0.0,SPY
2022-07-12,115.12000274658203,97.9236831665039,0.0,0.0,TLT
2022-07-13,161.60000610351562,161.60000610351562,0.0,0.0,GLD
2022-07-13,285.6499938964844,278.7604675292969,0.0,0.0,QQQ
2022-07-13,378.8299865722656,359.1002197265625,0.0,0.0,SPY
2022-07-13,116.44000244140625,99.04655456542969,0.0,0.0,TLT
2022-07-14,159.3300018310547,159.3300018310547,0.0,0.0,GLD
2022-07-14,286.6700134277344,279.7558288574219,0.0,0.0,QQQ
2022-07-14,377.9100036621094,358.2281188964844,0.0,0.0,SPY
2022-07-14,115.48999786376953,98.23843383789062,0.0,0.0,TLT
2022-07-15,159.00999450683594,159.00999450683594,0.0,0.0,GLD
2022-07-15,291.8699951171875,284.8304138183594,0.0,0.0,QQQ
2022-07-15,385.1300048828125,365.0721435546875,0.0,0.0,SPY
2022-07-15,116.13999938964844,98.79132080078125,0.0,0.0,TLT
2022-07-18,159.16000366210938,159.16000366210938,0.0,0.0,GLD
2022-07-18,289.3999938964844,282.41998291015625,0.0,0.0,QQQ
2022-07-18,381.95001220703125,362.0578308105469,0.0,0.0,SPY
2022-07-18,114.93000030517578,97.7620849609375,0.0,0.0,TLT
2022-07-19,159.5399932861328,159.5399932861328,0.0,0.0,GLD
2022-07-19,298.29998779296875,291.1053161621094,0.0,0.0,QQQ
2022-07-19,392.2699890136719,371.8402404785156,0.0,0.0,SPY
2022-07-19,114.30999755859375,97.23468780517578,0.0,0.0,TLT
2022-07-20,158.0399932861328,158.0399932861328,0.0,0.0,GLD
2022-07-20,303.0299987792969,295.72125244140625,0.0,0.0,QQQ
2022-07-20,394.7699890136719,374.2101135253906,0.0,0.0,SPY
2022-07-20,114.61000061035156,97.48988342285156,0.0,0.0,TLT
2022-07-21,160.27000427246094,160.27000427246094,0.0,0.0,GLD
2022-07-21,307.3800048828125,299.96636962890625,0.0,0.0,QQQ
2022-07-21,398.7900085449219,378.020751953125,0.0,0.0,SPY
2022-07-21,116.58999633789062,99.17411804199219,0.0,0.0,TLT
2022-07-22,160.6699981689453,160.6699981689453,0.0,0.0,GLD
2022-07-22,301.989990234375,294.706298828125,0.0,0.0,QQQ
2022-07-22,395.0899963378906,374.51336669921875,0.0,0.0,SPY
2022-07-22,118.55000305175781,100.8413314819336,0.0,0.0,TLT
2022-07-25,160.22999572753906,160.22999572753906,0.0,0.0,GLD
2022-07-25,300.2699890136719,293.0278015136719,0.0,0.0,QQQ
2022-07-25,395.57000732421875,374.96844482421875,0.0,0.0,SPY
2022-07-25,117.38999938964844,99.85462188720703,0.0,0.0,TLT
2022-07-26,160.0399932861328,160.0399932861328,0.0,0.0,GLD
2022-07-26,294.3699951171875,287.2701110839844,0.0,0.0,QQQ
2022-07-26,390.8900146484375,370.5321960449219,0.0,0.0,SPY
2022-07-26,117.4800033569336,99.93119812011719,0.0,0.0,TLT
2022-07-27,161.6699981689453,161.6699981689453,0.0,0.0,GLD
2022-07-27,306.80999755859375,299.4100341796875,0.0,0.0,QQQ
2022-07-27,401.0400085449219,380.15350341796875,0.0,0.0,SPY
2022-07-27,116.81999969482422,99.3697509765625,0.0,0.0,TLT
2022-07-28,163.63999938964844,163.63999938964844,0.0,0.0,GLD
2022-07-28,309.80999755859375,302.33770751953125,0.0,0.0,QQQ
2022-07-28,406.07000732421875,384.92156982421875,0.0,0.0,SPY
2022-07-28,117.75,100.16085815429688,0.0,0.0,TLT
2022-07-29,164.10000610351562,164.10000610351562,0.0,0.0,GLD
2022-07-29,315.4599914550781,307.8514404296875,0.0,0.0,QQQ
2022-07-29,411.989990234375,390.5331726074219,0.0,0.0,SPY
2022-07-29,117.43000030517578,99.88863372802734,0.0,0.0,TLT
2022-08-01,165.02999877929688,165.02999877929688,0.0,0.0,GLD
2022-08-01,315.2699890136719,307.666015625,0.0,0.0,QQQ
2022-08-01,410.7699890136719,389.3767395019531,0.0,0.0,SPY
2022-08-01,120.04000091552734,102.29430389404297,0.213,0.0,TLT
2022-08-02,164.0500030517578,164.0500030517578,0.0,0.0,GLD
2022-08-02,314.3299865722656,306.7486877441406,0.0,0.0,QQQ
2022-08-02,408.05999755859375,386.80792236328125,0.0,0.0,SPY
2022-08-02,117.5,100.12981414794922,0.0,0.0,TLT
2022-08-03,164.4499969482422,164.4499969482422,0.0,0.0,GLD
2022-08-03,322.8900146484375,315.1023254394531,0.0,0.0,QQQ
2022-08-03,414.45001220703125,392.8651123046875,0.0,0.0,SPY
2022-08-03,119.3499984741211,101.706298828125,0.0,0.0,TLT
2022-08-04,167.1699981689453,167.1699981689453,0.0,0.0,GLD
2022-08-04,324.3999938964844,316.57586669921875,0.0,0.0,QQQ
2022-08-04,414.1700134277344,392.59979248046875,0.0,0.0,SPY
2022-08-04,119.30999755859375,101.67221069335938,0.0,0.0,TLT
2022-08-05,165.2899932861328,165.2899932861328,0.0,0.0,GLD
2022-08-05,321.75,313.9897766113281,0.0,0.0,QQQ
2022-08-05,413.4700012207031,391.9361877441406,0.0,0.0,SPY
2022-08-05,116.47000122070312,99.25208282470703,0.0,0.0,TLT
2022-08-08,166.69000244140625,166.69000244140625,0.0,0.0,GLD
2022-08-08,320.7099914550781,312.9748840332031,0.0,0.0,QQQ
2022-08-08,412.989990234375,391.481201171875,0.0,0.0,SPY
2022-08-08,118.3499984741211,100.85414123535156,0.0,0.0,TLT
2022-08-09,167.1999969482422,167.1999969482422,0.0,0.0,GLD
2022-08-09,317.0799865722656,309.4323425292969,0.0,0.0,QQQ
2022-08-09,411.3500061035156,389.92657470703125,0.0,0.0,SPY
2022-08-09,117.88999938964844,100.46218872070312,0.0,0.0,TLT
2022-08-10,166.77999877929688,166.77999877929688,0.0,0.0,GLD
2022-08-10,325.92999267578125,318.0689392089844,0.0,0.0,QQQ
2022-08-10,419.989990234375,398.1166076660156,0.0,0.0,SPY
2022-08-10,117.12000274658203,99.80597686767578,0.0,0.0,TLT
2022-08-11,166.33999633789062,166.33999633789062,0.0,0.0,GLD
2022-08-11,324.0799865722656,316.2635498046875,0.0,0.0,QQQ
2022-08-11,419.989990234375,398.1166076660156,0.0,0.0,SPY
2022-08-11,114.38999938964844,97.47958374023438,0.0,0.0,TLT
2022-08-12,167.8699951171875,167.8699951171875,0.0,0.0,GLD
2022-08-12,330.3900146484375,322.42138671875,0.0,0.0,QQQ
2022-08-12,427.1000061035156,404.8563232421875,0.0,0.0,SPY
2022-08-12,115.55000305175781,98.46808624267578,0.0,0.0,TLT
2022-08-15,165.7100067138672,165.7100067138672,0.0,0.0,GLD
2022-08-15,333.05999755859375,325.0269775390625,0.0,0.0,QQQ
2022-08-15,428.8599853515625,406.5246276855469,0.0,0.0,SPY
2022-08-15,115.44999694824219,98.38285827636719,0.0,0.0,TLT
2022-08-16,165.4199981689453,165.4199981689453,0.0,0.0,GLD
2022-08-16,332.2799987792969,324.2658386230469,0.0,0.0,QQQ
2022-08-16,429.70001220703125,407.32086181640625,0.0,0.0,SPY
2022-08-16,115.93000030517578,98.79190826416016,0.0,0.0,TLT
2022-08-17,164.35000610351562,164.35000610351562,0.0,0.0,GLD
2022-08-17,328.489990234375,320.5671691894531,0.0,0.0,QQQ
2022-08-17,426.6499938964844,404.4297790527344,0.0,0.0,SPY
2022-08-17,114.72000122070312,97.76080322265625,0.0,0.0,TLT
2022-08-18,163.9199981689453,163.9199981689453,0.0,0.0,GLD
2022-08-18,329.2799987792969,321.3381652832031,0.0,0.0,QQQ
2022-08-18,427.8900146484375,405.60516357421875,0.0,0.0,SPY
2022-08-18,114.88999938964844,97.90563201904297,0.0,0.0,TLT
2022-08-19,162.72000122070312,162.72000122070312,0.0,0.0,GLD
2022-08-19,322.8599853515625,315.0729675292969,0.0,0.0,QQQ
2022-08-19,422.1400146484375,400.1546936035156,0.0,0.0,SPY
2022-08-19,113.04000091552734,96.32915496826172,0.0,0.0,TLT
2022-08-22,161.63999938964844,161.63999938964844,0.0,0.0,GLD
2022-08-22,314.3599853515625,306.7780456542969,0.0,0.0,QQQ
2022-08-22,413.3500061035156,391.8224182128906,0.0,0.0,SPY
2022-08-22,112.66000366210938,96.00531005859375,0.0,0.0,TLT
2022-08-23,162.77000427246094,162.77000427246094,0.0,0.0,GLD
2022-08-23,314.1000061035156,306.5242919921875,0.0,0.0,QQQ
2022-08-23,412.3500061035156,390.8745422363281,0.0,0.0,SPY
2022-08-23,112.04000091552734,95.47696685791016,0.0,0.0,TLT
2022-08-24,163.25,163.25,0.0,0.0,GLD
2022-08-24,315.010009765625,307.4122619628906,0.0,0.0,QQQ
2022-08-24,413.6700134277344,392.1257629394531,0.0,0.0,SPY
2022-08-24,111.22000122070312,94.7781982421875,0.0,0.0,TLT
2022-08-25,163.75,163.75,0.0,0.0,GLD
2022-08-25,320.5799865722656,312.84796142578125,0.0,0.0,QQQ
2022-08-25,419.510009765625,397.66168212890625,0.0,0.0,SPY
2022-08-25,112.7699966430664,96.09903717041016,0.0,0.0,TLT
2022-08-26,161.75999450683594,161.75999450683594,0.0,0.0,GLD
2022-08-26,307.44000244140625,300.0249328613281,0.0,0.0,QQQ
2022-08-26,405.30999755859375,384.2012023925781,0.0,0.0,SPY
2022-08-26,113.62000274658203,96.82340240478516,0.0,0.0,TLT
2022-08-29,161.86000061035156,161.86000061035156,0.0,0.0,GLD
2022-08-29,304.4100036621094,297.0680236816406,0.0,0.0,QQQ
2022-08-29,402.6300048828125,381.6607666015625,0.0,0.0,SPY
2022-08-29,112.68000030517578,96.02235412597656,0.0,0.0,TLT
2022-08-30,160.50999450683594,160.50999450683594,0.0,0.0,GLD
2022-08-30,301.0199890136719,293.759765625,0.0,0.0,QQQ
2022-08-30,398.2099914550781,377.4709167480469,0.0,0.0,SPY
2022-08-30,112.95999908447266,96.26097106933594,0.0,0.0,TLT
2022-08-31,159.27000427246094,159.27000427246094,0.0,0.0,GLD
2022-08-31,299.2699890136719,292.0519714355469,0.0,0.0,QQQ
2022-08-31,395.17999267578125,374.5987854003906,0.0,0.0,SPY
2022-08-31,111.87999725341797,95.34063720703125,0.0,0.0,TLT
2022-09-01,157.8699951171875,157.8699951171875,0.0,0.0,GLD
2022-09-01,299.3999938964844,292.1788330078125,0.0,0.0,QQQ
2022-09-01,396.4200134277344,375.7742004394531,0.0,0.0,SPY
2022-09-01,109.5999984741211,93.59510040283203,0.236,0.0,TLT
2022-09-02,159.25999450683594,159.25999450683594,0.0,0.0,GLD
2022-09-02,295.1700134277344,288.0509338378906,0.0,0.0,QQQ
2022-09-02,392.239990234375,371.811767578125,0.0,0.0,SPY
2022-09-02,110.22000122070312,94.12456512451172,0.0,0.0,TLT
2022-09-06,158.3300018310547,158.3300018310547,0.0,0.0,GLD
2022-09-06,293.04998779296875,285.9819641113281,0.0,0.0,QQQ
2022-09-06,390.760009765625,370.4089660644531,0.0,0.0,SPY
2022-09-06,107.48999786376953,91.79322814941406,0.0,0.0,TLT
2022-09-07,159.94000244140625,159.94000244140625,0.0,0.0,GLD
2022-09-07,298.9700012207031,291.7591857910156,0.0,0.0,QQQ
2022-09-07,397.7799987792969,377.06329345703125,0.0,0.0,SPY
2022-09-07,109.19000244140625,93.24494934082031,0.0,0.0,TLT
2022-09-08,158.97999572753906,158.97999572753906,0.0,0.0,GLD
2022-09-08,300.5199890136719,293.2717590332031,0.0,0.0,QQQ
2022-09-08,400.3800048828125,379.5279846191406,0.0,0.0,SPY
2022-09-08,108.06999969482422,92.28853607177734,0.0,0.0,TLT
2022-09-09,159.82000732421875,159.82000732421875,0.0,0.0,GLD
2022-09-09,307.0899963378906,299.6832275390625,0.0,0.0,QQQ
2022-09-09,406.6000061035156,385.4239501953125,0.0,0.0,SPY
2022-09-09,108.30999755859375,92.49346923828125,0.0,0.0,TLT
2022-09-12,160.6300048828125,160.6300048828125,0.0,0.0,GLD
2022-09-12,310.739990234375,303.2452697753906,0.0,0.0,QQQ
2022-09-12,410.9700012207031,389.5664367675781,0.0,0.0,SPY
2022-09-12,107.41999816894531,91.73345947265625,0.0,0.0,TLT
2022-09-13,158.5399932861328,158.5399932861328,0.0,0.0,GLD
2022-09-13,293.70001220703125,286.6163330078125,0.0,0.0,QQQ
2022-09-13,393.1000061035156,372.6270446777344,0.0,0.0,SPY
2022-09-13,107.66999816894531,91.94693756103516,0.0,0.0,TLT
2022-09-14,157.92999267578125,157.92999267578125,0.0,0.0,GLD
2022-09-14,296.0299987792969,288.89007568359375,0.0,0.0,QQQ
2022-09-14,394.6000061035156,374.04901123046875,0.0,0.0,SPY
2022-09-14,108.04000091552734,92.2629165649414,0.0,0.0,TLT
2022-09-15,154.97999572753906,154.97999572753906,0.0,0.0,GLD
2022-09-15,291.1000061035156,284.0789489746094,0.0,0.0,QQQ
2022-09-15,390.1199951171875,369.80230712890625,0.0,0.0,SPY
2022-09-15,107.97000122070312,92.20311737060547,0.0,0.0,TLT
2022-09-16,155.83999633789062,155.83999633789062,0.0,0.0,GLD
2022-09-16,289.32000732421875,282.34197998046875,0.0,0.0,QQQ
2022-09-16,385.55999755859375,366.9810791015625,1.596,0.0,SPY
2022-09-16,107.06999969482422,91.43456268310547,0.0,0.0,TLT
2022-09-19,155.9600067138672,155.9600067138672,0.0,0.0,GLD
2022-09-19,291.04998779296875,284.5406799316406,0.519,0.0,QQQ
2022-09-19,388.54998779296875,369.8269958496094,0.0,0.0,SPY
2022-09-19,107.31999969482422,91.64806365966797,0.0,0.0,TLT
2022-09-20,155.07000732421875,155.07000732421875,0.0,0.0,GLD
2022-09-20,288.7300109863281,282.27252197265625,0.0,0.0,QQQ
2022-09-20,384.0899963378906,365.5819091796875,0.0,0.0,SPY
2022-09-20,106.25,90.73429870605469,0.0,0.0,TLT
2022-09-21,155.7899932861328,155.7899932861328,0.0,0.0,GLD
2022-09-21,283.55999755859375,277.2181701660156,0.0,0.0,QQQ
2022-09-21,377.3900146484375,359.20477294921875,0.0,0.0,SPY
2022-09-21,108.02999877929688,92.25438690185547,0.0,0.0,TLT
2022-09-22,155.6999969482422,155.6999969482422,0.0,0.0,GLD
2022-09-22,280.07000732421875,273.80621337890625,0.0,0.0,QQQ
2022-09-22,374.2200012207031,356.1875,0.0,0.0,SPY
2022-09-22,105.2699966430664,89.89739990234375,0.0,0.0,TLT
2022-09-23,153.00999450683594,153.00999450683594,0.0,0.0,GLD
2022-09-23,275.510009765625,269.34820556640625,0.0,0.0,QQQ
2022-09-23,367.95001220703125,350.21966552734375,0.0,0.0,SPY
2022-09-23,105.69999694824219,90.26463317871094,0.0,0.0,TLT
2022-09-26,151.22999572753906,151.22999572753906,0.0,0.0,GLD
2022-09-26,274.3699951171875,268.23370361328125,0.0,0.0,QQQ
2022-09-26,364.30999755859375,346.755126953125,0.0,0.0,SPY
2022-09-26,103.68000030517578,88.53961181640625,0.0,0.0,TLT
2022-09-27,151.5399932861328,151.5399932861328,0.0,0.0,GLD
2022-09-27,274.4800109863281,268.3412170410156,0.0,0.0,QQQ
2022-09-27,363.3800048828125,345.869873046875,0.0,0.0,SPY
2022-09-27,100.94999694824219,86.20826721191406,0.0,0.0,TLT
2022-09-28,154.69000244140625,154.69000244140625,0.0,0.0,GLD
2022-09-28,279.94000244140625,273.67913818359375,0.0,0.0,QQQ
2022-09-28,370.5299987792969,352.67535400390625,0.0,0.0,SPY
2022-09-28,104.33000183105469,89.09471130371094,0.0,0.0,TLT
2022-09-29,154.66000366210938,154.66000366210938,0.0,0.0,GLD
2022-09-29,271.8699951171875,265.7896423339844,0.0,0.0,QQQ
2022-09-29,362.7900085449219,345.308349609375,0.0,0.0,SPY
2022-09-29,103.79000091552734,88.633544921875,0.0,0.0,TLT
2022-09-30,154.6699981689453,154.6699981689453,0.0,0.0,GLD
2022-09-30,267.260009765625,261.28265380859375,0.0,0.0,QQQ
2022-09-30,357.17999267578125,339.9686279296875,0.0,0.0,SPY
2022-09-30,102.44999694824219,87.48924255371094,0.0,0.0,TLT
2022-10-03,158.42999267578125,158.42999267578125,0.0,0.0,GLD
2022-10-03,273.5299987792969,267.4124755859375,0.0,0.0,QQQ
2022-10-03,366.6099853515625,348.9442138671875,0.0,0.0,SPY
2022-10-03,103.83000183105469,88.87939453125,0.244,0.0,TLT
2022-10-04,160.6999969482422,160.6999969482422,0.0,0.0,GLD
2022-10-04,282.1300048828125,275.8201599121094,0.0,0.0,QQQ
2022-10-04,377.9700012207031,359.7568664550781,0.0,0.0,SPY
2022-10-04,103.54000091552734,88.6311264038086,0.0,0.0,TLT
2022-10-05,159.80999755859375,159.80999755859375,0.0,0.0,GLD
2022-10-05,281.9800109863281,275.67352294921875,0.0,0.0,QQQ
2022-10-05,377.0899963378906,358.9192199707031,0.0,0.0,SPY
2022-10-05,102.55000305175781,87.78367614746094,0.0,0.0,TLT
2022-10-06,159.6300048828125,159.6300048828125,0.0,0.0,GLD
2022-10-06,279.760009765625,273.5031433105469,0.0,0.0,QQQ
2022-10-06,373.20001220703125,355.21673583984375,0.0,0.0,SPY
2022-10-06,101.9800033569336,87.29579162597656,0.0,0.0,TLT
2022-10-07,157.8800048828125,157.8800048828125,0.0,0.0,GLD
2022-10-07,269.1000061035156,263.08154296875,0.0,0.0,QQQ
2022-10-07,362.7900085449219,345.308349609375,0.0,0.0,SPY
2022-10-07,100.98999786376953,86.44830322265625,0.0,0.0,TLT
2022-10-10,155.47999572753906,155.47999572753906,0.0,0.0,GLD
2022-10-10,266.4100036621094,260.4516906738281,0.0,0.0,QQQ
2022-10-10,360.0199890136719,342.6717224121094,0.0,0.0,SPY
2022-10-10,99.41999816894531,85.10435485839844,0.0,0.0,TLT
2022-10-11,155.16000366210938,155.16000366210938,0.0,0.0,GLD
2022-10-11,262.75,256.8735656738281,0.0,0.0,QQQ
2022-10-11,357.739990234375,340.50164794921875,0.0,0.0,SPY
2022-10-11,99.86000061035156,85.48103332519531,0.0,0.0,TLT
2022-10-12,155.99000549316406,155.99000549316406,0.0,0.0,GLD
2022-10-12,262.6600036621094,256.78558349609375,0.0,0.0,QQQ
2022-10-12,356.55999755859375,339.37847900390625,0.0,0.0,SPY
2022-10-12,100.3499984741211,85.90047454833984,0.0,0.0,TLT
2022-10-13,154.91000366210938,154.91000366210938,0.0,0.0,GLD
2022-10-13,268.82000732421875,262.8077697753906,0.0,0.0,QQQ
2022-10-13,365.9700012207031,348.3350830078125,0.0,0.0,SPY
2022-10-13,99.38999938964844,85.07872009277344,0.0,0.0,TLT
2022-10-14,152.97999572753906,152.97999572753906,0.0,0.0,GLD
2022-10-14,260.739990234375,254.90846252441406,0.0,0.0,QQQ
2022-10-14,357.6300048828125,340.3969421386719,0.0,0.0,SPY
2022-10-14,98.56999969482422,84.37677001953125,0.0,0.0,TLT
2022-10-17,153.4199981689453,153.4199981689453,0.0,0.0,GLD
2022-10-17,269.3500061035156,263.32598876953125,0.0,0.0,QQQ
2022-10-17,366.82000732421875,349.1440734863281,0.0,0.0,SPY
2022-10-17,98.08999633789062,83.96588897705078,0.0,0.0,TLT
2022-10-18,153.75,153.75,0.0,0.0,GLD
2022-10-18,271.4800109863281,265.4083251953125,0.0,0.0,QQQ
2022-10-18,371.1300048828125,353.2464599609375,0.0,0.0,SPY
2022-10-18,98.31999969482422,84.16277313232422,0.0,0.0,TLT
2022-10-19,151.69000244140625,151.69000244140625,0.0,0.0,GLD
2022-10-19,270.489990234375,264.4404602050781,0.0,0.0,QQQ
2022-10-19,368.5,350.7431335449219,0.0,0.0,SPY
2022-10-19,96.52999877929688,82.63050842285156,0.0,0.0,TLT
2022-10-20,151.4499969482422,151.4499969482422,0.0,0.0,GLD
2022-10-20,269.1099853515625,263.09130859375,0.0,0.0,QQQ
2022-10-20,365.4100036621094,347.80206298828125,0.0,0.0,SPY
2022-10-20,94.87999725341797,81.21808624267578,0.0,0.0,TLT
2022-10-21,154.14999389648438,154.14999389648438,0.0,0.0,GLD
2022-10-21,275.4200134277344,269.2602233886719,0.0,0.0,QQQ
2022-10-21,374.2900085449219,356.2541809082031,0.0,0.0,SPY
2022-10-21,93.16999816894531,79.75431823730469,0.0,0.0,TLT
2022-10-24,153.64999389648438,153.64999389648438,0.0,0.0,GLD
2022-10-24,278.45001220703125,272.222412109375,0.0,0.0,QQQ
2022-10-24,378.8699951171875,360.6134338378906,0.0,0.0,SPY
2022-10-24,92.4000015258789,79.09519958496094,0.0,0.0,TLT
2022-10-25,154.0,154.0,0.0,0.0,GLD
2022-10-25,284.2099914550781,277.85357666015625,0.0,0.0,QQQ
2022-10-25,384.9200134277344,366.3719177246094,0.0,0.0,SPY
2022-10-25,95.08999633789062,81.39787292480469,0.0,0.0,TLT
2022-10-26,154.97999572753906,154.97999572753906,0.0,0.0,GLD
2022-10-26,277.92999267578125,271.7140808105469,0.0,0.0,QQQ
2022-10-26,382.0199890136719,363.6116943359375,0.0,0.0,SPY
2022-10-26,96.45999908447266,82.57060241699219,0.0,0.0,TLT
2022-10-27,154.74000549316406,154.74000549316406,0.0,0.0,GLD
2022-10-27,272.8699951171875,266.7672119140625,0.0,0.0,QQQ
2022-10-27,379.9800109863281,361.66998291015625,0.0,0.0,SPY
2022-10-27,97.47000122070312,83.4351577758789,0.0,0.0,TLT
2022-10-28,153.16000366210938,153.16000366210938,0.0,0.0,GLD
2022-10-28,281.2200012207031,274.9305114746094,0.0,0.0,QQQ
2022-10-28,389.0199890136719,370.2743835449219,0.0,0.0,SPY
2022-10-28,96.80000305175781,82.86164855957031,0.0,0.0,TLT
2022-10-31,151.91000366210938,151.91000366210938,0.0,0.0,GLD
2022-10-31,277.95001220703125,271.733642578125,0.0,0.0,QQQ
2022-10-31,386.2099914550781,367.59979248046875,0.0,0.0,SPY
2022-10-31,96.11000061035156,82.27099609375,0.0,0.0,TLT
2022-11-01,153.4600067138672,153.4600067138672,0.0,0.0,GLD
2022-11-01,275.1099853515625,268.9571228027344,0.0,0.0,QQQ
2022-11-01,384.5199890136719,365.9911804199219,0.0,0.0,SPY
2022-11-01,96.7699966430664,83.03985595703125,0.236,0.0,TLT
2022-11-02,152.38999938964844,152.38999938964844,0.0,0.0,GLD
2022-11-02,265.67999267578125,259.738037109375,0.0,0.0,QQQ
2022-11-02,374.8699951171875,356.8061828613281,0.0,0.0,SPY
2022-11-02,96.3499984741211,82.67947387695312,0.0,0.0,TLT
2022-11-03,151.80999755859375,151.80999755859375,0.0,0.0,GLD
2022-11-03,260.489990234375,254.6641387939453,0.0,0.0,QQQ
2022-11-03,371.010009765625,353.1322021484375,0.0,0.0,SPY
2022-11-03,95.83000183105469,82.23324584960938,0.0,0.0,TLT
2022-11-04,156.47000122070312,156.47000122070312,0.0,0.0,GLD
2022-11-04,264.67999267578125,258.7603454589844,0.0,0.0,QQQ
2022-11-04,376.3500061035156,358.21490478515625,0.0,0.0,SPY
2022-11-04,94.22000122070312,80.85169219970703,0.0,0.0,TLT
2022-11-07,155.85000610351562,155.85000610351562,0.0,0.0,GLD
2022-11-07,267.5899963378906,261.60528564453125,0.0,0.0,QQQ
2022-11-07,379.95001220703125,361.6414489746094,0.0,0.0,SPY
2022-11-07,93.27999877929688,80.04507446289062,0.0,0.0,TLT
2022-11-08,159.4499969482422,159.4499969482422,0.0,0.0,GLD
2022-11-08,269.5400085449219,263.5116882324219,0.0,0.0,QQQ
2022-11-08,382.0,363.5926208496094,0.0,0.0,SPY
2022-11-08,94.30000305175781,80.92033386230469,0.0,0.0,TLT
2022-11-09,158.64999389648438,158.64999389648438,0.0,0.0,GLD
2022-11-09,263.32000732421875,257.43084716796875,0.0,0.0,QQQ
2022-11-09,374.1300048828125,356.10186767578125,0.0,0.0,SPY
2022-11-09,94.61000061035156,81.18630981445312,0.0,0.0,TLT
2022-11-10,163.47999572753906,163.47999572753906,0.0,0.0,GLD
2022-11-10,282.75,276.4262390136719,0.0,0.0,QQQ
2022-11-10,394.69000244140625,375.671142578125,0.0,0.0,SPY
2022-11-10,98.25,84.30989074707031,0.0,0.0,TLT
2022-11-11,164.55999755859375,164.55999755859375,0.0,0.0,GLD
2022-11-11,287.9599914550781,281.5196838378906,0.0,0.0,QQQ
2022-11-11,398.510009765625,379.30706787109375,0.0,0.0,SPY
2022-11-11,97.88999938964844,84.00096893310547,0.0,0.0,TLT
2022-11-14,164.9199981689453,164.9199981689453,0.0,0.0,GLD
2022-11-14,285.44000244140625,279.05609130859375,0.0,0.0,QQQ
2022-11-14,395.1199951171875,376.0804443359375,0.0,0.0,SPY
2022-11-14,97.6500015258789,83.79499053955078,0.0,0.0,TLT
2022-11-15,165.5,165.5,0.0,0.0,GLD
2022-11-15,289.3900146484375,282.9177551269531,0.0,0.0,QQQ
2022-11-15,398.489990234375,379.2880554199219,0.0,0.0,SPY
2022-11-15,99.2300033569336,85.15084075927734,0.0,0.0,TLT
2022-11-16,165.1199951171875,165.1199951171875,0.0,0.0,GLD
2022-11-16,285.44000244140625,279.05609130859375,0.0,0.0,QQQ
2022-11-16,395.45001220703125,376.39453125,0.0,0.0,SPY
2022-11-16,101.4000015258789,87.01293182373047,0.0,0.0,TLT
2022-11-17,163.9199981689453,163.9199981689453,0.0,0.0,GLD
2022-11-17,284.80999755859375,278.4401550292969,0.0,0.0,QQQ
2022-11-17,394.239990234375,375.24273681640625,0.0,0.0,SPY
2022-11-17,100.33000183105469,86.0947494506836,0.0,0.0,TLT
2022-11-18,162.7899932861328,162.7899932861328,0.0,0.0,GLD
2022-11-18,284.82000732421875,278.4500427246094,0.0,0.0,QQQ
2022-11-18,396.0299987792969,376.9465637207031,0.0,0.0,SPY
2022-11-18,99.63999938964844,85.50264739990234,0.0,0.0,TLT
2022-11-21,161.8800048828125,161.8800048828125,0.0,0.0,GLD
2022-11-21,281.8900146484375,275.58551025390625,0.0,0.0,QQQ
2022-11-21,394.5899963378906,375.5759582519531,0.0,0.0,SPY
2022-11-21,100.05999755859375,85.86306762695312,0.0,0.0,TLT
2022-11-22,162.07000732421875,162.07000732421875,0.0,0.0,GLD
2022-11-22,285.95001220703125,279.5546875,0.0,0.0,QQQ
2022-11-22,399.8999938964844,380.6300354003906,0.0,0.0,SPY
2022-11-22,101.4800033569336,87.08160400390625,0.0,0.0,TLT
2022-11-23,163.0800018310547,163.0800018310547,0.0,0.0,GLD
2022-11-23,288.82000732421875,282.3605651855469,0.0,0.0,QQQ
2022-11-23,402.4200134277344,383.0287170410156,0.0,0.0,SPY
2022-11-23,103.25,88.6004867553711,0.0,0.0,TLT
2022-11-25,163.22000122070312,163.22000122070312,0.0,0.0,GLD
2022-11-25,286.9200134277344,280.5030212402344,0.0,0.0,QQQ
2022-11-25,402.3299865722656,382.94293212890625,0.0,0.0,SPY
2022-11-25,102.9000015258789,88.30013275146484,0.0,0.0,TLT
2022-11-28,161.92999267578125,161.92999267578125,0.0,0.0,GLD
2022-11-28,282.7099914550781,276.38714599609375,0.0,0.0,QQQ
2022-11-28,395.9100036621094,376.8323059082031,0.0,0.0,SPY
2022-11-28,103.19000244140625,88.54895782470703,0.0,0.0,TLT
2022-11-29,162.72999572753906,162.72999572753906,0.0,0.0,GLD
2022-11-29,280.57000732421875,274.2949523925781,0.0,0.0,QQQ
2022-11-29,395.2300109863281,376.1850891113281,0.0,0.0,SPY
2022-11-29,101.9800033569336,87.51063537597656,0.0,0.0,TLT
2022-11-30,164.80999755859375,164.80999755859375,0.0,0.0,GLD
2022-11-30,293.3599853515625,286.79901123046875,0.0,0.0,QQQ
2022-11-30,407.67999267578125,388.03515625,0.0,0.0,SPY
2022-11-30,102.7300033569336,88.15424346923828,0.0,0.0,TLT
2022-12-01,167.83999633789062,167.83999633789062,0.0,0.0,GLD
2022-12-01,293.7200012207031,287.1510009765625,0.0,0.0,QQQ
2022-12-01,407.3800048828125,387.7496337890625,0.0,0.0,SPY
2022-12-01,105.76000213623047,90.97039031982422,0.244,0.0,TLT
2022-12-02,167.25999450683594,167.25999450683594,0.0,0.0,GLD
2022-12-02,292.54998779296875,286.0070495605469,0.0,0.0,QQQ
2022-12-02,406.9100036621094,387.3023681640625,0.0,0.0,SPY
2022-12-02,107.08999633789062,92.11441802978516,0.0,0.0,TLT
2022-12-05,164.38999938964844,164.38999938964844,0.0,0.0,GLD
2022-12-05,287.6400146484375,281.2069091796875,0.0,0.0,QQQ
2022-12-05,399.5899963378906,380.3350524902344,0.0,0.0,SPY
2022-12-05,105.58999633789062,90.82418060302734,0.0,0.0,TLT
2022-12-06,164.83999633789062,164.83999633789062,0.0,0.0,GLD
2022-12-06,281.67999267578125,275.38018798828125,0.0,0.0,QQQ
2022-12-06,393.8299865722656,374.8526306152344,0.0,0.0,SPY
2022-12-06,106.94999694824219,91.99401092529297,0.0,0.0,TLT
2022-12-07,166.3300018310547,166.3300018310547,0.0,0.0,GLD
2022-12-07,280.5299987792969,274.255859375,0.0,0.0,QQQ
2022-12-07,393.1600036621094,374.21484375,0.0,0.0,SPY
2022-12-07,109.47000122070312,94.16159057617188,0.0,0.0,TLT
2022-12-08,166.47000122070312,166.47000122070312,0.0,0.0,GLD
2022-12-08,283.8500061035156,277.5016174316406,0.0,0.0,QQQ
2022-12-08,396.239990234375,377.146484375,0.0,0.0,SPY
2022-12-08,109.16999816894531,93.90352630615234,0.0,0.0,TLT
2022-12-09,167.05999755859375,167.05999755859375,0.0,0.0,GLD
2022-12-09,282.0400085449219,275.73211669921875,0.0,0.0,QQQ
2022-12-09,393.2799987792969,374.3291015625,0.0,0.0,SPY
2022-12-09,106.33000183105469,91.460693359375,0.0,0.0,TLT
2022-12-12,165.67999267578125,165.67999267578125,0.0,0.0,GLD
2022-12-12,285.5799865722656,279.1929016113281,0.0,0.0,QQQ
2022-12-12,398.95001220703125,379.72589111328125,0.0,0.0,SPY
2022-12-12,106.66999816894531,91.7531509399414,0.0,0.0,TLT
2022-12-13,168.50999450683594,168.50999450683594,0.0,0.0,GLD
2022-12-13,288.6499938964844,282.1943359375,0.0,0.0,QQQ
2022-12-13,401.9700012207031,382.6003723144531,0.0,0.0,SPY
2022-12-13,107.69999694824219,92.63909912109375,0.0,0.0,TLT
2022-12-14,168.10000610351562,168.10000610351562,0.0,0.0,GLD
2022-12-14,286.510009765625,280.10211181640625,0.0,0.0,QQQ
2022-12-14,399.3999938964844,380.1541442871094,0.0,0.0,SPY
2022-12-14,108.16000366210938,93.03478240966797,0.0,0.0,TLT
2022-12-15,165.35000610351562,165.35000610351562,0.0,0.0,GLD
2022-12-15,276.8900146484375,270.6973571777344,0.0,0.0,QQQ
2022-12-15,389.6300048828125,370.8549499511719,0.0,0.0,SPY
2022-12-15,108.31999969482422,93.39775848388672,0.261,0.0,TLT
2022-12-16,166.7899932861328,166.7899932861328,0.0,0.0,GLD
2022-12-16,274.25,268.116455078125,0.0,0.0,QQQ
2022-12-16,383.2699890136719,366.4766540527344,1.781,0.0,SPY
2022-12-16,107.11000061035156,92.35448455810547,0.0,0.0,TLT
2022-12-19,166.32000732421875,166.32000732421875,0.0,0.0,GLD
2022-12-19,269.75,264.3483581542969,0.655,0.0,QQQ
2022-12-19,380.0199890136719,363.3689880371094,0.0,0.0,SPY
2022-12-19,105.30999755859375,90.80245971679688,0.0,0.0,TLT
2022-12-20,169.0800018310547,169.0800018310547,0.0,0.0,GLD
2022-12-20,269.5400085449219,264.142578125,0.0,0.0,QQQ
2022-12-20,380.5400085449219,363.8662414550781,0.0,0.0,SPY
2022-12-20,103.44000244140625,89.1900405883789,0.0,0.0,TLT
2022-12-21,168.8000030517578,168.8000030517578,0.0,0.0,GLD
2022-12-21,273.45001220703125,267.9742736816406,0.0,0.0,QQQ
2022-12-21,386.2300109863281,369.3069763183594,0.0,0.0,SPY
2022-12-21,103.69999694824219,89.41421508789062,0.0,0.0,TLT
2022-12-22,166.75999450683594,166.75999450683594,0.0,0.0,GLD
2022-12-22,266.760009765625,261.4182434082031,0.0,0.0,QQQ
2022-12-22,380.7200012207031,364.0383605957031,0.0,0.0,SPY
2022-12-22,103.68000030517578,89.3969955444336,0.0,0.0,TLT
2022-12-23,167.25999450683594,167.25999450683594,0.0,0.0,GLD
2022-12-23,267.3599853515625,262.0062255859375,0.0,0.0,QQQ
2022-12-23,382.9100036621094,366.1324157714844,0.0,0.0,SPY
2022-12-23,102.16000366210938,88.08639526367188,0.0,0.0,TLT
2022-12-27,168.6699981689453,168.6699981689453,0.0,0.0,GLD
2022-12-27,263.5799865722656,258.30194091796875,0.0,0.0,QQQ
2022-12-27,381.3999938964844,364.6885070800781,0.0,0.0,SPY
2022-12-27,100.13999938964844,86.34463500976562,0.0,0.0,TLT
2022-12-28,167.91000366210938,167.91000366210938,0.0,0.0,GLD
2022-12-28,260.1000061035156,254.8916015625,0.0,0.0,QQQ
2022-12-28,376.6600036621094,360.15625,0.0,0.0,SPY
2022-12-28,99.55000305175781,85.83592987060547,0.0,0.0,TLT
2022-12-29,168.85000610351562,168.85000610351562,0.0,0.0,GLD
2022-12-29,266.44000244140625,261.1046447753906,0.0,0.0,QQQ
2022-12-29,383.44000244140625,366.63916015625,0.0,0.0,SPY
2022-12-29,100.68000030517578,86.810302734375,0.0,0.0,TLT
2022-12-30,169.63999938964844,169.63999938964844,0.0,0.0,GLD
2022-12-30,266.2799987792969,260.9478454589844,0.0,0.0,QQQ
2022-12-30,382.42999267578125,365.6733703613281,0.0,0.0,SPY
2022-12-30,99.55999755859375,85.8445816040039,0.0,0.0,TLT
2023-01-03,171.05999755859375,171.05999755859375,0.0,0.0,GLD
2023-01-03,264.4800109863281,259.1839294433594,0.0,0.0,QQQ
2023-01-03,380.82000732421875,364.13397216796875,0.0,0.0,SPY
2023-01-03,101.45999908447266,87.4828109741211,0.0,0.0,TLT
2023-01-04,172.6699981689453,172.6699981689453,0.0,0.0,GLD
2023-01-04,265.739990234375,260.41864013671875,0.0,0.0,QQQ
2023-01-04,383.760009765625,366.94512939453125,0.0,0.0,SPY
2023-01-04,102.8499984741211,88.68133544921875,0.0,0.0,TLT
2023-01-05,170.52000427246094,170.52000427246094,0.0,0.0,GLD
2023-01-05,261.5799865722656,256.3419189453125,0.0,0.0,QQQ
2023-01-05,379.3800048828125,362.7571105957031,0.0,0.0,SPY
2023-01-05,103.27999877929688,89.05207824707031,0.0,0.0,TLT
2023-01-06,173.7100067138672,173.7100067138672,0.0,0.0,GLD
2023-01-06,268.79998779296875,263.4173583984375,0.0,0.0,QQQ
2023-01-06,388.0799865722656,371.0758361816406,0.0,0.0,SPY
2023-01-06,105.18000030517578,90.69034576416016,0.0,0.0,TLT
2023-01-09,174.10000610351562,174.10000610351562,0.0,0.0,GLD
2023-01-09,270.5400085449219,265.1225280761719,0.0,0.0,QQQ
2023-01-09,387.8599853515625,370.8654479980469,0.0,0.0,SPY
2023-01-09,105.73999786376953,91.17321014404297,0.0,0.0,TLT
2023-01-10,174.74000549316406,174.74000549316406,0.0,0.0,GLD
2023-01-10,272.8299865722656,267.36676025390625,0.0,0.0,QQQ
2023-01-10,390.5799865722656,373.46630859375,0.0,0.0,SPY
2023-01-10,103.98999786376953,89.6642837524414,0.0,0.0,TLT
2023-01-11,174.6199951171875,174.6199951171875,0.0,0.0,GLD
2023-01-11,277.54998779296875,271.99224853515625,0.0,0.0,QQQ
2023-01-11,395.5199890136719,378.1899108886719,0.0,0.0,SPY
2023-01-11,105.68000030517578,91.12146759033203,0.0,0.0,TLT
2023-01-12,176.63999938964844,176.63999938964844,0.0,0.0,GLD
2023-01-12,279.04998779296875,273.4621276855469,0.0,0.0,QQQ
2023-01-12,396.9599914550781,379.5667724609375,0.0,0.0,SPY
2023-01-12,107.76000213623047,92.9149398803711,0.0,0.0,TLT
2023-01-13,178.75999450683594,178.75999450683594,0.0,0.0,GLD
2023-01-13,280.9700012207031,275.34375,0.0,0.0,QQQ
2023-01-13,398.5,381.0393371582031,0.0,0.0,SPY
2023-01-13,106.75,92.04408264160156,0.0,0.0,TLT
2023-01-17,177.58999633789062,177.58999633789062,0.0,0.0,GLD
2023-01-17,281.5400085449219,275.9023742675781,0.0,0.0,QQQ
2023-01-17,397.7699890136719,380.34130859375,0.0,0.0,SPY
2023-01-17,106.05999755859375,91.4491195678711,0.0,0.0,TLT
2023-01-18,177.0800018310547,177.0800018310547,0.0,0.0,GLD
2023-01-18,277.8800048828125,272.3155212402344,0.0,0.0,QQQ
2023-01-18,391.489990234375,374.33648681640625,0.0,0.0,SPY
2023-01-18,108.62999725341797,93.6650390625,0.0,0.0,TLT
2023-01-19,179.88999938964844,179.88999938964844,0.0,0.0,GLD
2023-01-19,275.1499938964844,269.6402587890625,0.0,0.0,QQQ
2023-01-19,388.6400146484375,371.61126708984375,0.0,0.0,SPY
2023-01-19,107.94999694824219,93.07875061035156,0.0,0.0,TLT
2023-01-20,179.2899932861328,179.2899932861328,0.0,0.0,GLD
2023-01-20,282.67999267578125,277.0194091796875,0.0,0.0,QQQ
2023-01-20,395.8800048828125,378.5340881347656,0.0,0.0,SPY
2023-01-20,106.19999694824219,91.5698471069336,0.0,0.0,TLT
2023-01-23,179.6300048828125,179.6300048828125,0.0,0.0,GLD
2023-01-23,288.9599914550781,283.17364501953125,0.0,0.0,QQQ
2023-01-23,400.6300048828125,383.075927734375,0.0,0.0,SPY
2023-01-23,105.69999694824219,91.13873291015625,0.0,0.0,TLT
2023-01-24,180.27999877929688,180.27999877929688,0.0,0.0,GLD
2023-01-24,288.3699951171875,282.595458984375,0.0,0.0,QQQ
2023-01-24,400.20001220703125,382.6647644042969,0.0,0.0,SPY
2023-01-24,107.22000122070312,92.44932556152344,0.0,0.0,TLT
2023-01-25,181.11000061035156,181.11000061035156,0.0,0.0,GLD
2023-01-25,287.7300109863281,281.9683837890625,0.0,0.0,QQQ
2023-01-25,400.3500061035156,382.8082580566406,0.0,0.0,SPY
2023-01-25,107.4800033569336,92.67349243164062,0.0,0.0,TLT
2023-01-26,179.47000122070312,179.47000122070312,0.0,0.0,GLD
2023-01-26,293.3399963378906,287.4659423828125,0.0,0.0,QQQ
2023-01-26,404.75,387.0154724121094,0.0,0.0,SPY
2023-01-26,106.9800033569336,92.24239349365234,0.0,0.0,TLT
2023-01-27,179.22000122070312,179.22000122070312,0.0,0.0,GLD
2023-01-27,296.260009765625,290.3275451660156,0.0,0.0,QQQ
2023-01-27,405.67999267578125,387.90472412109375,0.0,0.0,SPY
2023-01-27,106.70999908447266,92.00957489013672,0.0,0.0,TLT
2023-01-30,178.75999450683594,178.75999450683594,0.0,0.0,GLD
2023-01-30,290.2699890136719,284.45745849609375,0.0,0.0,QQQ
2023-01-30,400.5899963378906,383.0377197265625,0.0,0.0,SPY
2023-01-30,106.31999969482422,91.67332458496094,0.0,0.0,TLT
2023-01-31,179.41000366210938,179.41000366210938,0.0,0.0,GLD
2023-01-31,294.6199951171875,288.72039794921875,0.0,0.0,QQQ
2023-01-31,406.4800109863281,388.669677734375,0.0,0.0,SPY
2023-01-31,107.16999816894531,92.40618896484375,0.0,0.0,TLT
2023-02-01,181.6699981689453,181.6699981689453,0.0,0.0,GLD
2023-02-01,300.9200134277344,294.8942565917969,0.0,0.0,QQQ
2023-02-01,410.79998779296875,392.80035400390625,0.0,0.0,SPY
2023-02-01,108.18000030517578,93.51703643798828,0.275,0.0,TLT
2023-02-02,177.89999389648438,177.89999389648438,0.0,0.0,GLD
2023-02-02,311.7200012207031,305.4779357910156,0.0,0.0,QQQ
2023-02-02,416.7799987792969,398.51837158203125,0.0,0.0,SPY
2023-02-02,108.31999969482422,93.63803100585938,0.0,0.0,TLT
2023-02-03,173.4600067138672,173.4600067138672,0.0,0.0,GLD
2023-02-03,306.17999267578125,300.0488586425781,0.0,0.0,QQQ
2023-02-03,412.3500061035156,394.28240966796875,0.0,0.0,SPY
2023-02-03,106.69999694824219,92.23761749267578,0.0,0.0,TLT
2023-02-06,173.82000732421875,173.82000732421875,0.0,0.0,GLD
2023-02-06,303.5899963378906,297.5107727050781,0.0,0.0,QQQ
2023-02-06,409.8299865722656,391.8728332519531,0.0,0.0,SPY
2023-02-06,105.91000366210938,91.55470275878906,0.0,0.0,TLT
2023-02-07,173.97999572753906,173.97999572753906,0.0,0.0,GLD
2023-02-07,309.8800048828125,303.6748046875,0.0,0.0,QQQ
2023-02-07,415.19000244140625,396.9980163574219,0.0,0.0,SPY
2023-02-07,105.05999755859375,90.81993103027344,0.0,0.0,TLT
2023-02-08,174.41000366210938,174.41000366210938,0.0,0.0,GLD
2023-02-08,304.3699951171875,298.275146484375,0.0,0.0,QQQ
2023-02-08,410.6499938964844,392.6569519042969,0.0,0.0,SPY
2023-02-08,105.55999755859375,91.25212860107422,0.0,0.0,TLT
2023-02-09,173.02999877929688,173.02999877929688,0.0,0.0,GLD
2023-02-09,301.67999267578125,295.63897705078125,0.0,0.0,QQQ
2023-02-09,407.0899963378906,389.2529296875,0.0,0.0,SPY
2023-02-09,104.55999755859375,90.3877182006836,0.0,0.0,TLT
2023-02-10,173.36000061035156,173.36000061035156,0.0,0.0,GLD
2023-02-10,299.70001220703125,293.6986389160156,0.0,0.0,QQQ
2023-02-10,408.0400085449219,390.1613464355469,0.0,0.0,SPY
2023-02-10,103.38999938964844,89.37628173828125,0.0,0.0,TLT
2023-02-13,172.47999572753906,172.47999572753906,0.0,0.0,GLD
2023-02-13,304.5,298.4024963378906,0.0,0.0,QQQ
2023-02-13,412.8299865722656,394.7414245605469,0.0,0.0,SPY
2023-02-13,104.26000213623047,90.12836456298828,0.0,0.0,TLT
2023-02-14,172.61000061035156,172.61000061035156,0.0,0.0,GLD
2023-02-14,306.75,300.60748291015625,0.0,0.0,QQQ
2023-02-14,412.6400146484375,394.55975341796875,0.0,0.0,SPY
2023-02-14,104.0199966430664,89.92088317871094,0.0,0.0,TLT
2023-02-15,170.88999938964844,170.88999938964844,0.0,0.0,GLD
2023-02-15,309.1000061035156,302.910400390625,0.0,0.0,QQQ
2023-02-15,413.9800109863281,395.8410339355469,0.0,0.0,SPY
2023-02-15,103.05000305175781,89.08233642578125,0.0,0.0,TLT
2023-02-16,170.75,170.75,0.0,0.0,GLD
2023-02-16,303.29998779296875,297.2265319824219,0.0,0.0,QQQ
2023-02-16,408.2799987792969,390.3907470703125,0.0,0.0,SPY
2023-02-16,101.58999633789062,87.82025146484375,0.0,0.0,TLT
2023-02-17,171.25999450683594,171.25999450683594,0.0,0.0,GLD
2023-02-17,301.1600036621094,295.1294250488281,0.0,0.0,QQQ
2023-02-17,407.260009765625,389.4154968261719,0.0,0.0,SPY
2023-02-17,102.37999725341797,88.50318908691406,0.0,0.0,TLT
2023-02-21,170.6199951171875,170.6199951171875,0.0,0.0,GLD
2023-02-21,294.0299987792969,288.14215087890625,0.0,0.0,QQQ
2023-02-21,399.0899963378906,381.60345458984375,0.0,0.0,SPY
2023-02-21,100.38999938964844,86.78289794921875,0.0,0.0,TLT
2023-02-22,169.66000366210938,169.66000366210938,0.0,0.0,GLD
2023-02-22,294.25,288.3577575683594,0.0,0.0,QQQ
2023-02-22,398.5400085449219,381.0775451660156,0.0,0.0,SPY
2023-02-22,101.30999755859375,87.57820129394531,0.0,0.0,TLT
2023-02-23,169.57000732421875,169.57000732421875,0.0,0.0,GLD
2023-02-23,296.82000732421875,290.8763122558594,0.0,0.0,QQQ
2023-02-23,400.6600036621094,383.1046447753906,0.0,0.0,SPY
2023-02-23,102.30000305175781,88.43402862548828,0.0,0.0,TLT
2023-02-24,168.35000610351562,168.35000610351562,0.0,0.0,GLD
2023-02-24,291.8500061035156,286.00579833984375,0.0,0.0,QQQ
2023-02-24,396.3800048828125,379.01220703125,0.0,0.0,SPY
2023-02-24,100.97000122070312,87.28429412841797,0.0,0.0,TLT
2023-02-27,169.00999450683594,169.00999450683594,0.0,0.0,GLD
2023-02-27,293.94000244140625,288.0539855957031,0.0,0.0,QQQ
2023-02-27,397.7300109863281,380.3030090332031,0.0,0.0,SPY
2023-02-27,101.25,87.52633666992188,0.0,0.0,TLT
2023-02-28,169.77999877929688,169.77999877929688,0.0,0.0,GLD
2023-02-28,293.55999755859375,287.68157958984375,0.0,0.0,QQQ
2023-02-28,396.260009765625,378.8974304199219,0.0,0.0,SPY
2023-02-28,101.70999908447266,87.92398834228516,0.0,0.0,TLT
2023-03-01,170.75999450683594,170.75999450683594,0.0,0.0,GLD
2023-03-01,291.20001220703125,285.3689270019531,0.0,0.0,QQQ
2023-03-01,394.739990234375,377.4440002441406,0.0,0.0,SPY
2023-03-01,100.37000274658203,86.97943115234375,0.25,0.0,TLT
2023-03-02,170.66000366210938,170.66000366210938,0.0,0.0,GLD
2023-03-02,293.6099853515625,287.73052978515625,0.0,0.0,QQQ
2023-03-02,397.80999755859375,380.3794860839844,0.0,0.0,SPY
2023-03-02,99.4800033569336,86.2081527709961,0.0,0.0,TLT
2023-03-03,172.49000549316406,172.49000549316406,0.0,0.0,GLD
2023-03-03,299.67999267578125,293.6790466308594,0.0,0.0,QQQ
2023-03-03,404.19000244140625,386.4799499511719,0.0,0.0,SPY
2023-03-03,101.88999938964844,88.296630859375,0.0,0.0,TLT
2023-03-06,171.6199951171875,171.6199951171875,0.0,0.0,GLD
2023-03-06,300.0199890136719,294.01220703125,0.0,0.0,QQQ
2023-03-06,404.4700012207031,386.7476806640625,0.0,0.0,SPY
2023-03-06,101.0999984741211,87.61204528808594,0.0,0.0,TLT
2023-03-07,168.6199951171875,168.6199951171875,0.0,0.0,GLD
2023-03-07,296.3399963378906,290.40594482421875,0.0,0.0,QQQ
2023-03-07,398.2699890136719,380.8193359375,0.0,0.0,SPY
2023-03-07,101.72000122070312,88.14930725097656,0.0,0.0,TLT
2023-03-08,168.5399932861328,168.5399932861328,0.0,0.0,GLD
2023-03-08,297.82000732421875,291.8562927246094,0.0,0.0,QQQ
2023-03-08,398.9200134277344,381.44091796875,0.0,0.0,SPY
2023-03-08,101.81999969482422,88.23595428466797,0.0,0.0,TLT
2023-03-09,170.1999969482422,170.1999969482422,0.0,0.0,GLD
2023-03-09,292.6600036621094,286.7996520996094,0.0,0.0,QQQ
2023-03-09,391.55999755859375,374.4033508300781,0.0,0.0,SPY
2023-03-09,102.06999969482422,88.45262908935547,0.0,0.0,TLT
2023-03-10,173.8699951171875,173.8699951171875,0.0,0.0,GLD
2023-03-10,288.54998779296875,282.7718811035156,0.0,0.0,QQQ
2023-03-10,385.9100036621094,369.0008850097656,0.0,0.0,SPY
2023-03-10,105.58999633789062,91.50299072265625,0.0,0.0,TLT
2023-03-13,177.86000061035156,177.86000061035156,0.0,0.0,GLD
2023-03-13,290.69000244140625,284.86907958984375,0.0,0.0,QQQ
2023-03-13,385.3599853515625,368.4749755859375,0.0,0.0,SPY
2023-03-13,105.83000183105469,91.71102142333984,0.0,0.0,TLT
2023-03-14,176.8300018310547,176.8300018310547,0.0,0.0,GLD
2023-03-14,297.3699951171875,291.415283203125,0.0,0.0,QQQ
2023-03-14,391.7300109863281,374.5659484863281,0.0,0.0,SPY
2023-03-14,104.08999633789062,90.20310974121094,0.0,0.0,TLT
2023-03-15,178.2100067138672,178.2100067138672,0.0,0.0,GLD
2023-03-15,298.92999267578125,292.9440612792969,0.0,0.0,QQQ
2023-03-15,389.2799987792969,372.2232666015625,0.0,0.0,SPY
2023-03-15,106.0999984741211,91.9449691772461,0.0,0.0,TLT
2023-03-16,178.57000732421875,178.57000732421875,0.0,0.0,GLD
2023-03-16,306.80999755859375,300.666259765625,0.0,0.0,QQQ
2023-03-16,396.1099853515625,378.75396728515625,0.0,0.0,SPY
2023-03-16,105.2699966430664,91.22570037841797,0.0,0.0,TLT
2023-03-17,183.77000427246094,183.77000427246094,0.0,0.0,GLD
2023-03-17,305.3599853515625,299.2452697753906,0.0,0.0,QQQ
2023-03-17,389.989990234375,374.3253479003906,1.506,0.0,SPY
2023-03-17,106.8499984741211,92.59489440917969,0.0,0.0,TLT
2023-03-20,183.83999633789062,183.83999633789062,0.0,0.0,GLD
2023-03-20,305.9700012207031,300.3072814941406,0.472,0.0,QQQ
2023-03-20,393.739990234375,377.9247131347656,0.0,0.0,SPY
2023-03-20,105.91000366210938,91.78030395507812,0.0,0.0,TLT
2023-03-21,180.3699951171875,180.3699951171875,0.0,0.0,GLD
2023-03-21,310.3399963378906,304.5964050292969,0.0,0.0,QQQ
2023-03-21,398.9100036621094,382.8870544433594,0.0,0.0,SPY
2023-03-21,105.0,90.9917221069336,0.0,0.0,TLT
2023-03-22,183.44000244140625,183.44000244140625,0.0,0.0,GLD
2023-03-22,306.1199951171875,300.4544982910156,0.0,0.0,QQQ
2023-03-22,392.1099853515625,376.36016845703125,0.0,0.0,SPY
2023-03-22,106.4000015258789,92.20494079589844,0.0,0.0,TLT
2023-03-23,185.74000549316406,185.74000549316406,0.0,0.0,GLD
2023-03-23,309.75,304.0173034667969,0.0,0.0,QQQ
2023-03-23,393.1700134277344,377.37762451171875,0.0,0.0,SPY
2023-03-23,106.4000015258789,92.20494079589844,0.0,0.0,TLT
2023-03-24,183.64999389648438,183.64999389648438,0.0,0.0,GLD
2023-03-24,310.8900146484375,305.13623046875,0.0,0.0,QQQ
2023-03-24,395.75,379.8540344238281,0.0,0.0,SPY
2023-03-24,106.8499984741211,92.59489440917969,0.0,0.0,TLT
2023-03-27,181.9499969482422,181.9499969482422,0.0,0.0,GLD
2023-03-27,308.760009765625,303.0456237792969,0.0,0.0,QQQ
2023-03-27,396.489990234375,380.5643005371094,0.0,0.0,SPY
2023-03-27,104.33999633789062,90.41976165771484,0.0,0.0,TLT
2023-03-28,183.44000244140625,183.44000244140625,0.0,0.0,GLD
2023-03-28,307.1199951171875,301.43597412109375,0.0,0.0,QQQ
2023-03-28,395.6000061035156,379.71002197265625,0.0,0.0,SPY
2023-03-28,104.52999877929688,90.58445739746094,0.0,0.0,TLT
2023-03-29,182.52999877929688,182.52999877929688,0.0,0.0,GLD
2023-03-29,312.7200012207031,306.9322509765625,0.0,0.0,QQQ
2023-03-29,401.3500061035156,385.22906494140625,0.0,0.0,SPY
2023-03-29,104.31999969482422,90.40241241455078,0.0,0.0,TLT
2023-03-30,184.17999267578125,184.17999267578125,0.0,0.0,GLD
2023-03-30,315.67999267578125,309.8375244140625,0.0,0.0,QQQ
2023-03-30,403.70001220703125,387.4847106933594,0.0,0.0,SPY
2023-03-30,104.80000305175781,90.81840515136719,0.0,0.0,TLT
2023-03-31,183.22000122070312,183.22000122070312,0.0,0.0,GLD
2023-03-31,320.92999267578125,314.9903869628906,0.0,0.0,QQQ
2023-03-31,409.3900146484375,392.9461669921875,0.0,0.0,SPY
2023-03-31,106.37000274658203,92.17893981933594,0.0,0.0,TLT
2023-04-03,184.5399932861328,184.5399932861328,0.0,0.0,GLD
2023-04-03,320.1499938964844,314.224853515625,0.0,0.0,QQQ
2023-04-03,410.95001220703125,394.44342041015625,0.0,0.0,SPY
2023-04-03,106.5999984741211,92.61247253417969,0.269,0.0,TLT
2023-04-04,187.97999572753906,187.97999572753906,0.0,0.0,GLD
2023-04-04,319.07000732421875,313.164794921875,0.0,0.0,QQQ
2023-04-04,408.6700134277344,392.2550354003906,0.0,0.0,SPY
2023-04-04,107.12999725341797,93.07292938232422,0.0,0.0,TLT
2023-04-05,187.8300018310547,187.8300018310547,0.0,0.0,GLD
2023-04-05,315.9200134277344,310.0731506347656,0.0,0.0,QQQ
2023-04-05,407.6000061035156,391.2280578613281,0.0,0.0,SPY
2023-04-05,108.25,94.04595184326172,0.0,0.0,TLT
2023-04-06,186.49000549316406,186.49000549316406,0.0,0.0,GLD
2023-04-06,318.04998779296875,312.1636962890625,0.0,0.0,QQQ
2023-04-06,409.19000244140625,392.7541809082031,0.0,0.0,SPY
2023-04-06,108.52999877929688,94.28923797607422,0.0,0.0,TLT
2023-04-10,185.11000061035156,185.11000061035156,0.0,0.0,GLD
2023-04-10,317.8699951171875,311.9869689941406,0.0,0.0,QQQ
2023-04-10,409.6099853515625,393.1572570800781,0.0,0.0,SPY
2023-04-10,106.77999877929688,92.76887512207031,0.0,0.0,TLT
2023-04-11,186.27999877929688,186.27999877929688,0.0,0.0,GLD
2023-04-11,315.8299865722656,309.9847717285156,0.0,0.0,QQQ
2023-04-11,409.7200012207031,393.2628173828125,0.0,0.0,SPY
2023-04-11,107.0,92.95999908447266,0.0,0.0,TLT
2023-04-12,187.19000244140625,187.19000244140625,0.0,0.0,GLD
2023-04-12,313.0400085449219,307.24639892578125,0.0,0.0,QQQ
2023-04-12,408.04998779296875,391.659912109375,0.0,0.0,SPY
2023-04-12,106.88999938964844,92.86439514160156,0.0,0.0,TLT
2023-04-13,189.72000122070312,189.72000122070312,0.0,0.0,GLD
2023-04-13,319.1700134277344,313.2630310058594,0.0,0.0,QQQ
2023-04-13,413.4700012207031,396.8622131347656,0.0,0.0,SPY
2023-04-13,106.05000305175781,92.1346435546875,0.0,0.0,TLT
2023-04-14,186.36000061035156,186.36000061035156,0.0,0.0,GLD
2023-04-14,318.57000732421875,312.6740417480469,0.0,0.0,QQQ
2023-04-14,412.4599914550781,395.8928527832031,0.0,0.0,SPY
2023-04-14,105.08000183105469,91.29191589355469,0.0,0.0,TLT
2023-04-17,185.52999877929688,185.52999877929688,0.0,0.0,GLD
2023-04-17,318.8399963378906,312.9390869140625,0.0,0.0,QQQ
2023-04-17,413.94000244140625,397.31329345703125,0.0,0.0,SPY
2023-04-17,103.83000183105469,90.2059555053711,0.0,0.0,TLT
2023-04-18,186.25,186.25,0.0,0.0,GLD
2023-04-18,318.8599853515625,312.9587097167969,0.0,0.0,QQQ
2023-04-18,414.2099914550781,397.572509765625,0.0,0.0,SPY
2023-04-18,104.19999694824219,90.52738189697266,0.0,0.0,TLT
2023-04-19,185.36000061035156,185.36000061035156,0.0,0.0,GLD
2023-04-19,318.7099914550781,312.81146240234375,0.0,0.0,QQQ
2023-04-19,414.1400146484375,397.5053405761719,0.0,0.0,SPY
2023-04-19,104.0999984741211,90.44051361083984,0.0,0.0,TLT
2023-04-20,186.08999633789062,186.08999633789062,0.0,0.0,GLD
2023-04-20,316.2799987792969,310.4264831542969,0.0,0.0,QQQ
2023-04-20,411.8800048828125,395.3360900878906,0.0,0.0,SPY
2023-04-20,104.98999786376953,91.2137451171875,0.0,0.0,TLT
2023-04-21,184.25,184.25,0.0,0.0,GLD
2023-04-21,316.6099853515625,310.75030517578125,0.0,0.0,QQQ
2023-04-21,412.20001220703125,395.64324951171875,0.0,0.0,SPY
2023-04-21,104.4000015258789,90.70114135742188,0.0,0.0,TLT
2023-04-24,184.80999755859375,184.80999755859375,0.0,0.0,GLD
2023-04-24,315.95001220703125,310.1025695800781,0.0,0.0,QQQ
2023-04-24,412.6300048828125,396.05596923828125,0.0,0.0,SPY
2023-04-24,105.41000366210938,91.57861328125,0.0,0.0,TLT
2023-04-25,185.75,185.75,0.0,0.0,GLD
2023-04-25,309.989990234375,304.2528991699219,0.0,0.0,QQQ
2023-04-25,406.0799865722656,389.76904296875,0.0,0.0,SPY
2023-04-25,106.95999908447266,92.92524719238281,0.0,0.0,TLT
2023-04-26,184.74000549316406,184.74000549316406,0.0,0.0,GLD
2023-04-26,311.8699951171875,306.0981140136719,0.0,0.0,QQQ
2023-04-26,404.3599853515625,388.1181335449219,0.0,0.0,SPY
2023-04-26,105.81999969482422,91.93482208251953,0.0,0.0,TLT
2023-04-27,184.75,184.75,0.0,0.0,GLD
2023-04-27,320.3500061035156,314.421142578125,0.0,0.0,QQQ
2023-04-27,412.4100036621094,395.84478759765625,0.0,0.0,SPY
2023-04-27,104.7699966430664,91.0225830078125,0.0,0.0,TLT
2023-04-28,184.8000030517578,184.8000030517578,0.0,0.0,GLD
2023-04-28,322.55999755859375,316.5902404785156,0.0,0.0,QQQ
2023-04-28,415.92999267578125,399.2234191894531,0.0,0.0,SPY
2023-04-28,106.45999908447266,92.4908676147461,0.0,0.0,TLT
2023-05-01,183.97000122070312,183.97000122070312,0.0,0.0,GLD
2023-05-01,322.19000244140625,316.22705078125,0.0,0.0,QQQ
2023-05-01,415.510009765625,398.82025146484375,0.0,0.0,SPY
2023-05-01,103.12999725341797,89.82389831542969,0.268,0.0,TLT
2023-05-02,187.52000427246094,187.52000427246094,0.0,0.0,GLD
2023-05-02,319.3800048828125,313.4690856933594,0.0,0.0,QQQ
2023-05-02,410.8399963378906,394.3379211425781,0.0,0.0,SPY
2023-05-02,105.69999694824219,92.06232452392578,0.0,0.0,TLT
2023-05-03,189.11000061035156,189.11000061035156,0.0,0.0,GLD
2023-05-03,317.2900085449219,311.4177551269531,0.0,0.0,QQQ
2023-05-03,408.0199890136719,391.63116455078125,0.0,0.0,SPY
2023-05-03,106.29000091552734,92.57621002197266,0.0,0.0,TLT
2023-05-04,190.44000244140625,190.44000244140625,0.0,0.0,GLD
2023-05-04,316.1700134277344,310.3184509277344,0.0,0.0,QQQ
2023-05-04,405.1300048828125,388.8572692871094,0.0,0.0,SPY
2023-05-04,105.23999786376953,91.66165924072266,0.0,0.0,TLT
2023-05-05,187.4600067138672,187.4600067138672,0.0,0.0,GLD
2023-05-05,322.8900146484375,316.9141845703125,0.0,0.0,QQQ
2023-05-05,412.6300048828125,396.05596923828125,0.0,0.0,SPY
2023-05-05,104.88999938964844,91.35682678222656,0.0,0.0,TLT
2023-05-08,187.69000244140625,187.69000244140625,0.0,0.0,GLD
2023-05-08,323.69000244140625,317.6993408203125,0.0,0.0,QQQ
2023-05-08,412.739990234375,396.1615295410156,0.0,0.0,SPY
2023-05-08,103.41999816894531,90.07648468017578,0.0,0.0,TLT
2023-05-09,189.02000427246094,189.02000427246094,0.0,0.0,GLD
2023-05-09,321.6400146484375,315.687255859375,0.0,0.0,QQQ
2023-05-09,410.92999267578125,394.4241943359375,0.0,0.0,SPY
2023-05-09,103.05000305175781,89.75420379638672,0.0,0.0,TLT
2023-05-10,188.75,188.75,0.0,0.0,GLD
2023-05-10,325.1400146484375,319.1225280761719,0.0,0.0,QQQ
2023-05-10,412.8500061035156,396.2671813964844,0.0,0.0,SPY
2023-05-10,104.05000305175781,90.6252212524414,0.0,0.0,TLT
2023-05-11,187.1300048828125,187.1300048828125,0.0,0.0,GLD
2023-05-11,326.20001220703125,320.16290283203125,0.0,0.0,QQQ
2023-05-11,412.1300048828125,395.5761413574219,0.0,0.0,SPY
2023-05-11,105.1500015258789,91.58329772949219,0.0,0.0,TLT
2023-05-12,186.80999755859375,186.80999755859375,0.0,0.0,GLD
2023-05-12,325.0299987792969,319.0145263671875,0.0,0.0,QQQ
2023-05-12,411.5899963378906,395.0577697753906,0.0,0.0,SPY
2023-05-12,104.2699966430664,90.81683349609375,0.0,0.0,TLT
2023-05-15,187.2100067138672,187.2100067138672,0.0,0.0,GLD
2023-05-15,326.7900085449219,320.741943359375,0.0,0.0,QQQ
2023-05-15,413.010009765625,396.4206848144531,0.0,0.0,SPY
2023-05-15,103.19000244140625,89.87616729736328,0.0,0.0,TLT
2023-05-16,184.8699951171875,184.8699951171875,0.0,0.0,GLD
2023-05-16,327.1600036621094,321.1050720214844,0.0,0.0,QQQ
2023-05-16,410.25,393.77154541015625,0.0,0.0,SPY
2023-05-16,102.87999725341797,89.60614776611328,0.0,0.0,TLT
2023-05-17,184.22999572753906,184.22999572753906,0.0,0.0,GLD
2023-05-17,331.1199951171875,324.9917907714844,0.0,0.0,QQQ
2023-05-17,415.2300109863281,398.5515441894531,0.0,0.0,SPY
2023-05-17,102.58000183105469,89.3448486328125,0.0,0.0,TLT
2023-05-18,181.83999633789062,181.83999633789062,0.0,0.0,GLD
2023-05-18,337.2699890136719,331.02801513671875,0.0,0.0,QQQ
2023-05-18,419.2300109863281,402.3908996582031,0.0,0.0,SPY
2023-05-18,101.81999969482422,88.68293762207031,0.0,0.0,TLT
2023-05-19,183.63999938964844,183.63999938964844,0.0,0.0,GLD
2023-05-19,336.510009765625,330.2820739746094,0.0,0.0,QQQ
2023-05-19,418.6199951171875,401.805419921875,0.0,0.0,SPY
2023-05-19,101.0999984741211,88.05579376220703,0.0,0.0,TLT
2023-05-22,183.2100067138672,183.2100067138672,0.0,0.0,GLD
2023-05-22,337.6400146484375,331.3911437988281,0.0,0.0,QQQ
2023-05-22,418.7900085449219,401.9685974121094,0.0,0.0,SPY
2023-05-22,100.73999786376953,87.74227142333984,0.0,0.0,TLT
2023-05-23,183.42999267578125,183.42999267578125,0.0,0.0,GLD
2023-05-23,333.3599853515625,327.1903076171875,0.0,0.0,QQQ
2023-05-23,414.0899963378906,397.4573059082031,0.0,0.0,SPY
2023-05-23,101.02999877929688,87.99485778808594,0.0,0.0,TLT
2023-05-24,181.9499969482422,181.9499969482422,0.0,0.0,GLD
2023-05-24,331.6499938964844,325.5119934082031,0.0,0.0,QQQ
2023-05-24,411.0899963378906,394.577880859375,0.0,0.0,SPY
2023-05-24,100.52999877929688,87.55936431884766,0.0,0.0,TLT
2023-05-25,180.1999969482422,180.1999969482422,0.0,0.0,GLD
2023-05-25,339.7200012207031,333.43267822265625,0.0,0.0,QQQ
2023-05-25,414.6499938964844,397.9948425292969,0.0,0.0,SPY
2023-05-25,100.27999877929688,87.34159851074219,0.0,0.0,TLT
2023-05-26,180.9199981689453,180.9199981689453,0.0,0.0,GLD
2023-05-26,348.3999938964844,341.95196533203125,0.0,0.0,QQQ
2023-05-26,420.0199890136719,403.14910888671875,0.0,0.0,SPY
2023-05-26,101.08999633789062,88.04711151123047,0.0,0.0,TLT
2023-05-30,182.0399932861328,182.0399932861328,0.0,0.0,GLD
2023-05-30,349.9800109863281,343.5027770996094,0.0,0.0,QQQ
2023-05-30,420.17999267578125,403.3027038574219,0.0,0.0,SPY
2023-05-30,102.0999984741211,88.92681884765625,0.0,0.0,TLT
2023-05-31,182.32000732421875,182.32000732421875,0.0,0.0,GLD
2023-05-31,347.989990234375,341.5495910644531,0.0,0.0,QQQ
2023-05-31,417.8500061035156,401.0663146972656,0.0,0.0,SPY
2023-05-31,102.98999786376953,89.70197296142578,0.0,0.0,TLT
2023-06-01,183.75999450683594,183.75999450683594,0.0,0.0,GLD
2023-06-01,352.010009765625,345.49517822265625,0.0,0.0,QQQ
2023-06-01,421.82000732421875,404.8768615722656,0.0,0.0,SPY
2023-06-01,103.12000274658203,90.05390167236328,0.273,0.0,TLT
2023-06-02,181.0500030517578,181.0500030517578,0.0,0.0,GLD
2023-06-02,354.6499938964844,348.08636474609375,0.0,0.0,QQQ
2023-06-02,427.9200134277344,410.73187255859375,0.0,0.0,SPY
2023-06-02,101.98999786376953,89.06707763671875,0.0,0.0,TLT
2023-06-05,182.13999938964844,182.13999938964844,0.0,0.0,GLD
2023-06-05,354.8999938964844,348.3316955566406,0.0,0.0,QQQ
2023-06-05,427.1000061035156,409.94476318359375,0.0,0.0,SPY
2023-06-05,101.80000305175781,88.90115356445312,0.0,0.0,TLT
2023-06-06,182.33999633789062,182.33999633789062,0.0,0.0,GLD
2023-06-06,354.8399963378906,348.2727966308594,0.0,0.0,QQQ
2023-06-06,428.0299987792969,410.8373718261719,0.0,0.0,SPY
2023-06-06,102.4000015258789,89.4251480102539,0.0,0.0,TLT
2023-06-07,180.14999389648438,180.14999389648438,0.0,0.0,GLD
2023-06-07,348.82000732421875,342.3642272949219,0.0,0.0,QQQ
2023-06-07,426.54998779296875,409.4168395996094,0.0,0.0,SPY
2023-06-07,100.87999725341797,88.09773254394531,0.0,0.0,TLT
2023-06-08,182.52999877929688,182.52999877929688,0.0,0.0,GLD
2023-06-08,353.1499938964844,346.61407470703125,0.0,0.0,QQQ
2023-06-08,429.1300048828125,411.8931884765625,0.0,0.0,SPY
2023-06-08,102.05999755859375,89.12821197509766,0.0,0.0,TLT
2023-06-09,182.0399932861328,182.0399932861328,0.0,0.0,GLD
2023-06-09,354.5,347.9391174316406,0.0,0.0,QQQ
2023-06-09,429.8999938964844,412.6322937011719,0.0,0.0,SPY
2023-06-09,101.91999816894531,89.00595092773438,0.0,0.0,TLT
2023-06-12,181.8800048828125,181.8800048828125,0.0,0.0,GLD
2023-06-12,360.489990234375,353.81817626953125,0.0,0.0,QQQ
2023-06-12,433.79998779296875,416.3756103515625,0.0,0.0,SPY
2023-06-12,102.22000122070312,89.2679214477539,0.0,0.0,TLT
2023-06-13,180.5399932861328,180.5399932861328,0.0,0.0,GLD
2023-06-13,363.260009765625,356.5369873046875,0.0,0.0,QQQ
2023-06-13,436.6600036621094,419.12078857421875,0.0,0.0,SPY
2023-06-13,101.20999908447266,88.38591003417969,0.0,0.0,TLT
2023-06-14,180.63999938964844,180.63999938964844,0.0,0.0,GLD
2023-06-14,365.8999938964844,359.1281433105469,0.0,0.0,QQQ
2023-06-14,437.17999267578125,419.6199035644531,0.0,0.0,SPY
2023-06-14,102.0199966430664,89.09327697753906,0.0,0.0,TLT
2023-06-15,181.91000366210938,181.91000366210938,0.0,0.0,GLD
2023-06-15,370.260009765625,363.4074401855469,0.0,0.0,QQQ
2023-06-15,442.6000061035156,424.8221740722656,0.0,0.0,SPY
2023-06-15,103.0,89.94912719726562,0.0,0.0,TLT
2023-06-16,181.6300048828125,181.6300048828125,0.0,0.0,GLD
2023-06-16,367.92999267578125,361.1204528808594,0.0,0.0,QQQ
2023-06-16,439.4599914550781,423.3751525878906,1.638,0.0,SPY
2023-06-16,102.5999984741211,89.59978485107422,0.0,0.0,TLT
2023-06-20,179.75,179.75,0.0,0.0,GLD
2023-06-20,366.8999938964844,360.6036071777344,0.504,0.0,QQQ
2023-06-20,437.17999267578125,421.1785888671875,0.0,0.0,SPY
2023-06-20,103.30999755859375,90.21981811523438,0.0,0.0,TLT
2023-06-21,179.49000549316406,179.49000549316406,0.0,0.0,GLD
2023-06-21,361.8999938964844,355.68939208984375,0.0,0.0,QQQ
2023-06-21,434.94000244140625,419.0206298828125,0.0,0.0,SPY
2023-06-21,103.55999755859375,90.43816375732422,0.0,0.0,TLT
2023-06-22,177.7100067138672,177.7100067138672,0.0,0.0,GLD
2023-06-22,366.1700134277344,359.88616943359375,0.0,0.0,QQQ
2023-06-22,436.510009765625,420.533203125,0.0,0.0,SPY
2023-06-22,102.30999755859375,89.34654998779297,0.0,0.0,TLT
2023-06-23,178.1999969482422,178.1999969482422,0.0,0.0,GLD
2023-06-23,362.5400085449219,356.31842041015625,0.0,0.0,QQQ
2023-06-23,433.2099914550781,417.35394287109375,0.0,0.0,SPY
2023-06-23,103.33000183105469,90.23729705810547,0.0,0.0,TLT
2023-06-26,178.50999450683594,178.50999450683594,0.0,0.0,GLD
2023-06-26,357.67999267578125,351.54180908203125,0.0,0.0,QQQ
2023-06-26,431.44000244140625,415.648681640625,0.0,0.0,SPY
2023-06-26,103.44000244140625,90.3333740234375,0.0,0.0,TLT
2023-06-27,177.69000244140625,177.69000244140625,0.0,0.0,GLD
2023-06-27,363.8299865722656,357.58624267578125,0.0,0.0,QQQ
2023-06-27,436.1700134277344,420.2055358886719,0.0,0.0,SPY
2023-06-27,103.16999816894531,90.09754180908203,0.0,0.0,TLT
2023-06-28,177.27999877929688,177.27999877929688,0.0,0.0,GLD
2023-06-28,364.5400085449219,358.2840881347656,0.0,0.0,QQQ
2023-06-28,436.3900146484375,420.4175109863281,0.0,0.0,SPY
2023-06-28,103.61000061035156,90.4818115234375,0.0,0.0,TLT
2023-06-29,177.08999633789062,177.08999633789062,0.0,0.0,GLD
2023-06-29,363.80999755859375,357.5666198730469,0.0,0.0,QQQ
2023-06-29,438.1099853515625,422.0745544433594,0.0,0.0,SPY
2023-06-29,101.73999786376953,88.84876251220703,0.0,0.0,TLT
2023-06-30,178.27000427246094,178.27000427246094,0.0,0.0,GLD
2023-06-30,369.4200134277344,363.0803527832031,0.0,0.0,QQQ
2023-06-30,443.2799987792969,427.0553283691406,0.0,0.0,SPY
2023-06-30,102.94000244140625,89.89671325683594,0.0,0.0,TLT
2023-07-03,178.47000122070312,178.47000122070312,0.0,0.0,GLD
2023-07-03,370.2900085449219,363.93536376953125,0.0,0.0,QQQ
2023-07-03,443.7900085449219,427.5466613769531,0.0,0.0,SPY
2023-07-03,102.08000183105469,89.38710021972656,0.278,0.0,TLT
2023-07-05,177.83999633789062,177.83999633789062,0.0,0.0,GLD
2023-07-05,370.2799987792969,363.9255676269531,0.0,0.0,QQQ
2023-07-05,443.1300048828125,426.9108581542969,0.0,0.0,SPY
2023-07-05,101.11000061035156,88.5376968383789,0.0,0.0,TLT
2023-07-06,177.30999755859375,177.30999755859375,0.0,0.0,GLD
2023-07-06,367.4599914550781,361.15399169921875,0.0,0.0,QQQ
2023-07-06,439.6600036621094,423.56781005859375,0.0,0.0,SPY
2023-07-06,99.68000030517578,87.28549194335938,0.0,0.0,TLT
2023-07-07,178.63999938964844,178.63999938964844,0.0,0.0,GLD
2023-07-07,366.239990234375,359.95489501953125,0.0,0.0,QQQ
2023-07-07,438.54998779296875,422.4984436035156,0.0,0.0,SPY
2023-07-07,99.08000183105469,86.7601318359375,0.0,0.0,TLT
2023-07-10,178.77999877929688,178.77999877929688,0.0,0.0,GLD
2023-07-10,366.3599853515625,360.0728454589844,0.0,0.0,QQQ
2023-07-10,439.6600036621094,423.56781005859375,0.0,0.0,SPY
2023-07-10,99.20999908447266,86.87394714355469,0.0,0.0,TLT
2023-07-11,179.4499969482422,179.4499969482422,0.0,0.0,GLD
2023-07-11,368.1700134277344,361.8517761230469,0.0,0.0,QQQ
2023-07-11,442.4599914550781,426.2653503417969,0.0,0.0,SPY
2023-07-11,99.72000122070312,87.32054901123047,0.0,0.0,TLT
2023-07-12,181.8800048828125,181.8800048828125,0.0,0.0,GLD
2023-07-12,372.82000732421875,366.4220275878906,0.0,0.0,QQQ
2023-07-12,446.0199890136719,429.695068359375,0.0,0.0,SPY
2023-07-12,100.83000183105469,88.29251098632812,0.0,0.0,TLT
2023-07-13,182.00999450683594,182.00999450683594,0.0,0.0,GLD
2023-07-13,379.1499938964844,372.6434020996094,0.0,0.0,QQQ
2023-07-13,449.55999755859375,433.10546875,0.0,0.0,SPY
2023-07-13,101.88999938964844,89.22071075439453,0.0,0.0,TLT
2023-07-14,181.42999267578125,181.42999267578125,0.0,0.0,GLD
2023-07-14,379.07000732421875,372.5647277832031,0.0,0.0,QQQ
2023-07-14,449.2799987792969,432.83575439453125,0.0,0.0,SPY
2023-07-14,101.29000091552734,88.6952896118164,0.0,0.0,TLT
2023-07-17,181.55999755859375,181.55999755859375,0.0,0.0,GLD
2023-07-17,382.6099853515625,376.04400634765625,0.0,0.0,QQQ
2023-07-17,450.8399963378906,434.33868408203125,0.0,0.0,SPY
2023-07-17,101.33999633789062,88.73908996582031,0.0,0.0,TLT
2023-07-18,183.63999938964844,183.63999938964844,0.0,0.0,GLD
2023-07-18,385.739990234375,379.1202392578125,0.0,0.0,QQQ
2023-07-18,454.19000244140625,437.5660705566406,0.0,0.0,SPY
2023-07-18,101.80000305175781,89.14189910888672,0.0,0.0,TLT
2023-07-19,183.6699981689453,183.6699981689453,0.0,0.0,GLD
2023-07-19,385.6499938964844,379.03179931640625,0.0,0.0,QQQ
2023-07-19,455.20001220703125,438.5390319824219,0.0,0.0,SPY
2023-07-19,102.94999694824219,90.14891815185547,0.0,0.0,TLT
2023-07-20,182.74000549316406,182.74000549316406,0.0,0.0,GLD
2023-07-20,376.760009765625,370.29437255859375,0.0,0.0,QQQ
2023-07-20,452.17999267578125,435.6295471191406,0.0,0.0,SPY
2023-07-20,101.69999694824219,89.05433654785156,0.0,0.0,TLT
2023-07-21,182.17999267578125,182.17999267578125,0.0,0.0,GLD
2023-07-21,375.6300048828125,369.183837890625,0.0,0.0,QQQ
2023-07-21,452.17999267578125,435.6295471191406,0.0,0.0,SPY
2023-07-21,101.7300033569336,89.0805892944336,0.0,0.0,TLT
2023-07-24,181.39999389648438,181.39999389648438,0.0,0.0,GLD
2023-07-24,376.2300109863281,369.7734680175781,0.0,0.0,QQQ
2023-07-24,454.20001220703125,437.57568359375,0.0,0.0,SPY
2023-07-24,101.36000061035156,88.7566146850586,0.0,0.0,TLT
2023-07-25,182.41000366210938,182.41000366210938,0.0,0.0,GLD
2023-07-25,378.7799987792969,372.27972412109375,0.0,0.0,QQQ
2023-07-25,455.44000244140625,438.7702331542969,0.0,0.0,SPY
2023-07-25,101.16999816894531,88.5902328491211,0.0,0.0,TLT
2023-07-26,183.3000030517578,183.3000030517578,0.0,0.0,GLD
2023-07-26,377.5199890136719,371.0412902832031,0.0,0.0,QQQ
2023-07-26,455.510009765625,438.8376770019531,0.0,0.0,SPY
2023-07-26,101.2699966430664,88.67781829833984,0.0,0.0,TLT
2023-07-27,180.4199981689453,180.4199981689453,0.0,0.0,GLD
2023-07-27,376.6199951171875,370.1567687988281,0.0,0.0,QQQ
2023-07-27,452.489990234375,435.92822265625,0.0,0.0,SPY
2023-07-27,99.30000305175781,86.95277404785156,0.0,0.0,TLT
2023-07-28,181.86000061035156,181.86000061035156,0.0,0.0,GLD
2023-07-28,383.4800109863281,376.8990783691406,0.0,0.0,QQQ
2023-07-28,456.9200134277344,440.1961364746094,0.0,0.0,SPY
2023-07-28,99.80999755859375,87.3993148803711,0.0,0.0,TLT
2023-07-31,182.35000610351562,182.35000610351562,0.0,0.0,GLD
2023-07-31,383.67999267578125,377.0956726074219,0.0,0.0,QQQ
2023-07-31,457.7900085449219,441.0342712402344,0.0,0.0,SPY
2023-07-31,100.05000305175781,87.60950469970703,0.0,0.0,TLT
2023-08-01,180.4600067138672,180.4600067138672,0.0,0.0,GLD
2023-08-01,382.7900085449219,376.22088623046875,0.0,0.0,QQQ
2023-08-01,456.4800109863281,439.77215576171875,0.0,0.0,SPY
2023-08-01,98.13999938964844,86.1738510131836,0.275,0.0,TLT
2023-08-02,179.60000610351562,179.60000610351562,0.0,0.0,GLD
2023-08-02,374.3900146484375,367.96502685546875,0.0,0.0,QQQ
2023-08-02,450.1300048828125,433.6545715332031,0.0,0.0,SPY
2023-08-02,97.08999633789062,85.25187683105469,0.0,0.0,TLT
2023-08-03,179.5399932861328,179.5399932861328,0.0,0.0,GLD
2023-08-03,373.7900085449219,367.3753356933594,0.0,0.0,QQQ
2023-08-03,448.8399963378906,432.4118347167969,0.0,0.0,SPY
2023-08-03,94.8499984741211,83.28500366210938,0.0,0.0,TLT
2023-08-04,180.19000244140625,180.19000244140625,0.0,0.0,GLD
2023-08-04,372.0400085449219,365.6553955078125,0.0,0.0,QQQ
2023-08-04,446.80999755859375,430.45611572265625,0.0,0.0,SPY
2023-08-04,96.52999877929688,84.76016235351562,0.0,0.0,TLT
2023-08-07,179.77999877929688,179.77999877929688,0.0,0.0,GLD
2023-08-07,375.19000244140625,368.75128173828125,0.0,0.0,QQQ
2023-08-07,450.7099914550781,434.21331787109375,0.0,0.0,SPY
2023-08-07,95.58000183105469,83.9260025024414,0.0,0.0,TLT
2023-08-08,178.63999938964844,178.63999938964844,0.0,0.0,GLD
2023-08-08,372.0,365.6160888671875,0.0,0.0,QQQ
2023-08-08,448.75,432.3251037597656,0.0,0.0,SPY
2023-08-08,96.69000244140625,84.90064239501953,0.0,0.0,TLT
2023-08-09,177.7899932861328,177.7899932861328,0.0,0.0,GLD
2023-08-09,367.9100036621094,361.5961608886719,0.0,0.0,QQQ
2023-08-09,445.75,429.4349060058594,0.0,0.0,SPY
2023-08-09,97.19000244140625,85.33966827392578,0.0,0.0,TLT
2023-08-10,177.60000610351562,177.60000610351562,0.0,0.0,GLD
2023-08-10,368.5899963378906,362.26458740234375,0.0,0.0,QQQ
2023-08-10,445.9100036621094,429.58905029296875,0.0,0.0,SPY
2023-08-10,95.58999633789062,83.93477630615234,0.0,0.0,TLT
2023-08-11,177.60000610351562,177.60000610351562,0.0,0.0,GLD
2023-08-11,366.239990234375,359.95489501953125,0.0,0.0,QQQ
2023-08-11,445.6499938964844,429.33856201171875,0.0,0.0,SPY
2023-08-11,95.37000274658203,83.74159240722656,0.0,0.0,TLT
2023-08-14,177.05999755859375,177.05999755859375,0.0,0.0,GLD
2023-08-14,370.3500061035156,363.994384765625,0.0,0.0,QQQ
2023-08-14,448.1099853515625,431.7085266113281,0.0,0.0,SPY
2023-08-14,95.16000366210938,83.55721282958984,0.0,0.0,TLT
2023-08-15,176.58999633789062,176.58999633789062,0.0,0.0,GLD
2023-08-15,366.4200134277344,360.1318664550781,0.0,0.0,QQQ
2023-08-15,442.8900146484375,426.6795959472656,0.0,0.0,SPY
2023-08-15,94.58000183105469,83.04792785644531,0.0,0.0,TLT
2023-08-16,175.57000732421875,175.57000732421875,0.0,0.0,GLD
2023-08-16,362.5400085449219,356.31842041015625,0.0,0.0,QQQ
2023-08-16,439.6400146484375,423.5485534667969,0.0,0.0,SPY
2023-08-16,93.83999633789062,82.39815521240234,0.0,0.0,TLT
2023-08-17,175.3000030517578,175.3000030517578,0.0,0.0,GLD
2023-08-17,358.5799865722656,352.4263610839844,0.0,0.0,QQQ
2023-08-17,436.2900085449219,420.3211975097656,0.0,0.0,SPY
2023-08-17,93.44000244140625,82.04692077636719,0.0,0.0,TLT
2023-08-18,175.3300018310547,175.3300018310547,0.0,0.0,GLD
2023-08-18,358.1300048828125,351.9841003417969,0.0,0.0,QQQ
2023-08-18,436.5,420.52349853515625,0.0,0.0,SPY
2023-08-18,93.7699966430664,82.3366928100586,0.0,0.0,TLT
2023-08-21,175.80999755859375,175.80999755859375,0.0,0.0,GLD
2023-08-21,363.8999938964844,357.6550598144531,0.0,0.0,QQQ
2023-08-21,439.3399963378906,423.259521484375,0.0,0.0,SPY
2023-08-21,92.5199966430664,81.23912048339844,0.0,0.0,TLT
2023-08-22,176.10000610351562,176.10000610351562,0.0,0.0,GLD
2023-08-22,363.3800048828125,357.14404296875,0.0,0.0,QQQ
2023-08-22,438.1499938964844,422.113037109375,0.0,0.0,SPY
2023-08-22,93.2300033569336,81.8625259399414,0.0,0.0,TLT
2023-08-23,177.88999938964844,177.88999938964844,0.0,0.0,GLD
2023-08-23,369.1099853515625,362.7756042480469,0.0,0.0,QQQ
2023-08-23,443.0299987792969,426.8144836425781,0.0,0.0,SPY
2023-08-23,95.54000091552734,83.89086151123047,0.0,0.0,TLT
2023-08-24,177.85000610351562,177.85000610351562,0.0,0.0,GLD
2023-08-24,361.2200012207031,355.0210876464844,0.0,0.0,QQQ
2023-08-24,436.8900146484375,420.89923095703125,0.0,0.0,SPY
2023-08-24,94.91000366210938,83.33769989013672,0.0,0.0,TLT
2023-08-25,177.6199951171875,177.6199951171875,0.0,0.0,GLD
2023-08-25,364.0199890136719,357.77294921875,0.0,0.0,QQQ
2023-08-25,439.9700012207031,423.86651611328125,0.0,0.0,SPY
2023-08-25,95.22000122070312,83.60986328125,0.0,0.0,TLT
2023-08-28,178.1300048828125,178.1300048828125,0.0,0.0,GLD
2023-08-28,366.760009765625,360.4659729003906,0.0,0.0,QQQ
2023-08-28,442.760009765625,426.55438232421875,0.0,0.0,SPY
2023-08-28,95.31999969482422,83.69768524169922,0.0,0.0,TLT
2023-08-29,179.8699951171875,179.8699951171875,0.0,0.0,GLD
2023-08-29,374.7699890136719,368.3385009765625,0.0,0.0,QQQ
2023-08-29,449.1600036621094,432.72015380859375,0.0,0.0,SPY
2023-08-29,96.30999755859375,84.56698608398438,0.0,0.0,TLT
2023-08-30,180.32000732421875,180.32000732421875,0.0,0.0,GLD
2023-08-30,376.8599853515625,370.3926086425781,0.0,0.0,QQQ
2023-08-30,451.010009765625,434.50244140625,0.0,0.0,SPY
2023-08-30,96.20999908447266,84.47917938232422,0.0,0.0,TLT
2023-08-31,180.02000427246094,180.02000427246094,0.0,0.0,GLD
2023-08-31,377.989990234375,371.50323486328125,0.0,0.0,QQQ
2023-08-31,450.3500061035156,433.8665771484375,0.0,0.0,SPY
2023-08-31,96.63999938964844,84.85675811767578,0.0,0.0,TLT
2023-09-01,180.11000061035156,180.11000061035156,0.0,0.0,GLD
2023-09-01,377.5899963378906,371.1101379394531,0.0,0.0,QQQ
2023-09-01,451.19000244140625,434.6758117675781,0.0,0.0,SPY
2023-09-01,94.8499984741211,83.53480529785156,0.289,0.0,TLT
2023-09-05,178.63999938964844,178.63999938964844,0.0,0.0,GLD
2023-09-05,378.07000732421875,371.5818786621094,0.0,0.0,QQQ
2023-09-05,449.239990234375,432.7971496582031,0.0,0.0,SPY
2023-09-05,93.5199966430664,82.36347961425781,0.0,0.0,TLT
2023-09-06,177.8300018310547,177.8300018310547,0.0,0.0,GLD
2023-09-06,374.739990234375,368.30908203125,0.0,0.0,QQQ
2023-09-06,446.2200012207031,429.8876953125,0.0,0.0,SPY
2023-09-06,93.75,82.5660171508789,0.0,0.0,TLT
2023-09-07,178.02000427246094,178.02000427246094,0.0,0.0,GLD
2023-09-07,372.05999755859375,365.6750183105469,0.0,0.0,QQQ
2023-09-07,444.8500061035156,428.56787109375,0.0,0.0,SPY
2023-09-07,94.01000213623047,82.79502868652344,0.0,0.0,TLT
2023-09-08,178.0800018310547,178.0800018310547,0.0,0.0,GLD
2023-09-08,372.5799865722656,366.1861572265625,0.0,0.0,QQQ
2023-09-08,445.5199890136719,429.21331787109375,0.0,0.0,SPY
2023-09-08,94.37000274658203,83.112060546875,0.0,0.0,TLT
2023-09-11,178.41000366210938,178.41000366210938,0.0,0.0,GLD
2023-09-11,376.9700012207031,370.5007629394531,0.0,0.0,QQQ
2023-09-11,448.45001220703125,432.03607177734375,0.0,0.0,SPY
2023-09-11,93.69000244140625,82.51316833496094,0.0,0.0,TLT
2023-09-12,177.49000549316406,177.49000549316406,0.0,0.0,GLD
2023-09-12,372.7900085449219,366.3924865722656,0.0,0.0,QQQ
2023-09-12,445.989990234375,429.6661682128906,0.0,0.0,SPY
2023-09-12,94.2300033569336,82.98876953125,0.0,0.0,TLT
2023-09-13,177.0800018310547,177.0800018310547,0.0,0.0,GLD
2023-09-13,374.2099914550781,367.78814697265625,0.0,0.0,QQQ
2023-09-13,446.510009765625,430.1671142578125,0.0,0.0,SPY
2023-09-13,94.20999908447266,82.97117614746094,0.0,0.0,TLT
2023-09-14,177.1699981689453,177.1699981689453,0.0,0.0,GLD
2023-09-14,377.2699890136719,370.79559326171875,0.0,0.0,QQQ
2023-09-14,450.3599853515625,433.87615966796875,0.0,0.0,SPY
2023-09-14,93.52999877929688,82.37226867675781,0.0,0.0,TLT
2023-09-15,178.33999633789062,178.33999633789062,0.0,0.0,GLD
2023-09-15,370.80999755859375,364.4465026855469,0.0,0.0,QQQ
2023-09-15,443.3699951171875,428.6487121582031,1.583,0.0,SPY
2023-09-15,92.95999908447266,81.87029266357422,0.0,0.0,TLT
2023-09-18,179.38999938964844,179.38999938964844,0.0,0.0,GLD
2023-09-18,370.6600036621094,364.8264465332031,0.536,0.0,QQQ
2023-09-18,443.6300048828125,428.9000549316406,0.0,0.0,SPY
2023-09-18,93.48999786376953,82.3370361328125,0.0,0.0,TLT
2023-09-19,179.22000122070312,179.22000122070312,0.0,0.0,GLD
2023-09-19,369.8699951171875,364.048828125,0.0,0.0,QQQ
2023-09-19,442.7099914550781,428.0105895996094,0.0,0.0,SPY
2023-09-19,92.80000305175781,81.72935485839844,0.0,0.0,TLT
2023-09-20,179.35000610351562,179.35000610351562,0.0,0.0,GLD
2023-09-20,364.5400085449219,358.802734375,0.0,0.0,QQQ
2023-09-20,438.6400146484375,424.0757751464844,0.0,0.0,SPY
2023-09-20,93.08999633789062,81.98475646972656,0.0,0.0,TLT
2023-09-21,178.0500030517578,178.0500030517578,0.0,0.0,GLD
2023-09-21,357.8599853515625,352.2278137207031,0.0,0.0,QQQ
2023-09-21,431.3900146484375,417.0664978027344,0.0,0.0,SPY
2023-09-21,90.69999694824219,79.87987518310547,0.0,0.0,TLT
2023-09-22,178.6199951171875,178.6199951171875,0.0,0.0,GLD
2023-09-22,357.9100036621094,352.277099609375,0.0,0.0,QQQ
2023-09-22,430.4200134277344,416.1286926269531,0.0,0.0,SPY
2023-09-22,91.43000030517578,80.5228042602539,0.0,0.0,TLT
2023-09-25,177.6999969482422,177.6999969482422,0.0,0.0,GLD
2023-09-25,359.6099853515625,353.9502868652344,0.0,0.0,QQQ
2023-09-25,432.2300109863281,417.8786315917969,0.0,0.0,SPY
2023-09-25,89.18000030517578,78.54121398925781,0.0,0.0,TLT
2023-09-26,176.27999877929688,176.27999877929688,0.0,0.0,GLD
2023-09-26,354.2099914550781,348.63531494140625,0.0,0.0,QQQ
2023-09-26,425.8800048828125,411.7394714355469,0.0,0.0,SPY
2023-09-26,88.87000274658203,78.2682113647461,0.0,0.0,TLT
2023-09-27,174.10000610351562,174.10000610351562,0.0,0.0,GLD
2023-09-27,355.0400085449219,349.4522399902344,0.0,0.0,QQQ
2023-09-27,426.04998779296875,411.90374755859375,0.0,0.0,SPY
2023-09-27,88.41000366210938,77.8630599975586,0.0,0.0,TLT
2023-09-28,173.22999572753906,173.22999572753906,0.0,0.0,GLD
2023-09-28,358.010009765625,352.37554931640625,0.0,0.0,QQQ
2023-09-28,428.5199890136719,414.291748046875,0.0,0.0,SPY
2023-09-28,88.68000030517578,78.10086822509766,0.0,0.0,TLT
2023-09-29,171.4499969482422,171.4499969482422,0.0,0.0,GLD
2023-09-29,358.2699890136719,352.6313781738281,0.0,0.0,QQQ
2023-09-29,427.4800109863281,413.2862548828125,0.0,0.0,SPY
2023-09-29,88.69000244140625,78.10966491699219,0.0,0.0,TLT
2023-10-02,169.64999389648438,169.64999389648438,0.0,0.0,GLD
2023-10-02,361.260009765625,355.5743713378906,0.0,0.0,QQQ
2023-10-02,427.30999755859375,413.1219482421875,0.0,0.0,SPY
2023-10-02,86.93000030517578,76.80211639404297,0.28,0.0,TLT
2023-10-03,169.16000366210938,169.16000366210938,0.0,0.0,GLD
2023-10-03,354.9200134277344,349.33416748046875,0.0,0.0,QQQ
2023-10-03,421.5899963378906,407.5918884277344,0.0,0.0,SPY
2023-10-03,85.05999755859375,75.14994812011719,0.0,0.0,TLT
2023-10-04,169.13999938964844,169.13999938964844,0.0,0.0,GLD
2023-10-04,359.75,354.08807373046875,0.0,0.0,QQQ
2023-10-04,424.6600036621094,410.5599670410156,0.0,0.0,SPY
2023-10-04,86.26000213623047,76.2101821899414,0.0,0.0,TLT
2023-10-05,168.8300018310547,168.8300018310547,0.0,0.0,GLD
2023-10-05,358.69000244140625,353.0448303222656,0.0,0.0,QQQ
2023-10-05,424.5,410.4052429199219,0.0,0.0,SPY
2023-10-05,85.83000183105469,75.83027648925781,0.0,0.0,TLT
2023-10-06,169.6999969482422,169.6999969482422,0.0,0.0,GLD
2023-10-06,364.70001220703125,358.9601745605469,0.0,0.0,QQQ
2023-10-06,429.5400085449219,415.2779235839844,0.0,0.0,SPY
2023-10-06,84.79000091552734,74.91142272949219,0.0,0.0,TLT
2023-10-09,172.82000732421875,172.82000732421875,0.0,0.0,GLD
2023-10-09,366.55999755859375,360.7908935546875,0.0,0.0,QQQ
2023-10-09,432.2900085449219,417.9365539550781,0.0,0.0,SPY
2023-10-09,86.77999877929688,76.66958618164062,0.0,0.0,TLT
2023-10-10,172.52999877929688,172.52999877929688,0.0,0.0,GLD
2023-10-10,368.5899963378906,362.7889404296875,0.0,0.0,QQQ
2023-10-10,434.5400085449219,420.1119079589844,0.0,0.0,SPY
2023-10-10,86.66000366210938,76.56356048583984,0.0,0.0,TLT
2023-10-11,173.7899932861328,173.7899932861328,0.0,0.0,GLD
2023-10-11,371.2200012207031,365.3775939941406,0.0,0.0,QQQ
2023-10-11,436.32000732421875,421.8327941894531,0.0,0.0,SPY
2023-10-11,88.47000122070312,78.16268157958984,0.0,0.0,TLT
2023-10-12,173.25999450683594,173.25999450683594,0.0,0.0,GLD
2023-10-12,369.92999267578125,364.10784912109375,0.0,0.0,QQQ
2023-10-12,433.6600036621094,419.2611083984375,0.0,0.0,SPY
2023-10-12,86.06999969482422,76.04230499267578,0.0,0.0,TLT
2023-10-13,178.8300018310547,178.8300018310547,0.0,0.0,GLD
2023-10-13,365.2799987792969,359.531005859375,0.0,0.0,QQQ
2023-10-13,431.5,417.1728515625,0.0,0.0,SPY
2023-10-13,87.61000061035156,77.40287017822266,0.0,0.0,TLT
2023-10-16,177.9600067138672,177.9600067138672,0.0,0.0,GLD
2023-10-16,369.4100036621094,363.5960388183594,0.0,0.0,QQQ
2023-10-16,436.0400085449219,421.5621337890625,0.0,0.0,SPY
2023-10-16,86.19999694824219,76.15714263916016,0.0,0.0,TLT
2023-10-17,178.2899932861328,178.2899932861328,0.0,0.0,GLD
2023-10-17,368.20001220703125,362.4051208496094,0.0,0.0,QQQ
2023-10-17,436.0199890136719,421.542724609375,0.0,0.0,SPY
2023-10-17,85.25,75.31781768798828,0.0,0.0,TLT
2023-10-18,180.8699951171875,180.8699951171875,0.0,0.0,GLD
2023-10-18,363.3699951171875,357.65106201171875,0.0,0.0,QQQ
2023-10-18,430.2099914550781,415.9256286621094,0.0,0.0,SPY
2023-10-18,84.5,74.65522766113281,0.0,0.0,TLT
2023-10-19,183.08999633789062,183.08999633789062,0.0,0.0,GLD
2023-10-19,359.9700012207031,354.3045959472656,0.0,0.0,QQQ
2023-10-19,426.42999267578125,412.27117919921875,0.0,0.0,SPY
2023-10-19,82.7699966430664,73.12675476074219,0.0,0.0,TLT
2023-10-20,183.58999633789062,183.58999633789062,0.0,0.0,GLD
2023-10-20,354.6000061035156,349.01910400390625,0.0,0.0,QQQ
2023-10-20,421.19000244140625,407.2051696777344,0.0,0.0,SPY
2023-10-20,83.23999786376953,73.54199981689453,0.0,0.0,TLT
2023-10-23,182.97000122070312,182.97000122070312,0.0,0.0,GLD
2023-10-23,355.6700134277344,350.0723571777344,0.0,0.0,QQQ
2023-10-23,420.4599914550781,406.4993896484375,0.0,0.0,SPY
2023-10-23,84.23999786376953,74.42552185058594,0.0,0.0,TLT
2023-10-24,182.9499969482422,182.9499969482422,0.0,0.0,GLD
2023-10-24,359.1300048828125,353.4778747558594,0.0,0.0,QQQ
2023-10-24,423.6300048828125,409.5641784667969,0.0,0.0,SPY
2023-10-24,85.3499984741211,75.40617370605469,0.0,0.0,TLT
2023-10-25,183.72000122070312,183.72000122070312,0.0,0.0,GLD
2023-10-25,350.3399963378906,344.8262023925781,0.0,0.0,QQQ
2023-10-25,417.54998779296875,403.68603515625,0.0,0.0,SPY
2023-10-25,83.44999694824219,73.72755432128906,0.0,0.0,TLT
2023-10-26,184.00999450683594,184.00999450683594,0.0,0.0,GLD
2023-10-26,343.6600036621094,338.2513427734375,0.0,0.0,QQQ
2023-10-26,412.54998779296875,398.8520202636719,0.0,0.0,SPY
2023-10-26,84.7300033569336,74.85842895507812,0.0,0.0,TLT
2023-10-27,186.14999389648438,186.14999389648438,0.0,0.0,GLD
2023-10-27,345.30999755859375,339.8753356933594,0.0,0.0,QQQ
2023-10-27,410.67999267578125,397.0440673828125,0.0,0.0,SPY
2023-10-27,84.37000274658203,74.54035949707031,0.0,0.0,TLT
2023-10-30,185.10000610351562,185.10000610351562,0.0,0.0,GLD
2023-10-30,349.20001220703125,343.7041320800781,0.0,0.0,QQQ
2023-10-30,415.5899963378906,401.7910461425781,0.0,0.0,SPY
2023-10-30,83.98999786376953,74.20463562011719,0.0,0.0,TLT
2023-10-31,184.08999633789062,184.08999633789062,0.0,0.0,GLD
2023-10-31,350.8699951171875,345.3478698730469,0.0,0.0,QQQ
2023-10-31,418.20001220703125,404.314453125,0.0,0.0,SPY
2023-10-31,83.58000183105469,73.84241485595703,0.0,0.0,TLT
2023-11-01,183.50999450683594,183.50999450683594,0.0,0.0,GLD
2023-11-01,356.9599914550781,351.34197998046875,0.0,0.0,QQQ
2023-11-01,422.6600036621094,408.6263427734375,0.0,0.0,SPY
2023-11-01,85.0999984741211,75.4434585571289,0.286,0.0,TLT
2023-11-02,184.1199951171875,184.1199951171875,0.0,0.0,GLD
2023-11-02,363.44000244140625,357.72003173828125,0.0,0.0,QQQ
2023-11-02,430.760009765625,416.4574279785156,0.0,0.0,SPY
2023-11-02,87.04000091552734,77.163330078125,0.0,0.0,TLT
2023-11-03,184.7899932861328,184.7899932861328,0.0,0.0,GLD
2023-11-03,367.7099914550781,361.9228210449219,0.0,0.0,QQQ
2023-11-03,434.69000244140625,420.2569580078125,0.0,0.0,SPY
2023-11-03,87.62999725341797,77.68637084960938,0.0,0.0,TLT
2023-11-06,183.35000610351562,183.35000610351562,0.0,0.0,GLD
2023-11-06,369.2099914550781,363.3992614746094,0.0,0.0,QQQ
2023-11-06,435.69000244140625,421.2237548828125,0.0,0.0,SPY
2023-11-06,86.77999877929688,76.93284606933594,0.0,0.0,TLT
2023-11-07,182.58999633789062,182.58999633789062,0.0,0.0,GLD
2023-11-07,372.70001220703125,366.8342590332031,0.0,0.0,QQQ
2023-11-07,436.92999267578125,422.4225158691406,0.0,0.0,SPY
2023-11-07,88.05999755859375,78.06758880615234,0.0,0.0,TLT
2023-11-08,180.77000427246094,180.77000427246094,0.0,0.0,GLD
2023-11-08,372.94000244140625,367.0705261230469,0.0,0.0,QQQ
2023-11-08,437.25,422.73193359375,0.0,0.0,SPY
2023-11-08,89.55999755859375,79.39737701416016,0.0,0.0,TLT
2023-11-09,181.49000549316406,181.49000549316406,0.0,0.0,GLD
2023-11-09,370.07000732421875,364.2457275390625,0.0,0.0,QQQ
2023-11-09,433.8399963378906,419.43511962890625,0.0,0.0,SPY
2023-11-09,87.5,77.57112884521484,0.0,0.0,TLT
2023-11-10,179.50999450683594,179.50999450683594,0.0,0.0,GLD
2023-11-10,378.3900146484375,372.434814453125,0.0,0.0,QQQ
2023-11-10,440.6099853515625,425.9803161621094,0.0,0.0,SPY
2023-11-10,87.98999786376953,78.00550079345703,0.0,0.0,TLT
2023-11-13,180.50999450683594,180.50999450683594,0.0,0.0,GLD
2023-11-13,377.2099914550781,371.27325439453125,0.0,0.0,QQQ
2023-11-13,440.19000244140625,425.5743103027344,0.0,0.0,SPY
2023-11-13,87.79000091552734,77.8282470703125,0.0,0.0,TLT
2023-11-14,182.1199951171875,182.1199951171875,0.0,0.0,GLD
2023-11-14,385.3299865722656,379.2654724121094,0.0,0.0,QQQ
2023-11-14,448.7300109863281,433.8307800292969,0.0,0.0,SPY
2023-11-14,89.77999877929688,79.5923843383789,0.0,0.0,TLT
2023-11-15,181.63999938964844,181.63999938964844,0.0,0.0,GLD
2023-11-15,385.6199951171875,379.5508728027344,0.0,0.0,QQQ
2023-11-15,449.67999267578125,434.7491455078125,0.0,0.0,SPY
2023-11-15,88.5199966430664,78.47537994384766,0.0,0.0,TLT
2023-11-16,183.69000244140625,183.69000244140625,0.0,0.0,GLD
2023-11-16,385.95001220703125,379.87579345703125,0.0,0.0,QQQ
2023-11-16,450.2300109863281,435.28094482421875,0.0,0.0,SPY
2023-11-16,89.62000274658203,79.4505844116211,0.0,0.0,TLT
2023-11-17,183.6699981689453,183.6699981689453,0.0,0.0,GLD
2023-11-17,386.0400085449219,379.96435546875,0.0,0.0,QQQ
2023-11-17,450.7900085449219,435.8223876953125,0.0,0.0,SPY
2023-11-17,90.04000091552734,79.8228988647461,0.0,0.0,TLT
2023-11-20,183.3699951171875,183.3699951171875,0.0,0.0,GLD
2023-11-20,390.739990234375,384.59039306640625,0.0,0.0,QQQ
2023-11-20,454.260009765625,439.1770935058594,0.0,0.0,SPY
2023-11-20,90.58999633789062,80.31049346923828,0.0,0.0,TLT
2023-11-21,185.35000610351562,185.35000610351562,0.0,0.0,GLD
2023-11-21,388.4700012207031,382.3560791015625,0.0,0.0,QQQ
2023-11-21,453.2699890136719,438.2200012207031,0.0,0.0,SPY
2023-11-21,90.55000305175781,80.2750244140625,0.0,0.0,TLT
2023-11-22,184.55999755859375,184.55999755859375,0.0,0.0,GLD
2023-11-22,390.05999755859375,383.9210510253906,0.0,0.0,QQQ
2023-11-22,455.0199890136719,439.9118347167969,0.0,0.0,SPY
2023-11-22,90.87000274658203,80.55872344970703,0.0,0.0,TLT
2023-11-24,185.52000427246094,185.52000427246094,0.0,0.0,GLD
2023-11-24,389.510009765625,383.37969970703125,0.0,0.0,QQQ
2023-11-24,455.29998779296875,440.18255615234375,0.0,0.0,SPY
2023-11-24,89.80000305175781,79.61015319824219,0.0,0.0,TLT
2023-11-27,186.77000427246094,186.77000427246094,0.0,0.0,GLD
2023-11-27,389.1700134277344,383.0450134277344,0.0,0.0,QQQ
2023-11-27,454.4800109863281,439.3897705078125,0.0,0.0,SPY
2023-11-27,91.30000305175781,80.93994903564453,0.0,0.0,TLT
2023-11-28,189.25999450683594,189.25999450683594,0.0,0.0,GLD
2023-11-28,390.19000244140625,384.04901123046875,0.0,0.0,QQQ
2023-11-28,454.92999267578125,439.8248596191406,0.0,0.0,SPY
2023-11-28,91.4800033569336,81.09949493408203,0.0,0.0,TLT
2023-11-29,189.5399932861328,189.5399932861328,0.0,0.0,GLD
2023-11-29,389.80999755859375,383.67498779296875,0.0,0.0,QQQ
2023-11-29,454.6099853515625,439.5155029296875,0.0,0.0,SPY
2023-11-29,92.62999725341797,82.1190185546875,0.0,0.0,TLT
2023-11-30,188.75,188.75,0.0,0.0,GLD
2023-11-30,388.8299865722656,382.71044921875,0.0,0.0,QQQ
2023-11-30,456.3999938964844,441.2460632324219,0.0,0.0,SPY
2023-11-30,91.55999755859375,81.17041015625,0.0,0.0,TLT
2023-12-01,192.00999450683594,192.00999450683594,0.0,0.0,GLD
2023-12-01,389.94000244140625,383.8030090332031,0.0,0.0,QQQ
2023-12-01,459.1000061035156,443.8564453125,0.0,0.0,SPY
2023-12-01,92.98999786376953,82.69917297363281,0.289,0.0,TLT
2023-12-04,187.86000061035156,187.86000061035156,0.0,0.0,GLD
2023-12-04,386.32000732421875,380.2399597167969,0.0,0.0,QQQ
2023-12-04,456.69000244140625,441.5264587402344,0.0,0.0,SPY
2023-12-04,92.62000274658203,82.37014770507812,0.0,0.0,TLT
2023-12-05,187.14999389648438,187.14999389648438,0.0,0.0,GLD
2023-12-05,387.2900085449219,381.1946716308594,0.0,0.0,QQQ
2023-12-05,456.6000061035156,441.439453125,0.0,0.0,SPY
2023-12-05,94.61000061035156,84.13990020751953,0.0,0.0,TLT
2023-12-06,187.83999633789062,187.83999633789062,0.0,0.0,GLD
2023-12-06,385.04998779296875,378.98992919921875,0.0,0.0,QQQ
2023-12-06,454.760009765625,439.6605224609375,0.0,0.0,SPY
2023-12-06,95.87000274658203,85.26046752929688,0.0,0.0,TLT
2023-12-07,188.14999389648438,188.14999389648438,0.0,0.0,GLD
2023-12-07,390.42999267578125,384.28521728515625,0.0,0.0,QQQ
2023-12-07,458.2300109863281,443.0153503417969,0.0,0.0,SPY
2023-12-07,95.31999969482422,84.7713394165039,0.0,0.0,TLT
2023-12-08,185.63999938964844,185.63999938964844,0.0,0.0,GLD
2023-12-08,392.1700134277344,385.99786376953125,0.0,0.0,QQQ
2023-12-08,460.20001220703125,444.9198913574219,0.0,0.0,SPY
2023-12-08,94.54000091552734,84.07768249511719,0.0,0.0,TLT
2023-12-11,183.58999633789062,183.58999633789062,0.0,0.0,GLD
2023-12-11,395.5199890136719,389.2951965332031,0.0,0.0,QQQ
2023-12-11,461.989990234375,446.6504821777344,0.0,0.0,SPY
2023-12-11,94.33999633789062,83.8998031616211,0.0,0.0,TLT
2023-12-12,183.49000549316406,183.49000549316406,0.0,0.0,GLD
2023-12-12,398.6700134277344,392.3955383300781,0.0,0.0,QQQ
2023-12-12,464.1000061035156,448.6904602050781,0.0,0.0,SPY
2023-12-12,94.62000274658203,84.14881134033203,0.0,0.0,TLT
2023-12-13,187.6300048828125,187.6300048828125,0.0,0.0,GLD
2023-12-13,403.739990234375,397.38580322265625,0.0,0.0,QQQ
2023-12-13,470.5,454.8778991699219,0.0,0.0,SPY
2023-12-13,96.83999633789062,86.12313079833984,0.0,0.0,TLT
2023-12-14,188.72999572753906,188.72999572753906,0.0,0.0,GLD
2023-12-14,403.3900146484375,397.041259765625,0.0,0.0,QQQ
2023-12-14,472.010009765625,456.3377380371094,0.0,0.0,SPY
2023-12-14,99.04000091552734,88.36346435546875,0.311,0.0,TLT
2023-12-15,187.0,187.0,0.0,0.0,GLD
2023-12-15,405.3399963378906,398.9606018066406,0.0,0.0,QQQ
2023-12-15,469.3299865722656,455.58642578125,1.906,0.0,SPY
2023-12-15,99.1500015258789,88.46160888671875,0.0,0.0,TLT
2023-12-18,187.85000610351562,187.85000610351562,0.0,0.0,GLD
2023-12-18,407.0799865722656,401.4734802246094,0.808,0.0,QQQ
2023-12-18,471.9700012207031,458.1491394042969,0.0,0.0,SPY
2023-12-18,98.36000061035156,87.75675964355469,0.0,0.0,TLT
2023-12-19,189.1300048828125,189.1300048828125,0.0,0.0,GLD
2023-12-19,409.1600036621094,403.52484130859375,0.0,0.0,QQQ
2023-12-19,474.8399963378906,460.93505859375,0.0,0.0,SPY
2023-12-19,98.88999938964844,88.2296142578125,0.0,0.0,TLT
2023-12-20,188.10000610351562,188.10000610351562,0.0,0.0,GLD
2023-12-20,403.0799865722656,397.5285949707031,0.0,0.0,QQQ
2023-12-20,468.260009765625,454.54779052734375,0.0,0.0,SPY
2023-12-20,99.55999755859375,88.8273696899414,0.0,0.0,TLT
2023-12-21,189.42999267578125,189.42999267578125,0.0,0.0,GLD
2023-12-21,407.7699890136719,402.1540222167969,0.0,0.0,QQQ
2023-12-21,472.70001220703125,458.8577575683594,0.0,0.0,SPY
2023-12-21,98.93000030517578,88.26531219482422,0.0,0.0,TLT
2023-12-22,190.27000427246094,190.27000427246094,0.0,0.0,GLD
2023-12-22,408.3800048828125,402.7555847167969,0.0,0.0,QQQ
2023-12-22,473.6499938964844,459.7799377441406,0.0,0.0,SPY
2023-12-22,98.4800033569336,87.86380004882812,0.0,0.0,TLT
2023-12-26,191.72000122070312,191.72000122070312,0.0,0.0,GLD
2023-12-26,410.8800048828125,405.2211608886719,0.0,0.0,QQQ
2023-12-26,475.6499938964844,461.7213439941406,0.0,0.0,SPY
2023-12-26,98.76000213623047,88.11363983154297,0.0,0.0,TLT
2023-12-27,192.58999633789062,192.58999633789062,0.0,0.0,GLD
2023-12-27,411.5,406.046142578125,0.216,0.0,QQQ
2023-12-27,476.510009765625,462.55621337890625,0.0,0.0,SPY
2023-12-27,100.51000213623047,89.67498016357422,0.0,0.0,TLT
2023-12-28,191.47000122070312,191.47000122070312,0.0,0.0,GLD
2023-12-28,411.29998779296875,405.84869384765625,0.0,0.0,QQQ
2023-12-28,476.69000244140625,462.73089599609375,0.0,0.0,SPY
2023-12-28,99.77999877929688,89.0236587524414,0.0,0.0,TLT
2023-12-29,191.1699981689453,191.1699981689453,0.0,0.0,GLD
2023-12-29,409.5199890136719,404.09234619140625,0.0,0.0,QQQ
2023-12-29,475.30999755859375,461.39129638671875,0.0,0.0,SPY
2023-12-29,98.87999725341797,88.2206802368164,0.0,0.0,TLT
2024-01-02,190.72000122070312,190.72000122070312,0.0,0.0,GLD
2024-01-02,402.5899963378906,397.2541809082031,0.0,0.0,QQQ
2024-01-02,472.6499938964844,458.8092041015625,0.0,0.0,SPY
2024-01-02,98.30999755859375,87.71215057373047,0.0,0.0,TLT
2024-01-03,189.1300048828125,189.1300048828125,0.0,0.0,GLD
2024-01-03,398.3299865722656,393.0506591796875,0.0,0.0,QQQ
2024-01-03,468.7900085449219,455.0622253417969,0.0,0.0,SPY
2024-01-03,98.72000122070312,88.07794952392578,0.0,0.0,TLT
2024-01-04,189.32000732421875,189.32000732421875,0.0,0.0,GLD
2024-01-04,396.2799987792969,391.0278015136719,0.0,0.0,QQQ
2024-01-04,467.2799987792969,453.5964660644531,0.0,0.0,SPY
2024-01-04,97.22000122070312,86.7396469116211,0.0,0.0,TLT
2024-01-05,189.35000610351562,189.35000610351562,0.0,0.0,GLD
2024-01-05,396.75,391.4916076660156,0.0,0.0,QQQ
2024-01-05,467.9200134277344,454.2177429199219,0.0,0.0,SPY
2024-01-05,96.29000091552734,85.9098892211914,0.0,0.0,TLT
2024-01-08,187.8699951171875,187.8699951171875,0.0,0.0,GLD
2024-01-08,404.95001220703125,399.5829162597656,0.0,0.0,QQQ
2024-01-08,474.6000061035156,460.7021789550781,0.0,0.0,SPY
2024-01-08,97.23999786376953,86.75750732421875,0.0,0.0,TLT
2024-01-09,187.92999267578125,187.92999267578125,0.0,0.0,GLD
2024-01-09,405.75,400.372314453125,0.0,0.0,QQQ
2024-01-09,473.8800048828125,460.003173828125,0.0,0.0,SPY
2024-01-09,96.62000274658203,86.2043228149414,0.0,0.0,TLT
2024-01-10,187.5,187.5,0.0,0.0,GLD
2024-01-10,408.5,403.0857849121094,0.0,0.0,QQQ
2024-01-10,476.55999755859375,462.6047058105469,0.0,0.0,SPY
2024-01-10,96.16999816894531,85.80281829833984,0.0,0.0,TLT
2024-01-11,187.8699951171875,187.8699951171875,0.0,0.0,GLD
2024-01-11,409.3500061035156,403.92462158203125,0.0,0.0,QQQ
2024-01-11,476.3500061035156,462.40087890625,0.0,0.0,SPY
2024-01-11,96.70999908447266,86.28463745117188,0.0,0.0,TLT
2024-01-12,189.7100067138672,189.7100067138672,0.0,0.0,GLD
2024-01-12,409.55999755859375,404.13177490234375,0.0,0.0,QQQ
2024-01-12,476.67999267578125,462.72119140625,0.0,0.0,SPY
2024-01-12,96.5199966430664,86.11510467529297,0.0,0.0,TLT
2024-01-16,187.91000366210938,187.91000366210938,0.0,0.0,GLD
2024-01-16,409.5199890136719,404.09234619140625,0.0,0.0,QQQ
2024-01-16,474.92999267578125,461.0224304199219,0.0,0.0,SPY
2024-01-16,94.81999969482422,84.5983657836914,0.0,0.0,TLT
2024-01-17,185.83999633789062,185.83999633789062,0.0,0.0,GLD
2024-01-17,407.2099914550781,401.8129577636719,0.0,0.0,QQQ
2024-01-17,472.2900085449219,458.4597473144531,0.0,0.0,SPY
2024-01-17,94.66999816894531,84.46451568603516,0.0,0.0,TLT
2024-01-18,187.3699951171875,187.3699951171875,0.0,0.0,GLD
2024-01-18,412.989990234375,407.5163269042969,0.0,0.0,QQQ
2024-01-18,476.489990234375,462.53680419921875,0.0,0.0,SPY
2024-01-18,93.79000091552734,83.6794204711914,0.0,0.0,TLT
2024-01-19,187.92999267578125,187.92999267578125,0.0,0.0,GLD
2024-01-19,421.17999267578125,415.5977783203125,0.0,0.0,QQQ
2024-01-19,482.42999267578125,468.30279541015625,0.0,0.0,SPY
2024-01-19,94.08999633789062,83.9470443725586,0.0,0.0,TLT
2024-01-22,187.22000122070312,187.22000122070312,0.0,0.0,GLD
2024-01-22,421.7300109863281,416.1405334472656,0.0,0.0,QQQ
2024-01-22,483.45001220703125,469.2929382324219,0.0,0.0,SPY
2024-01-22,94.6500015258789,84.44669342041016,0.0,0.0,TLT
2024-01-23,187.9499969482422,187.9499969482422,0.0,0.0,GLD
2024-01-23,423.4800109863281,417.8673095703125,0.0,0.0,QQQ
2024-01-23,484.8599853515625,470.66168212890625,0.0,0.0,SPY
2024-01-23,93.9000015258789,83.77754974365234,0.0,0.0,TLT
2024-01-24,186.39999389648438,186.39999389648438,0.0,0.0,GLD
2024-01-24,425.8299865722656,420.1861572265625,0.0,0.0,QQQ
2024-01-24,485.3900146484375,471.1761779785156,0.0,0.0,SPY
2024-01-24,93.3499984741211,83.28682708740234,0.0,0.0,TLT
2024-01-25,187.13999938964844,187.13999938964844,0.0,0.0,GLD
2024-01-25,426.3500061035156,420.6993408203125,0.0,0.0,QQQ
2024-01-25,488.0299987792969,473.7388000488281,0.0,0.0,SPY
2024-01-25,93.95999908447266,83.83106994628906,0.0,0.0,TLT
2024-01-26,187.00999450683594,187.00999450683594,0.0,0.0,GLD
2024-01-26,423.80999755859375,418.19293212890625,0.0,0.0,QQQ
2024-01-26,487.4100036621094,473.1369934082031,0.0,0.0,SPY
2024-01-26,93.77999877929688,83.67050170898438,0.0,0.0,TLT
2024-01-29,188.3300018310547,188.3300018310547,0.0,0.0,GLD
2024-01-29,428.1499938964844,422.4753723144531,0.0,0.0,QQQ
2024-01-29,491.2699890136719,476.8839416503906,0.0,0.0,SPY
2024-01-29,94.86000061035156,84.63406372070312,0.0,0.0,TLT
2024-01-30,188.58999633789062,188.58999633789062,0.0,0.0,GLD
2024-01-30,425.29998779296875,419.6631774902344,0.0,0.0,QQQ
2024-01-30,490.8900146484375,476.5151062011719,0.0,0.0,SPY
2024-01-30,95.72000122070312,85.40135192871094,0.0,0.0,TLT
2024-01-31,188.4499969482422,188.4499969482422,0.0,0.0,GLD
2024-01-31,416.9700012207031,411.4436340332031,0.0,0.0,QQQ
2024-01-31,482.8800048828125,468.7396240234375,0.0,0.0,SPY
2024-01-31,96.66000366210938,86.2400131225586,0.0,0.0,TLT
2024-02-01,190.41000366210938,190.41000366210938,0.0,0.0,GLD
2024-02-01,421.8800048828125,416.2884826660156,0.0,0.0,QQQ
2024-02-01,489.20001220703125,474.87457275390625,0.0,0.0,SPY
2024-02-01,98.23999786376953,87.93170166015625,0.31,0.0,TLT
2024-02-02,188.61000061035156,188.61000061035156,0.0,0.0,GLD
2024-02-02,429.010009765625,423.3240661621094,0.0,0.0,QQQ
2024-02-02,494.3500061035156,479.8738098144531,0.0,0.0,SPY
2024-02-02,96.06999969482422,85.98939514160156,0.0,0.0,TLT
2024-02-05,187.57000732421875,187.57000732421875,0.0,0.0,GLD
2024-02-05,428.45001220703125,422.7715148925781,0.0,0.0,QQQ
2024-02-05,492.54998779296875,478.1264343261719,0.0,0.0,SPY
2024-02-05,94.12999725341797,84.2529296875,0.0,0.0,TLT
2024-02-06,188.5500030517578,188.5500030517578,0.0,0.0,GLD
2024-02-06,427.5899963378906,421.9228820800781,0.0,0.0,QQQ
2024-02-06,493.9800109863281,479.51458740234375,0.0,0.0,SPY
2024-02-06,95.05000305175781,85.07642364501953,0.0,0.0,TLT
2024-02-07,188.5,188.5,0.0,0.0,GLD
2024-02-07,431.989990234375,426.2645263671875,0.0,0.0,QQQ
2024-02-07,498.1000061035156,483.513916015625,0.0,0.0,SPY
2024-02-07,94.58999633789062,84.6646957397461,0.0,0.0,TLT
2024-02-08,188.3300018310547,188.3300018310547,0.0,0.0,GLD
2024-02-08,432.7900085449219,427.0539855957031,0.0,0.0,QQQ
2024-02-08,498.32000732421875,483.7275390625,0.0,0.0,SPY
2024-02-08,94.04000091552734,84.1723861694336,0.0,0.0,TLT
2024-02-09,187.60000610351562,187.60000610351562,0.0,0.0,GLD
2024-02-09,437.04998779296875,431.2574462890625,0.0,0.0,QQQ
2024-02-09,501.20001220703125,486.523193359375,0.0,0.0,SPY
2024-02-09,93.8499984741211,84.00233459472656,0.0,0.0,TLT
2024-02-12,187.11000061035156,187.11000061035156,0.0,0.0,GLD
2024-02-12,435.3399963378906,429.570068359375,0.0,0.0,QQQ
2024-02-12,500.9800109863281,486.30963134765625,0.0,0.0,SPY
2024-02-12,93.95999908447266,84.10079193115234,0.0,0.0,TLT
2024-02-13,184.52999877929688,184.52999877929688,0.0,0.0,GLD
2024-02-13,428.54998779296875,422.87017822265625,0.0,0.0,QQQ
2024-02-13,494.0799865722656,479.6117248535156,0.0,0.0,SPY
2024-02-13,92.3499984741211,82.65972900390625,0.0,0.0,TLT
2024-02-14,184.4199981689453,184.4199981689453,0.0,0.0,GLD
2024-02-14,433.2200012207031,427.4782409667969,0.0,0.0,QQQ
2024-02-14,498.57000732421875,483.9701843261719,0.0,0.0,SPY
2024-02-14,92.81999969482422,83.0804214477539,0.0,0.0,TLT
2024-02-15,185.66000366210938,185.66000366210938,0.0,0.0,GLD
2024-02-15,434.510009765625,428.75115966796875,0.0,0.0,QQQ
2024-02-15,502.010009765625,487.3094482421875,0.0,0.0,SPY
2024-02-15,93.30000305175781,83.51007843017578,0.0,0.0,TLT
2024-02-16,186.33999633789062,186.33999633789062,0.0,0.0,GLD
2024-02-16,430.57000732421875,424.8633728027344,0.0,0.0,QQQ
2024-02-16,499.510009765625,484.8826904296875,0.0,0.0,SPY
2024-02-16,92.76000213623047,83.02674102783203,0.0,0.0,TLT
2024-02-20,187.47000122070312,187.47000122070312,0.0,0.0,GLD
2024-02-20,427.32000732421875,421.65643310546875,0.0,0.0,QQQ
2024-02-20,496.760009765625,482.2132263183594,0.0,0.0,SPY
2024-02-20,92.83999633789062,83.09832763671875,0.0,0.0,TLT
2024-02-21,187.47999572753906,187.47999572753906,0.0,0.0,GLD
2024-02-21,425.6099853515625,419.9690856933594,0.0,0.0,QQQ
2024-02-21,497.2099914550781,482.64996337890625,0.0,0.0,SPY
2024-02-21,92.18000030517578,82.5075912475586,0.0,0.0,TLT
2024-02-22,187.55999755859375,187.55999755859375,0.0,0.0,GLD
2024-02-22,438.07000732421875,432.2640075683594,0.0,0.0,QQQ
2024-02-22,507.5,492.638671875,0.0,0.0,SPY
2024-02-22,92.62999725341797,82.91036224365234,0.0,0.0,TLT
2024-02-23,188.6199951171875,188.6199951171875,0.0,0.0,GLD
2024-02-23,436.7799987792969,430.9909973144531,0.0,0.0,QQQ
2024-02-23,507.8500061035156,492.97845458984375,0.0,0.0,SPY
2024-02-23,93.87000274658203,84.02023315429688,0.0,0.0,TLT
2024-02-26,188.1999969482422,188.1999969482422,0.0,0.0,GLD
2024-02-26,436.54998779296875,430.76409912109375,0.0,0.0,QQQ
2024-02-26,505.989990234375,491.17291259765625,0.0,0.0,SPY
2024-02-26,93.58999633789062,83.76961517333984,0.0,0.0,TLT
2024-02-27,188.0,188.0,0.0,0.0,GLD
2024-02-27,437.6000061035156,431.8002014160156,0.0,0.0,QQQ
2024-02-27,506.92999267578125,492.08538818359375,0.0,0.0,SPY
2024-02-27,92.93000030517578,83.17887115478516,0.0,0.0,TLT
2024-02-28,188.33999633789062,188.33999633789062,0.0,0.0,GLD
2024-02-28,435.2699890136719,429.50103759765625,0.0,0.0,QQQ
2024-02-28,506.260009765625,491.43499755859375,0.0,0.0,SPY
2024-02-28,93.5199966430664,83.70697021484375,0.0,0.0,TLT
2024-02-29,189.30999755859375,189.30999755859375,0.0,0.0,GLD
2024-02-29,439.0,433.1816711425781,0.0,0.0,QQQ
2024-02-29,508.0799865722656,493.2016906738281,0.0,0.0,SPY
2024-02-29,94.18000030517578,84.29771423339844,0.0,0.0,TLT
2024-03-01,192.88999938964844,192.88999938964844,0.0,0.0,GLD
2024-03-01,445.6099853515625,439.7039794921875,0.0,0.0,QQQ
2024-03-01,512.8499755859375,497.83197021484375,0.0,0.0,SPY
2024-03-01,94.47000122070312,84.8229751586914,0.295,0.0,TLT
2024-03-04,196.00999450683594,196.00999450683594,0.0,0.0,GLD
2024-03-04,444.0199890136719,438.13507080078125,0.0,0.0,QQQ
2024-03-04,512.2999877929688,497.298095703125,0.0,0.0,SPY
2024-03-04,94.08999633789062,84.48177337646484,0.0,0.0,TLT
2024-03-05,197.19000244140625,197.19000244140625,0.0,0.0,GLD
2024-03-05,436.04998779296875,430.2707214355469,0.0,0.0,QQQ
2024-03-05,507.17999267578125,492.32806396484375,0.0,0.0,SPY
2024-03-05,95.43000030517578,85.68492889404297,0.0,0.0,TLT
2024-03-06,198.80999755859375,198.80999755859375,0.0,0.0,GLD
2024-03-06,438.7900085449219,432.9743957519531,0.0,0.0,QQQ
2024-03-06,509.75,494.82281494140625,0.0,0.0,SPY
2024-03-06,95.98999786376953,86.18775177001953,0.0,0.0,TLT
2024-03-07,199.94000244140625,199.94000244140625,0.0,0.0,GLD
2024-03-07,445.45001220703125,439.546142578125,0.0,0.0,QQQ
2024-03-07,514.8099975585938,499.7345886230469,0.0,0.0,SPY
2024-03-07,95.9000015258789,86.10694122314453,0.0,0.0,TLT
2024-03-08,201.6300048828125,201.6300048828125,0.0,0.0,GLD
2024-03-08,439.0199890136719,433.2013854980469,0.0,0.0,QQQ
2024-03-08,511.7200012207031,496.73516845703125,0.0,0.0,SPY
2024-03-08,95.7300033569336,85.95430755615234,0.0,0.0,TLT
2024-03-11,202.0,202.0,0.0,0.0,GLD
2024-03-11,437.3900146484375,431.5928955078125,0.0,0.0,QQQ
2024-03-11,511.2799987792969,496.3080139160156,0.0,0.0,SPY
2024-03-11,95.68000030517578,85.9094009399414,0.0,0.0,TLT
2024-03-12,199.7899932861328,199.7899932861328,0.0,0.0,GLD
2024-03-12,443.6600036621094,437.77984619140625,0.0,0.0,QQQ
2024-03-12,516.780029296875,501.64697265625,0.0,0.0,SPY
2024-03-12,94.87999725341797,85.19110870361328,0.0,0.0,TLT
2024-03-13,201.19000244140625,201.19000244140625,0.0,0.0,GLD
2024-03-13,440.25,434.4150695800781,0.0,0.0,QQQ
2024-03-13,515.969970703125,500.860595703125,0.0,0.0,SPY
2024-03-13,94.41999816894531,84.77806854248047,0.0,0.0,TLT
2024-03-14,200.35000610351562,200.35000610351562,0.0,0.0,GLD
2024-03-14,439.1400146484375,433.3197937011719,0.0,0.0,QQQ
2024-03-14,514.9500122070312,499.8705139160156,0.0,0.0,SPY
2024-03-14,92.97000122070312,83.47616577148438,0.0,0.0,TLT
2024-03-15,199.7100067138672,199.7100067138672,0.0,0.0,GLD
2024-03-15,433.9200134277344,428.1689758300781,0.0,0.0,QQQ
2024-03-15,509.8299865722656,496.4381408691406,1.595,0.0,SPY
2024-03-15,92.94000244140625,83.44922637939453,0.0,0.0,TLT
2024-03-18,200.02999877929688,200.02999877929688,0.0,0.0,GLD
2024-03-18,437.4800109863281,432.2525939941406,0.573,0.0,QQQ
2024-03-18,512.8599853515625,499.38848876953125,0.0,0.0,SPY
2024-03-18,92.66000366210938,83.19780731201172,0.0,0.0,TLT
2024-03-19,199.8000030517578,199.8000030517578,0.0,0.0,GLD
2024-03-19,438.57000732421875,433.32952880859375,0.0,0.0,QQQ
2024-03-19,515.7100219726562,502.1636657714844,0.0,0.0,SPY
2024-03-19,92.91999816894531,83.4312515258789,0.0,0.0,TLT
2024-03-20,202.17999267578125,202.17999267578125,0.0,0.0,GLD
2024-03-20,443.7699890136719,438.46734619140625,0.0,0.0,QQQ
2024-03-20,520.47998046875,506.8083801269531,0.0,0.0,SPY
2024-03-20,92.88999938964844,83.40431213378906,0.0,0.0,TLT
2024-03-21,201.97000122070312,201.97000122070312,0.0,0.0,GLD
2024-03-21,445.8699951171875,440.54229736328125,0.0,0.0,QQQ
2024-03-21,522.2000122070312,508.48321533203125,0.0,0.0,SPY
2024-03-21,93.08999633789062,83.58389282226562,0.0,0.0,TLT
2024-03-22,200.35000610351562,200.35000610351562,0.0,0.0,GLD
2024-03-22,446.3800048828125,441.0462646484375,0.0,0.0,QQQ
2024-03-22,521.2100219726562,507.51922607421875,0.0,0.0,SPY
2024-03-22,93.9800033569336,84.38302612304688,0.0,0.0,TLT
2024-03-25,200.99000549316406,200.99000549316406,0.0,0.0,GLD
2024-03-25,444.760009765625,439.4456481933594,0.0,0.0,QQQ
2024-03-25,519.77001953125,506.1170959472656,0.0,0.0,SPY
2024-03-25,93.51000213623047,83.96099090576172,0.0,0.0,TLT
2024-03-26,201.63999938964844,201.63999938964844,0.0,0.0,GLD
2024-03-26,443.32000732421875,438.0228271484375,0.0,0.0,QQQ
2024-03-26,518.8099975585938,505.1822814941406,0.0,0.0,SPY
2024-03-26,93.7699966430664,84.1944580078125,0.0,0.0,TLT
2024-03-27,203.10000610351562,203.10000610351562,0.0,0.0,GLD
2024-03-27,444.8299865722656,439.5147399902344,0.0,0.0,QQQ
2024-03-27,523.1699829101562,509.4277038574219,0.0,0.0,SPY
2024-03-27,94.69999694824219,85.02947998046875,0.0,0.0,TLT
2024-03-28,205.72000122070312,205.72000122070312,0.0,0.0,GLD
2024-03-28,444.010009765625,438.7045593261719,0.0,0.0,QQQ
2024-03-28,523.0700073242188,509.33026123046875,0.0,0.0,SPY
2024-03-28,94.62000274658203,84.95765686035156,0.0,0.0,TLT
2024-04-01,207.82000732421875,207.82000732421875,0.0,0.0,GLD
2024-04-01,444.95001220703125,439.6333312988281,0.0,0.0,QQQ
2024-04-01,522.1599731445312,508.4441223144531,0.0,0.0,SPY
2024-04-01,92.55000305175781,83.37395477294922,0.312,0.0,TLT
2024-04-02,210.88999938964844,210.88999938964844,0.0,0.0,GLD
2024-04-02,441.1099853515625,435.8391418457031,0.0,0.0,QQQ
2024-04-02,518.8400268554688,505.2114562988281,0.0,0.0,SPY
2024-04-02,92.04000091552734,82.91451263427734,0.0,0.0,TLT
2024-04-03,212.74000549316406,212.74000549316406,0.0,0.0,GLD
2024-04-03,442.1000061035156,436.8173828125,0.0,0.0,QQQ
2024-04-03,519.4099731445312,505.7665100097656,0.0,0.0,SPY
2024-04-03,92.0199966430664,82.89651489257812,0.0,0.0,TLT
2024-04-04,211.52000427246094,211.52000427246094,0.0,0.0,GLD
2024-04-04,435.3399963378906,430.1380920410156,0.0,0.0,QQQ
2024-04-04,513.0700073242188,499.5930480957031,0.0,0.0,SPY
2024-04-04,92.68000030517578,83.49105072021484,0.0,0.0,TLT
2024-04-05,215.13999938964844,215.13999938964844,0.0,0.0,GLD
2024-04-05,440.4700012207031,435.2068176269531,0.0,0.0,QQQ
2024-04-05,518.4299926757812,504.812255859375,0.0,0.0,SPY
2024-04-05,91.38999938964844,82.3289794921875,0.0,0.0,TLT
2024-04-08,216.47999572753906,216.47999572753906,0.0,0.0,GLD
2024-04-08,440.6000061035156,435.3353271484375,0.0,0.0,QQQ
2024-04-08,518.719970703125,505.0945739746094,0.0,0.0,SPY
2024-04-08,91.37999725341797,82.3199462890625,0.0,0.0,TLT
2024-04-09,217.6699981689453,217.6699981689453,0.0,0.0,GLD
2024-04-09,442.2300109863281,436.9458312988281,0.0,0.0,QQQ
2024-04-09,519.3200073242188,505.67889404296875,0.0,0.0,SPY
2024-04-09,92.2300033569336,83.0856704711914,0.0,0.0,TLT
2024-04-10,215.61000061035156,215.61000061035156,0.0,0.0,GLD
2024-04-10,438.3699951171875,433.1319274902344,0.0,0.0,QQQ
2024-04-10,514.1199951171875,500.615478515625,0.0,0.0,SPY
2024-04-10,90.22000122070312,81.27496337890625,0.0,0.0,TLT
2024-04-11,219.8000030517578,219.8000030517578,0.0,0.0,GLD
2024-04-11,445.3699951171875,440.04827880859375,0.0,0.0,QQQ
2024-04-11,518.0,504.3935241699219,0.0,0.0,SPY
2024-04-11,89.80999755859375,80.9056167602539,0.0,0.0,TLT
2024-04-12,216.88999938964844,216.88999938964844,0.0,0.0,GLD
2024-04-12,438.2699890136719,433.03314208984375,0.0,0.0,QQQ
2024-04-12,510.8500061035156,497.43133544921875,0.0,0.0,SPY
2024-04-12,90.29000091552734,81.3380355834961,0.0,0.0,TLT
2024-04-15,220.9499969482422,220.9499969482422,0.0,0.0,GLD
2024-04-15,431.05999755859375,425.9093017578125,0.0,0.0,QQQ
2024-04-15,504.45001220703125,491.1994934082031,0.0,0.0,SPY
2024-04-15,88.88999938964844,80.0768051147461,0.0,0.0,TLT
2024-04-16,221.22000122070312,221.22000122070312,0.0,0.0,GLD
2024-04-16,431.1000061035156,425.94879150390625,0.0,0.0,QQQ
2024-04-16,503.5299987792969,490.3036193847656,0.0,0.0,SPY
2024-04-16,88.30000305175781,79.54534149169922,0.0,0.0,TLT
2024-04-17,219.58999633789062,219.58999633789062,0.0,0.0,GLD
2024-04-17,425.8399963378906,420.75164794921875,0.0,0.0,QQQ
2024-04-17,500.54998779296875,487.4018859863281,0.0,0.0,SPY
2024-04-17,89.27999877929688,80.42816162109375,0.0,0.0,TLT
2024-04-18,220.33999633789062,220.33999633789062,0.0,0.0,GLD
2024-04-18,423.4100036621094,418.3507080078125,0.0,0.0,QQQ
2024-04-18,499.5199890136719,486.39892578125,0.0,0.0,SPY
2024-04-18,88.83000183105469,80.02278900146484,0.0,0.0,TLT
2024-04-19,221.02999877929688,221.02999877929688,0.0,0.0,GLD
2024-04-19,414.6499938964844,409.6954040527344,0.0,0.0,QQQ
2024-04-19,495.1600036621094,482.1534423828125,0.0,0.0,SPY
2024-04-19,89.1500015258789,80.31106567382812,0.0,0.0,TLT
2024-04-22,215.57000732421875,215.57000732421875,0.0,0.0,GLD
2024-04-22,418.82000732421875,413.81561279296875,0.0,0.0,QQQ
2024-04-22,499.7200012207031,486.59375,0.0,0.0,SPY
2024-04-22,89.0,80.17594146728516,0.0,0.0,TLT
2024-04-23,215.0399932861328,215.0399932861328,0.0,0.0,GLD
2024-04-23,425.07000732421875,419.9908447265625,0.0,0.0,QQQ
2024-04-23,505.6499938964844,492.3678894042969,0.0,0.0,SPY
2024-04-23,89.02999877929688,80.20295715332031,0.0,0.0,TLT
2024-04-24,214.63999938964844,214.63999938964844,0.0,0.0,GLD
2024-04-24,426.510009765625,421.41363525390625,0.0,0.0,QQQ
2024-04-24,505.4100036621094,492.13427734375,0.0,0.0,SPY
2024-04-24,88.4000015258789,79.63541412353516,0.0,0.0,TLT
2024-04-25,215.9199981689453,215.9199981689453,0.0,0.0,GLD
2024-04-25,424.45001220703125,419.3782958984375,0.0,0.0,QQQ
2024-04-25,503.489990234375,490.2646789550781,0.0,0.0,SPY
2024-04-25,87.77999877929688,79.07688903808594,0.0,0.0,TLT
2024-04-26,216.6199951171875,216.6199951171875,0.0,0.0,GLD
2024-04-26,431.0,425.8500061035156,0.0,0.0,QQQ
2024-04-26,508.260009765625,494.9093933105469,0.0,0.0,SPY
2024-04-26,88.23999786376953,79.49127197265625,0.0,0.0,TLT
2024-04-29,216.17999267578125,216.17999267578125,0.0,0.0,GLD
2024-04-29,432.75,427.57916259765625,0.0,0.0,QQQ
2024-04-29,510.05999755859375,496.66204833984375,0.0,0.0,SPY
2024-04-29,88.9800033569336,80.15789031982422,0.0,0.0,TLT
2024-04-30,211.8699951171875,211.8699951171875,0.0,0.0,GLD
2024-04-30,424.5899963378906,419.5166015625,0.0,0.0,QQQ
2024-04-30,501.9800109863281,488.7944030761719,0.0,0.0,SPY
2024-04-30,88.22000122070312,79.47328186035156,0.0,0.0,TLT
2024-05-01,213.7899932861328,213.7899932861328,0.0,0.0,GLD
2024-05-01,421.5199890136719,416.4832763671875,0.0,0.0,QQQ
2024-05-01,500.3500061035156,487.2071533203125,0.0,0.0,SPY
2024-05-01,88.55999755859375,80.05905151367188,0.308,0.0,TLT
2024-05-02,213.1300048828125,213.1300048828125,0.0,0.0,GLD
2024-05-02,426.8999938964844,421.79901123046875,0.0,0.0,QQQ
2024-05-02,505.0299987792969,491.7641906738281,0.0,0.0,SPY
2024-05-02,88.94000244140625,80.40257263183594,0.0,0.0,TLT
2024-05-03,212.9600067138672,212.9600067138672,0.0,0.0,GLD
2024-05-03,435.4800109863281,430.2765197753906,0.0,0.0,QQQ
2024-05-03,511.2900085449219,497.85980224609375,0.0,0.0,SPY
2024-05-03,89.83999633789062,81.21617889404297,0.0,0.0,TLT
2024-05-06,215.1999969482422,215.1999969482422,0.0,0.0,GLD
2024-05-06,440.25,434.9894714355469,0.0,0.0,QQQ
2024-05-06,516.5700073242188,503.0010681152344,0.0,0.0,SPY
2024-05-06,90.19000244140625,81.5325927734375,0.0,0.0,TLT
2024-05-07,214.2100067138672,214.2100067138672,0.0,0.0,GLD
2024-05-07,440.32000732421875,435.05865478515625,0.0,0.0,QQQ
2024-05-07,517.1400146484375,503.55615234375,0.0,0.0,SPY
2024-05-07,90.73999786376953,82.02979278564453,0.0,0.0,TLT
2024-05-08,213.5800018310547,213.5800018310547,0.0,0.0,GLD
2024-05-08,440.05999755859375,434.8017272949219,0.0,0.0,QQQ
2024-05-08,517.1900024414062,503.60479736328125,0.0,0.0,SPY
2024-05-08,90.19000244140625,81.5325927734375,0.0,0.0,TLT
2024-05-09,216.9499969482422,216.9499969482422,0.0,0.0,GLD
2024-05-09,441.0199890136719,435.750244140625,0.0,0.0,QQQ
2024-05-09,520.1699829101562,506.5065002441406,0.0,0.0,SPY
2024-05-09,90.62999725341797,81.93034362792969,0.0,0.0,TLT
2024-05-10,218.7100067138672,218.7100067138672,0.0,0.0,GLD
2024-05-10,442.05999755859375,436.77783203125,0.0,0.0,QQQ
2024-05-10,520.8400268554688,507.1590270996094,0.0,0.0,SPY
2024-05-10,90.12000274658203,81.46930694580078,0.0,0.0,TLT
2024-05-13,216.25999450683594,216.25999450683594,0.0,0.0,GLD
2024-05-13,443.0799865722656,437.7856750488281,0.0,0.0,QQQ
2024-05-13,520.9099731445312,507.2270812988281,0.0,0.0,SPY
2024-05-13,90.3499984741211,81.67723083496094,0.0,0.0,TLT
2024-05-14,218.08999633789062,218.08999633789062,0.0,0.0,GLD
2024-05-14,445.92999267578125,440.6015625,0.0,0.0,QQQ
2024-05-14,523.2999877929688,509.55426025390625,0.0,0.0,SPY
2024-05-14,90.86000061035156,82.1382827758789,0.0,0.0,TLT
2024-05-15,220.88999938964844,220.88999938964844,0.0,0.0,GLD
2024-05-15,452.8999938964844,447.4883728027344,0.0,0.0,QQQ
2024-05-15,529.780029296875,515.8641357421875,0.0,0.0,SPY
2024-05-15,92.0999984741211,83.25923919677734,0.0,0.0,TLT
2024-05-16,220.02999877929688,220.02999877929688,0.0,0.0,GLD
2024-05-16,451.9800109863281,446.5793151855469,0.0,0.0,QQQ
2024-05-16,528.6900024414062,514.8026733398438,0.0,0.0,SPY
2024-05-16,92.01000213623047,83.17790222167969,0.0,0.0,TLT
2024-05-17,223.66000366210938,223.66000366210938,0.0,0.0,GLD
2024-05-17,451.760009765625,446.3619079589844,0.0,0.0,QQQ
2024-05-17,529.4500122070312,515.5428466796875,0.0,0.0,SPY
2024-05-17,91.38999938964844,82.61739349365234,0.0,0.0,TLT
2024-05-20,224.55999755859375,224.55999755859375,0.0,0.0,GLD
2024-05-20,454.9100036621094,449.47430419921875,0.0,0.0,QQQ
2024-05-20,530.0599975585938,516.1368408203125,0.0,0.0,SPY
2024-05-20,91.12000274658203,82.37330627441406,0.0,0.0,TLT
2024-05-21,224.22999572753906,224.22999572753906,0.0,0.0,GLD
2024-05-21,455.79998779296875,450.3536682128906,0.0,0.0,QQQ
2024-05-21,531.3599853515625,517.402587890625,0.0,0.0,SPY
2024-05-21,91.58999633789062,82.79820251464844,0.0,0.0,TLT
2024-05-22,220.11000061035156,220.11000061035156,0.0,0.0,GLD
2024-05-22,455.7099914550781,450.2647399902344,0.0,0.0,QQQ
2024-05-22,529.8300170898438,515.912841796875,0.0,0.0,SPY
2024-05-22,91.69999694824219,82.89762878417969,0.0,0.0,TLT
2024-05-23,215.72000122070312,215.72000122070312,0.0,0.0,GLD
2024-05-23,453.6600036621094,448.2392578125,0.0,0.0,QQQ
2024-05-23,525.9600219726562,512.1445922851562,0.0,0.0,SPY
2024-05-23,91.11000061035156,82.36428833007812,0.0,0.0,TLT
2024-05-24,215.9199981689453,215.9199981689453,0.0,0.0,GLD
2024-05-24,457.95001220703125,452.47802734375,0.0,0.0,QQQ
2024-05-24,529.4400024414062,515.532958984375,0.0,0.0,SPY
2024-05-24,91.37999725341797,82.60835266113281,0.0,0.0,TLT
2024-05-28,218.19000244140625,218.19000244140625,0.0,0.0,GLD
2024-05-28,459.67999267578125,454.18731689453125,0.0,0.0,QQQ
2024-05-28,529.8099975585938,515.893310546875,0.0,0.0,SPY
2024-05-28,90.06999969482422,81.42412567138672,0.0,0.0,TLT
2024-05-29,216.16000366210938,216.16000366210938,0.0,0.0,GLD
2024-05-29,456.44000244140625,450.9860534667969,0.0,0.0,QQQ
2024-05-29,526.0999755859375,512.28076171875,0.0,0.0,SPY
2024-05-29,88.9800033569336,80.4387435913086,0.0,0.0,TLT
2024-05-30,216.57000732421875,216.57000732421875,0.0,0.0,GLD
2024-05-30,451.54998779296875,446.1544494628906,0.0,0.0,QQQ
2024-05-30,522.6099853515625,508.88238525390625,0.0,0.0,SPY
2024-05-30,89.83999633789062,81.21617889404297,0.0,0.0,TLT
2024-05-31,215.3000030517578,215.3000030517578,0.0,0.0,GLD
2024-05-31,450.7099914550781,445.3244934082031,0.0,0.0,QQQ
2024-05-31,527.3699951171875,513.5174560546875,0.0,0.0,SPY
2024-05-31,90.44999694824219,81.76763153076172,0.0,0.0,TLT
2024-06-03,217.22000122070312,217.22000122070312,0.0,0.0,GLD
2024-06-03,453.1300048828125,447.715576171875,0.0,0.0,QQQ
2024-06-03,527.7999877929688,513.9361572265625,0.0,0.0,SPY
2024-06-03,91.5999984741211,83.09017944335938,0.308,0.0,TLT
2024-06-04,215.27000427246094,215.27000427246094,0.0,0.0,GLD
2024-06-04,454.3699951171875,448.9407653808594,0.0,0.0,QQQ
2024-06-04,528.3900146484375,514.5106201171875,0.0,0.0,SPY
2024-06-04,92.66999816894531,84.0607681274414,0.0,0.0,TLT
2024-06-05,217.82000732421875,217.82000732421875,0.0,0.0,GLD
2024-06-05,463.5299987792969,457.9913024902344,0.0,0.0,QQQ
2024-06-05,534.6699829101562,520.6255493164062,0.0,0.0,SPY
2024-06-05,93.3499984741211,84.67760467529297,0.0,0.0,TLT
2024-06-06,219.42999267578125,219.42999267578125,0.0,0.0,GLD
2024-06-06,463.3699951171875,457.833251953125,0.0,0.0,QQQ
2024-06-06,534.6599731445312,520.615966796875,0.0,0.0,SPY
2024-06-06,93.20999908447266,84.55062866210938,0.0,0.0,TLT
2024-06-07,211.60000610351562,211.60000610351562,0.0,0.0,GLD
2024-06-07,462.9599914550781,457.4281005859375,0.0,0.0,QQQ
2024-06-07,534.010009765625,519.9830932617188,0.0,0.0,SPY
2024-06-07,91.5,82.99948120117188,0.0,0.0,TLT
2024-06-10,213.5399932861328,213.5399932861328,0.0,0.0,GLD
2024-06-10,464.8299865722656,459.2757568359375,0.0,0.0,QQQ
2024-06-10,535.6599731445312,521.5896606445312,0.0,0.0,SPY
2024-06-10,90.88999938964844,82.4461441040039,0.0,0.0,TLT
2024-06-11,214.14999389648438,214.14999389648438,0.0,0.0,GLD
2024-06-11,468.0199890136719,462.4277038574219,0.0,0.0,QQQ
2024-06-11,536.9500122070312,522.8458251953125,0.0,0.0,SPY
2024-06-11,91.83000183105469,83.29882049560547,0.0,0.0,TLT
2024-06-12,214.72000122070312,214.72000122070312,0.0,0.0,GLD
2024-06-12,474.1499938964844,468.48443603515625,0.0,0.0,QQQ
2024-06-12,541.3599853515625,527.1399536132812,0.0,0.0,SPY
2024-06-12,92.5199966430664,83.9247055053711,0.0,0.0,TLT
2024-06-13,212.97000122070312,212.97000122070312,0.0,0.0,GLD
2024-06-13,476.7200012207031,471.0237121582031,0.0,0.0,QQQ
2024-06-13,542.4500122070312,528.2012329101562,0.0,0.0,SPY
2024-06-13,93.87999725341797,85.15836334228516,0.0,0.0,TLT
2024-06-14,215.72999572753906,215.72999572753906,0.0,0.0,GLD
2024-06-14,479.19000244140625,473.46417236328125,0.0,0.0,QQQ
2024-06-14,542.780029296875,528.5226440429688,0.0,0.0,SPY
2024-06-14,94.66999816894531,85.8749771118164,0.0,0.0,TLT
2024-06-17,214.61000061035156,214.61000061035156,0.0,0.0,GLD
2024-06-17,485.05999755859375,479.2640380859375,0.0,0.0,QQQ
2024-06-17,547.0999755859375,532.7291259765625,0.0,0.0,SPY
2024-06-17,93.7300033569336,85.02230834960938,0.0,0.0,TLT
2024-06-18,215.47000122070312,215.47000122070312,0.0,0.0,GLD
2024-06-18,485.2099914550781,479.41229248046875,0.0,0.0,QQQ
2024-06-18,548.489990234375,534.0826416015625,0.0,0.0,SPY
2024-06-18,94.58999633789062,85.80240631103516,0.0,0.0,TLT
2024-06-20,218.16000366210938,218.16000366210938,0.0,0.0,GLD
2024-06-20,481.4700012207031,475.7169189453125,0.0,0.0,QQQ
2024-06-20,547.0,532.6317138671875,0.0,0.0,SPY
2024-06-20,93.95999908447266,85.23092651367188,0.0,0.0,TLT
2024-06-21,214.77999877929688,214.77999877929688,0.0,0.0,GLD
2024-06-21,480.17999267578125,474.4423522949219,0.0,0.0,QQQ
2024-06-21,544.510009765625,531.917724609375,1.759,0.0,SPY
2024-06-21,93.95999908447266,85.23092651367188,0.0,0.0,TLT
2024-06-24,215.6300048828125,215.6300048828125,0.0,0.0,GLD
2024-06-24,473.9599914550781,469.041015625,0.762,0.0,QQQ
2024-06-24,542.739990234375,530.1885375976562,0.0,0.0,SPY
2024-06-24,94.33999633789062,85.57563781738281,0.0,0.0,TLT
2024-06-25,214.55999755859375,214.55999755859375,0.0,0.0,GLD
2024-06-25,479.3800048828125,474.4047546386719,0.0,0.0,QQQ
2024-06-25,544.8300170898438,532.230224609375,0.0,0.0,SPY
2024-06-25,94.5,85.72077941894531,0.0,0.0,TLT
2024-06-26,212.5800018310547,212.5800018310547,0.0,0.0,GLD
2024-06-26,480.3699951171875,475.38446044921875,0.0,0.0,QQQ
2024-06-26,545.510009765625,532.8946533203125,0.0,0.0,SPY
2024-06-26,93.1500015258789,84.49618530273438,0.0,0.0,TLT
2024-06-27,214.99000549316406,214.99000549316406,0.0,0.0,GLD
2024-06-27,481.6099853515625,476.6116027832031,0.0,0.0,QQQ
2024-06-27,546.3699951171875,533.7347412109375,0.0,0.0,SPY
2024-06-27,93.5199966430664,84.83179473876953,0.0,0.0,TLT
2024-06-28,215.00999450683594,215.00999450683594,0.0,0.0,GLD
2024-06-28,479.1099853515625,474.1376037597656,0.0,0.0,QQQ
2024-06-28,544.219970703125,531.6343994140625,0.0,0.0,SPY
2024-06-28,91.77999877929688,83.25346374511719,0.0,0.0,TLT
2024-07-01,215.57000732421875,215.57000732421875,0.0,0.0,GLD
2024-07-01,481.9200134277344,476.91839599609375,0.0,0.0,QQQ
2024-07-01,545.3400268554688,532.7285766601562,0.0,0.0,SPY
2024-07-01,89.91000366210938,81.81661224365234,0.291,0.0,TLT
2024-07-02,215.55999755859375,215.55999755859375,0.0,0.0,GLD
2024-07-02,486.9800109863281,481.9259033203125,0.0,0.0,QQQ
2024-07-02,549.010009765625,536.3135986328125,0.0,0.0,SPY
2024-07-02,90.61000061035156,82.45360565185547,0.0,0.0,TLT
2024-07-03,217.99000549316406,217.99000549316406,0.0,0.0,GLD
2024-07-03,491.0400085449219,485.9437255859375,0.0,0.0,QQQ
2024-07-03,551.4600219726562,538.7069702148438,0.0,0.0,SPY
2024-07-03,91.80000305175781,83.5364761352539,0.0,0.0,TLT
2024-07-05,220.92999267578125,220.92999267578125,0.0,0.0,GLD
2024-07-05,496.1600036621094,491.01055908203125,0.0,0.0,QQQ
2024-07-05,554.6400146484375,541.8134765625,0.0,0.0,SPY
2024-07-05,92.55999755859375,84.22808074951172,0.0,0.0,TLT
2024-07-08,218.19000244140625,218.19000244140625,0.0,0.0,GLD
2024-07-08,497.3399963378906,492.1783142089844,0.0,0.0,QQQ
2024-07-08,555.280029296875,542.4385986328125,0.0,0.0,SPY
2024-07-08,92.76000213623047,84.4100570678711,0.0,0.0,TLT
2024-07-09,218.55999755859375,218.55999755859375,0.0,0.0,GLD
2024-07-09,497.7699890136719,492.6038818359375,0.0,0.0,QQQ
2024-07-09,555.8200073242188,542.9661254882812,0.0,0.0,SPY
2024-07-09,92.3499984741211,84.03695678710938,0.0,0.0,TLT
2024-07-10,219.36000061035156,219.36000061035156,0.0,0.0,GLD
2024-07-10,502.9599914550781,497.7400207519531,0.0,0.0,QQQ
2024-07-10,561.3200073242188,548.3389892578125,0.0,0.0,SPY
2024-07-10,92.63999938964844,84.30084228515625,0.0,0.0,TLT
2024-07-11,223.25,223.25,0.0,0.0,GLD
2024-07-11,491.92999267578125,486.8244934082031,0.0,0.0,QQQ
2024-07-11,556.47998046875,543.6109008789062,0.0,0.0,SPY
2024-07-11,93.54000091552734,85.1198501586914,0.0,0.0,TLT
2024-07-12,223.11000061035156,223.11000061035156,0.0,0.0,GLD
2024-07-12,494.82000732421875,489.6844787597656,0.0,0.0,QQQ
2024-07-12,559.989990234375,547.0396728515625,0.0,0.0,SPY
2024-07-12,93.94000244140625,85.48384094238281,0.0,0.0,TLT
2024-07-15,223.8300018310547,223.8300018310547,0.0,0.0,GLD
2024-07-15,496.1499938964844,491.000732421875,0.0,0.0,QQQ
2024-07-15,561.530029296875,548.544189453125,0.0,0.0,SPY
2024-07-15,92.86000061035156,84.50103759765625,0.0,0.0,TLT
2024-07-16,228.2899932861328,228.2899932861328,0.0,0.0,GLD
2024-07-16,496.3399963378906,491.1887512207031,0.0,0.0,QQQ
2024-07-16,564.8599853515625,551.7970581054688,0.0,0.0,SPY
2024-07-16,94.16999816894531,85.6931381225586,0.0,0.0,TLT
2024-07-17,227.22999572753906,227.22999572753906,0.0,0.0,GLD
2024-07-17,481.7699890136719,476.7699890136719,0.0,0.0,QQQ
2024-07-17,556.9400024414062,544.0602416992188,0.0,0.0,SPY
2024-07-17,94.19000244140625,85.71131134033203,0.0,0.0,TLT
2024-07-18,225.77999877929688,225.77999877929688,0.0,0.0,GLD
2024-07-18,479.489990234375,474.5136413574219,0.0,0.0,QQQ
2024-07-18,552.6599731445312,539.879150390625,0.0,0.0,SPY
2024-07-18,93.47000122070312,85.05611419677734,0.0,0.0,TLT
2024-07-19,221.72999572753906,221.72999572753906,0.0,0.0,GLD
2024-07-19,475.239990234375,470.3077392578125,0.0,0.0,QQQ
2024-07-19,548.989990234375,536.2940673828125,0.0,0.0,SPY
2024-07-19,92.91999816894531,84.5556411743164,0.0,0.0,TLT
2024-07-22,221.8000030517578,221.8000030517578,0.0,0.0,GLD
2024-07-22,482.32000732421875,477.31427001953125,0.0,0.0,QQQ
2024-07-22,554.6500244140625,541.8231201171875,0.0,0.0,SPY
2024-07-22,92.6500015258789,84.30995178222656,0.0,0.0,TLT
2024-07-23,222.5800018310547,222.5800018310547,0.0,0.0,GLD
2024-07-23,480.6199951171875,475.63189697265625,0.0,0.0,QQQ
2024-07-23,553.780029296875,540.973388671875,0.0,0.0,SPY
2024-07-23,92.5199966430664,84.19163513183594,0.0,0.0,TLT
2024-07-24,221.8000030517578,221.8000030517578,0.0,0.0,GLD
2024-07-24,463.3800048828125,458.57080078125,0.0,0.0,QQQ
2024-07-24,541.22998046875,528.7135620117188,0.0,0.0,SPY
2024-07-24,91.5199966430664,83.28168487548828,0.0,0.0,TLT
2024-07-25,218.3300018310547,218.3300018310547,0.0,0.0,GLD
2024-07-25,458.2699890136719,453.5138244628906,0.0,0.0,QQQ
2024-07-25,538.4099731445312,525.958740234375,0.0,0.0,SPY
2024-07-25,92.2699966430664,83.96416473388672,0.0,0.0,TLT
2024-07-26,220.6300048828125,220.6300048828125,0.0,0.0,GLD
2024-07-26,462.9700012207031,458.1650390625,0.0,0.0,QQQ
2024-07-26,544.4400024414062,531.8493041992188,0.0,0.0,SPY
2024-07-26,92.98999786376953,84.61935424804688,0.0,0.0,TLT
2024-07-29,220.32000732421875,220.32000732421875,0.0,0.0,GLD
2024-07-29,463.8999938964844,459.08538818359375,0.0,0.0,QQQ
2024-07-29,544.760009765625,532.1619262695312,0.0,0.0,SPY
2024-07-29,93.48999786376953,85.07434844970703,0.0,0.0,TLT
2024-07-30,222.52000427246094,222.52000427246094,0.0,0.0,GLD
2024-07-30,457.5299987792969,452.7815246582031,0.0,0.0,QQQ
2024-07-30,542.0,529.4656982421875,0.0,0.0,SPY
2024-07-30,93.8499984741211,85.40193176269531,0.0,0.0,TLT
2024-07-31,226.5500030517578,226.5500030517578,0.0,0.0,GLD
2024-07-31,471.07000732421875,466.1809997558594,0.0,0.0,QQQ
2024-07-31,550.8099975585938,538.072021484375,0.0,0.0,SPY
2024-07-31,94.80999755859375,86.27552795410156,0.0,0.0,TLT
2024-08-01,225.77000427246094,225.77000427246094,0.0,0.0,GLD
2024-08-01,459.6600036621094,454.8894348144531,0.0,0.0,QQQ
2024-08-01,543.010009765625,530.4523315429688,0.0,0.0,SPY
2024-08-01,95.30999755859375,87.01962280273438,0.315,0.0,TLT
2024-08-02,225.33999633789062,225.33999633789062,0.0,0.0,GLD
2024-08-02,448.75,444.0926208496094,0.0,0.0,QQQ
2024-08-02,532.9000244140625,520.5762939453125,0.0,0.0,SPY
2024-08-02,98.27999877929688,89.73128509521484,0.0,0.0,TLT
2024-08-05,222.47999572753906,222.47999572753906,0.0,0.0,GLD
2024-08-05,435.3699951171875,430.85150146484375,0.0,0.0,QQQ
2024-08-05,517.3800048828125,505.41510009765625,0.0,0.0,SPY
2024-08-05,98.80000305175781,90.2060546875,0.0,0.0,TLT
2024-08-06,220.6999969482422,220.6999969482422,0.0,0.0,GLD
2024-08-06,439.5299987792969,434.96832275390625,0.0,0.0,QQQ
2024-08-06,522.1500244140625,510.0748596191406,0.0,0.0,SPY
2024-08-06,96.58999633789062,88.18827819824219,0.0,0.0,TLT
2024-08-07,220.5500030517578,220.5500030517578,0.0,0.0,GLD
2024-08-07,434.7699890136719,430.2576904296875,0.0,0.0,QQQ
2024-08-07,518.6599731445312,506.66546630859375,0.0,0.0,SPY
2024-08-07,95.91000366210938,87.56742858886719,0.0,0.0,TLT
2024-08-08,224.00999450683594,224.00999450683594,0.0,0.0,GLD
2024-08-08,448.07000732421875,443.4197082519531,0.0,0.0,QQQ
2024-08-08,530.6500244140625,518.378173828125,0.0,0.0,SPY
2024-08-08,95.31999969482422,87.02874755859375,0.0,0.0,TLT
2024-08-09,224.55999755859375,224.55999755859375,0.0,0.0,GLD
2024-08-09,450.4100036621094,445.7354431152344,0.0,0.0,QQQ
2024-08-09,532.989990234375,520.6640625,0.0,0.0,SPY
2024-08-09,96.26000213623047,87.88699340820312,0.0,0.0,TLT
2024-08-12,228.41000366210938,228.41000366210938,0.0,0.0,GLD
2024-08-12,451.3800048828125,446.6953430175781,0.0,0.0,QQQ
2024-08-12,533.27001953125,520.9376220703125,0.0,0.0,SPY
2024-08-12,96.61000061035156,88.20652770996094,0.0,0.0,TLT
2024-08-13,228.05999755859375,228.05999755859375,0.0,0.0,GLD
2024-08-13,462.5799865722656,457.7790832519531,0.0,0.0,QQQ
2024-08-13,542.0399780273438,529.5048217773438,0.0,0.0,SPY
2024-08-13,97.27999877929688,88.81824493408203,0.0,0.0,TLT
2024-08-14,226.1999969482422,226.1999969482422,0.0,0.0,GLD
2024-08-14,462.7300109863281,457.9275817871094,0.0,0.0,QQQ
2024-08-14,543.75,531.17529296875,0.0,0.0,SPY
2024-08-14,97.88999938964844,89.37520599365234,0.0,0.0,TLT
2024-08-15,226.91000366210938,226.91000366210938,0.0,0.0,GLD
2024-08-15,474.4200134277344,469.4963073730469,0.0,0.0,QQQ
2024-08-15,553.0700073242188,540.2796630859375,0.0,0.0,SPY
2024-08-15,97.0999984741211,88.65392303466797,0.0,0.0,TLT
2024-08-16,231.99000549316406,231.99000549316406,0.0,0.0,GLD
2024-08-16,475.0299987792969,470.0999450683594,0.0,0.0,QQQ
2024-08-16,554.3099975585938,541.4910278320312,0.0,0.0,SPY
2024-08-16,97.44000244140625,88.96435546875,0.0,0.0,TLT
2024-08-19,231.61000061035156,231.61000061035156,0.0,0.0,GLD
2024-08-19,481.2699890136719,476.2751159667969,0.0,0.0,QQQ
2024-08-19,559.6099853515625,546.66845703125,0.0,0.0,SPY
2024-08-19,97.88999938964844,89.37520599365234,0.0,0.0,TLT
2024-08-20,232.4600067138672,232.4600067138672,0.0,0.0,GLD
2024-08-20,480.260009765625,475.275634765625,0.0,0.0,QQQ
2024-08-20,558.7000122070312,545.779541015625,0.0,0.0,SPY
2024-08-20,98.66999816894531,90.08736419677734,0.0,0.0,TLT
2024-08-21,232.14999389648438,232.14999389648438,0.0,0.0,GLD
2024-08-21,482.5,477.4924011230469,0.0,0.0,QQQ
2024-08-21,560.6199951171875,547.6551513671875,0.0,0.0,SPY
2024-08-21,98.7300033569336,90.14215850830078,0.0,0.0,TLT
2024-08-22,229.3699951171875,229.3699951171875,0.0,0.0,GLD
2024-08-22,474.8500061035156,469.9217834472656,0.0,0.0,QQQ
2024-08-22,556.219970703125,543.3568725585938,0.0,0.0,SPY
2024-08-22,97.75,89.24739837646484,0.0,0.0,TLT
2024-08-23,232.02000427246094,232.02000427246094,0.0,0.0,GLD
2024-08-23,480.0,475.018310546875,0.0,0.0,QQQ
2024-08-23,562.1300048828125,549.1301879882812,0.0,0.0,SPY
2024-08-23,98.38999938964844,89.83172607421875,0.0,0.0,TLT
2024-08-26,232.75999450683594,232.75999450683594,0.0,0.0,GLD
2024-08-26,475.3399963378906,470.40667724609375,0.0,0.0,QQQ
2024-08-26,560.7899780273438,547.8211669921875,0.0,0.0,SPY
2024-08-26,98.13999938964844,89.60345458984375,0.0,0.0,TLT
2024-08-27,233.38999938964844,233.38999938964844,0.0,0.0,GLD
2024-08-27,476.760009765625,471.81195068359375,0.0,0.0,QQQ
2024-08-27,561.5599975585938,548.5733642578125,0.0,0.0,SPY
2024-08-27,97.97000122070312,89.44825744628906,0.0,0.0,TLT
2024-08-28,231.75,231.75,0.0,0.0,GLD
2024-08-28,471.3500061035156,466.45806884765625,0.0,0.0,QQQ
2024-08-28,558.2999877929688,545.3888549804688,0.0,0.0,SPY
2024-08-28,97.8499984741211,89.33869171142578,0.0,0.0,TLT
2024-08-29,232.9499969482422,232.9499969482422,0.0,0.0,GLD
2024-08-29,470.6600036621094,465.7752685546875,0.0,0.0,QQQ
2024-08-29,558.3499755859375,545.4376220703125,0.0,0.0,SPY
2024-08-29,97.52999877929688,89.04652404785156,0.0,0.0,TLT
2024-08-30,231.2899932861328,231.2899932861328,0.0,0.0,GLD
2024-08-30,476.2699890136719,471.3269958496094,0.0,0.0,QQQ
2024-08-30,563.6799926757812,550.6444091796875,0.0,0.0,SPY
2024-08-30,96.48999786376953,88.09697723388672,0.0,0.0,TLT
2024-09-03,230.2899932861328,230.2899932861328,0.0,0.0,GLD
2024-09-03,461.80999755859375,457.0171203613281,0.0,0.0,QQQ
2024-09-03,552.0800170898438,539.3126831054688,0.0,0.0,SPY
2024-09-03,97.75,89.53785705566406,0.313,0.0,TLT
2024-09-04,230.42999267578125,230.42999267578125,0.0,0.0,GLD
2024-09-04,460.6099853515625,455.8295593261719,0.0,0.0,QQQ
2024-09-04,550.9500122070312,538.2088623046875,0.0,0.0,SPY
2024-09-04,99.01000213623047,90.69197845458984,0.0,0.0,TLT
2024-09-05,232.35000610351562,232.35000610351562,0.0,0.0,GLD
2024-09-05,461.0400085449219,456.2550964355469,0.0,0.0,QQQ
2024-09-05,549.6099853515625,536.8997802734375,0.0,0.0,SPY
2024-09-05,99.56999969482422,91.2049331665039,0.0,0.0,TLT
2024-09-06,230.6300048828125,230.6300048828125,0.0,0.0,GLD
2024-09-06,448.69000244140625,444.03326416015625,0.0,0.0,QQQ
2024-09-06,540.3599853515625,527.8636474609375,0.0,0.0,SPY
2024-09-06,99.55999755859375,91.19577026367188,0.0,0.0,TLT
2024-09-09,231.60000610351562,231.60000610351562,0.0,0.0,GLD
2024-09-09,454.4599914550781,449.7434387207031,0.0,0.0,QQQ
2024-09-09,546.4099731445312,533.7737426757812,0.0,0.0,SPY
2024-09-09,99.98999786376953,91.58964538574219,0.0,0.0,TLT
2024-09-10,232.6199951171875,232.6199951171875,0.0,0.0,GLD
2024-09-10,458.6600036621094,453.8998107910156,0.0,0.0,QQQ
2024-09-10,548.7899780273438,536.0986938476562,0.0,0.0,SPY
2024-09-10,100.69000244140625,92.23084259033203,0.0,0.0,TLT
2024-09-11,232.25,232.25,0.0,0.0,GLD
2024-09-11,468.6199951171875,463.75640869140625,0.0,0.0,QQQ
2024-09-11,554.4199829101562,541.5985107421875,0.0,0.0,SPY
2024-09-11,100.61000061035156,92.1575698852539,0.0,0.0,TLT
2024-09-12,236.3300018310547,236.3300018310547,0.0,0.0,GLD
2024-09-12,473.2200012207031,468.3087158203125,0.0,0.0,QQQ
2024-09-12,559.0900268554688,546.1605224609375,0.0,0.0,SPY
2024-09-12,100.13999938964844,91.72705841064453,0.0,0.0,TLT
2024-09-13,238.67999267578125,238.67999267578125,0.0,0.0,GLD
2024-09-13,475.3399963378906,470.40667724609375,0.0,0.0,QQQ
2024-09-13,562.010009765625,549.0130615234375,0.0,0.0,SPY
2024-09-13,100.41000366210938,91.9743423461914,0.0,0.0,TLT
2024-09-16,238.66000366210938,238.66000366210938,0.0,0.0,GLD
2024-09-16,473.239990234375,468.3284606933594,0.0,0.0,QQQ
2024-09-16,562.8400268554688,549.8238525390625,0.0,0.0,SPY
2024-09-16,101.33000183105469,92.81707763671875,0.0,0.0,TLT
2024-09-17,237.33999633789062,237.33999633789062,0.0,0.0,GLD
2024-09-17,473.489990234375,468.57586669921875,0.0,0.0,QQQ
2024-09-17,563.0700073242188,550.0485229492188,0.0,0.0,SPY
2024-09-17,100.83999633789062,92.36823272705078,0.0,0.0,TLT
2024-09-18,235.50999450683594,235.50999450683594,0.0,0.0,GLD
2024-09-18,471.44000244140625,466.54718017578125,0.0,0.0,QQQ
2024-09-18,561.4000244140625,548.4171752929688,0.0,0.0,SPY
2024-09-18,99.58999633789062,91.2232666015625,0.0,0.0,TLT
2024-09-19,239.1699981689453,239.1699981689453,0.0,0.0,GLD
2024-09-19,483.3599853515625,478.3434143066406,0.0,0.0,QQQ
2024-09-19,570.97998046875,557.7755737304688,0.0,0.0,SPY
2024-09-19,99.26000213623047,90.92098999023438,0.0,0.0,TLT
2024-09-20,242.2100067138672,242.2100067138672,0.0,0.0,GLD
2024-09-20,482.44000244140625,477.4330139160156,0.0,0.0,QQQ
2024-09-20,568.25,556.811279296875,1.746,0.0,SPY
2024-09-20,98.87999725341797,90.57292175292969,0.0,0.0,TLT
2024-09-23,242.67999267578125,242.67999267578125,0.0,0.0,GLD
2024-09-23,483.0400085449219,478.69854736328125,0.677,0.0,QQQ
2024-09-23,569.6699829101562,558.2028198242188,0.0,0.0,SPY
2024-09-23,98.66999816894531,90.38055419921875,0.0,0.0,TLT
2024-09-24,246.07000732421875,246.07000732421875,0.0,0.0,GLD
2024-09-24,485.3699951171875,481.007568359375,0.0,0.0,QQQ
2024-09-24,571.2999877929688,559.7999267578125,0.0,0.0,SPY
2024-09-24,98.6500015258789,90.36223602294922,0.0,0.0,TLT
2024-09-25,245.72999572753906,245.72999572753906,0.0,0.0,GLD
2024-09-25,485.82000732421875,481.4535217285156,0.0,0.0,QQQ
2024-09-25,570.0399780273438,558.5653076171875,0.0,0.0,SPY
2024-09-25,97.83000183105469,89.61112213134766,0.0,0.0,TLT
2024-09-26,246.97999572753906,246.97999572753906,0.0,0.0,GLD
2024-09-26,489.4700012207031,485.0707092285156,0.0,0.0,QQQ
2024-09-26,572.2999877929688,560.7798461914062,0.0,0.0,SPY
2024-09-26,98.05999755859375,89.82180786132812,0.0,0.0,TLT
2024-09-27,245.02000427246094,245.02000427246094,0.0,0.0,GLD
2024-09-27,486.75,482.3751525878906,0.0,0.0,QQQ
2024-09-27,571.469970703125,559.9664916992188,0.0,0.0,SPY
2024-09-27,98.56999969482422,90.28893280029297,0.0,0.0,TLT
2024-09-30,243.05999755859375,243.05999755859375,0.0,0.0,GLD
2024-09-30,488.07000732421875,483.683349609375,0.0,0.0,QQQ
2024-09-30,573.760009765625,562.21044921875,0.0,0.0,SPY
2024-09-30,98.0999984741211,89.85842895507812,0.0,0.0,TLT
2024-10-01,245.61000061035156,245.61000061035156,0.0,0.0,GLD
2024-10-01,481.2699890136719,476.94439697265625,0.0,0.0,QQQ
2024-10-01,568.6199951171875,557.1738891601562,0.0,0.0,SPY
2024-10-01,98.48999786376953,90.50721740722656,0.316,0.0,TLT
2024-10-02,245.66000366210938,245.66000366210938,0.0,0.0,GLD
2024-10-02,481.95001220703125,477.61834716796875,0.0,0.0,QQQ
2024-10-02,568.8599853515625,557.4091186523438,0.0,0.0,SPY
2024-10-02,97.66000366210938,89.74449157714844,0.0,0.0,TLT
2024-10-03,245.49000549316406,245.49000549316406,0.0,0.0,GLD
2024-10-03,481.5899963378906,477.26153564453125,0.0,0.0,QQQ
2024-10-03,567.8200073242188,556.3899536132812,0.0,0.0,SPY
2024-10-03,96.73999786376953,88.89903259277344,0.0,0.0,TLT
2024-10-04,245.0,245.0,0.0,0.0,GLD
2024-10-04,487.32000732421875,482.9400329589844,0.0,0.0,QQQ
2024-10-04,572.97998046875,561.446044921875,0.0,0.0,SPY
2024-10-04,95.55000305175781,87.80551147460938,0.0,0.0,TLT
2024-10-07,244.1699981689453,244.1699981689453,0.0,0.0,GLD
2024-10-07,482.1000061035156,477.7669372558594,0.0,0.0,QQQ
2024-10-07,567.7999877929688,556.370361328125,0.0,0.0,SPY
2024-10-07,94.83000183105469,87.14385223388672,0.0,0.0,TLT
2024-10-08,242.3699951171875,242.3699951171875,0.0,0.0,GLD
2024-10-08,489.29998779296875,484.9022521972656,0.0,0.0,QQQ
2024-10-08,573.1699829101562,561.63232421875,0.0,0.0,SPY
2024-10-08,94.98999786376953,87.2908935546875,0.0,0.0,TLT
2024-10-09,241.0500030517578,241.0500030517578,0.0,0.0,GLD
2024-10-09,493.1499938964844,488.7176208496094,0.0,0.0,QQQ
2024-10-09,577.1400146484375,565.5223999023438,0.0,0.0,SPY
2024-10-09,94.44999694824219,86.79466247558594,0.0,0.0,TLT
2024-10-10,242.82000732421875,242.82000732421875,0.0,0.0,GLD
2024-10-10,492.5899963378906,488.16265869140625,0.0,0.0,QQQ
2024-10-10,576.1300048828125,564.5327758789062,0.0,0.0,SPY
2024-10-10,94.08000183105469,86.45463562011719,0.0,0.0,TLT
2024-10-11,245.47000122070312,245.47000122070312,0.0,0.0,GLD
2024-10-11,493.3599853515625,488.9257507324219,0.0,0.0,QQQ
2024-10-11,579.5800170898438,567.9132690429688,0.0,0.0,SPY
2024-10-11,93.69999694824219,86.10543823242188,0.0,0.0,TLT
2024-10-14,245.07000732421875,245.07000732421875,0.0,0.0,GLD
2024-10-14,497.5,493.028564453125,0.0,0.0,QQQ
2024-10-14,584.3200073242188,572.557861328125,0.0,0.0,SPY
2024-10-14,93.7699966430664,86.16978454589844,0.0,0.0,TLT
2024-10-15,245.9199981689453,245.9199981689453,0.0,0.0,GLD
2024-10-15,490.8500061035156,486.4383239746094,0.0,0.0,QQQ
2024-10-15,579.780029296875,568.1093139648438,0.0,0.0,SPY
2024-10-15,94.91000366210938,87.21736907958984,0.0,0.0,TLT
2024-10-16,247.14999389648438,247.14999389648438,0.0,0.0,GLD
2024-10-16,490.9100036621094,486.4977722167969,0.0,0.0,QQQ
2024-10-16,582.2999877929688,570.5785522460938,0.0,0.0,SPY
2024-10-16,95.30999755859375,87.5849609375,0.0,0.0,TLT
2024-10-17,248.6300048828125,248.6300048828125,0.0,0.0,GLD
2024-10-17,491.25,486.834716796875,0.0,0.0,QQQ
2024-10-17,582.3499755859375,570.6275024414062,0.0,0.0,SPY
2024-10-17,93.80000305175781,86.19732666015625,0.0,0.0,TLT
2024-10-18,251.27000427246094,251.27000427246094,0.0,0.0,GLD
2024-10-18,494.4700012207031,490.0257873535156,0.0,0.0,QQQ
2024-10-18,584.5900268554688,572.8224487304688,0.0,0.0,SPY
2024-10-18,93.87000274658203,86.26168823242188,0.0,0.0,TLT
2024-10-21,251.22000122070312,251.22000122070312,0.0,0.0,GLD
2024-10-21,495.4200134277344,490.9672546386719,0.0,0.0,QQQ
2024-10-21,583.6300048828125,571.8817749023438,0.0,0.0,SPY
2024-10-21,92.2300033569336,84.75459289550781,0.0,0.0,TLT
2024-10-22,253.92999267578125,253.92999267578125,0.0,0.0,GLD
2024-10-22,495.9599914550781,491.5024108886719,0.0,0.0,QQQ
2024-10-22,583.3200073242188,571.577880859375,0.0,0.0,SPY
2024-10-22,92.31999969482422,84.83728790283203,0.0,0.0,TLT
2024-10-23,250.8699951171875,250.8699951171875,0.0,0.0,GLD
2024-10-23,488.3599853515625,483.9706726074219,0.0,0.0,QQQ
2024-10-23,577.989990234375,566.355224609375,0.0,0.0,SPY
2024-10-23,92.06999969482422,84.6075668334961,0.0,0.0,TLT
2024-10-24,252.8000030517578,252.8000030517578,0.0,0.0,GLD
2024-10-24,492.32000732421875,487.8951110839844,0.0,0.0,QQQ
2024-10-24,579.239990234375,567.5801391601562,0.0,0.0,SPY
2024-10-24,92.66000366210938,85.1497573852539,0.0,0.0,TLT
2024-10-25,253.32000732421875,253.32000732421875,0.0,0.0,GLD
2024-10-25,495.32000732421875,490.8681640625,0.0,0.0,QQQ
2024-10-25,579.0399780273438,567.3841552734375,0.0,0.0,SPY
2024-10-25,92.13999938964844,84.67189025878906,0.0,0.0,TLT
2024-10-28,253.3300018310547,253.3300018310547,0.0,0.0,GLD
2024-10-28,495.3999938964844,490.94744873046875,0.0,0.0,QQQ
2024-10-28,580.8300170898438,569.13818359375,0.0,0.0,SPY
2024-10-28,91.88999938964844,84.44214630126953,0.0,0.0,TLT
2024-10-29,256.0899963378906,256.0899963378906,0.0,0.0,GLD
2024-10-29,500.1600036621094,495.6646423339844,0.0,0.0,QQQ
2024-10-29,581.77001953125,570.0591430664062,0.0,0.0,SPY
2024-10-29,92.02999877929688,84.57080078125,0.0,0.0,TLT
2024-10-30,257.5,257.5,0.0,0.0,GLD
2024-10-30,496.3800048828125,491.91864013671875,0.0,0.0,QQQ
2024-10-30,580.010009765625,568.3346557617188,0.0,0.0,SPY
2024-10-30,92.30000305175781,84.81893157958984,0.0,0.0,TLT
2024-10-31,253.50999450683594,253.50999450683594,0.0,0.0,GLD
2024-10-31,483.8500061035156,479.5012512207031,0.0,0.0,QQQ
2024-10-31,568.6400146484375,557.1934814453125,0.0,0.0,SPY
2024-10-31,92.44999694824219,84.9567642211914,0.0,0.0,TLT
2024-11-01,252.47000122070312,252.47000122070312,0.0,0.0,GLD
2024-11-01,487.42999267578125,483.0490417480469,0.0,0.0,QQQ
2024-11-01,571.0399780273438,559.5452270507812,0.0,0.0,SPY
2024-11-01,90.83999633789062,83.75902557373047,0.311,0.0,TLT
2024-11-04,252.8300018310547,252.8300018310547,0.0,0.0,GLD
2024-11-04,486.010009765625,481.6418151855469,0.0,0.0,QQQ
2024-11-04,569.8099975585938,558.3399047851562,0.0,0.0,SPY
2024-11-04,92.25,85.0591049194336,0.0,0.0,TLT
2024-11-05,253.39999389648438,253.39999389648438,0.0,0.0,GLD
2024-11-05,492.2099914550781,487.7861022949219,0.0,0.0,QQQ
2024-11-05,576.7000122070312,565.09130859375,0.0,0.0,SPY
2024-11-05,92.73999786376953,85.51091766357422,0.0,0.0,TLT
2024-11-06,245.6999969482422,245.6999969482422,0.0,0.0,GLD
2024-11-06,505.5799865722656,501.0359191894531,0.0,0.0,QQQ
2024-11-06,591.0399780273438,579.142578125,0.0,0.0,SPY
2024-11-06,90.19999694824219,83.16889190673828,0.0,0.0,TLT
2024-11-07,249.64999389648438,249.64999389648438,0.0,0.0,GLD
2024-11-07,513.5399780273438,508.9243469238281,0.0,0.0,QQQ
2024-11-07,595.6099853515625,583.62060546875,0.0,0.0,SPY
2024-11-07,91.33000183105469,84.2108383178711,0.0,0.0,TLT
2024-11-08,247.9600067138672,247.9600067138672,0.0,0.0,GLD
2024-11-08,514.1400146484375,509.51904296875,0.0,0.0,QQQ
2024-11-08,598.1900024414062,586.1487426757812,0.0,0.0,SPY
2024-11-08,92.48999786376953,85.28038787841797,0.0,0.0,TLT
2024-11-11,242.13999938964844,242.13999938964844,0.0,0.0,GLD
2024-11-11,513.8400268554688,509.22174072265625,0.0,0.0,QQQ
2024-11-11,598.760009765625,586.7071533203125,0.0,0.0,SPY
2024-11-11,92.04000091552734,84.86548614501953,0.0,0.0,TLT
2024-11-12,240.0500030517578,240.0500030517578,0.0,0.0,GLD
2024-11-12,512.9099731445312,508.3000183105469,0.0,0.0,QQQ
2024-11-12,596.9000244140625,584.8846435546875,0.0,0.0,SPY
2024-11-12,90.66000366210938,83.59305572509766,0.0,0.0,TLT
2024-11-13,237.6300048828125,237.6300048828125,0.0,0.0,GLD
2024-11-13,512.25,507.64599609375,0.0,0.0,QQQ
2024-11-13,597.1900024414062,585.1688232421875,0.0,0.0,SPY
2024-11-13,89.80000305175781,82.80009460449219,0.0,0.0,TLT
2024-11-14,237.00999450683594,237.00999450683594,0.0,0.0,GLD
2024-11-14,508.69000244140625,504.11798095703125,0.0,0.0,QQQ
2024-11-14,593.3499755859375,581.4061889648438,0.0,0.0,SPY
2024-11-14,90.31999969482422,83.27958679199219,0.0,0.0,TLT
2024-11-15,236.58999633789062,236.58999633789062,0.0,0.0,GLD
2024-11-15,496.57000732421875,492.10693359375,0.0,0.0,QQQ
2024-11-15,585.75,573.9590454101562,0.0,0.0,SPY
2024-11-15,90.08000183105469,83.05824279785156,0.0,0.0,TLT
2024-11-18,241.08999633789062,241.08999633789062,0.0,0.0,GLD
2024-11-18,500.0199890136719,495.5259094238281,0.0,0.0,QQQ
2024-11-18,588.1500244140625,576.3108520507812,0.0,0.0,SPY
2024-11-18,90.23999786376953,83.2057876586914,0.0,0.0,TLT
2024-11-19,243.25,243.25,0.0,0.0,GLD
2024-11-19,503.4599914550781,498.93499755859375,0.0,0.0,QQQ
2024-11-19,590.2999877929688,578.41748046875,0.0,0.0,SPY
2024-11-19,90.69999694824219,83.62992095947266,0.0,0.0,TLT
2024-11-20,244.6199951171875,244.6199951171875,0.0,0.0,GLD
2024-11-20,503.1700134277344,498.6476135253906,0.0,0.0,QQQ
2024-11-20,590.5,578.613525390625,0.0,0.0,SPY
2024-11-20,90.41000366210938,83.36253356933594,0.0,0.0,TLT
2024-11-21,246.66000366210938,246.66000366210938,0.0,0.0,GLD
2024-11-21,504.9800109863281,500.44134521484375,0.0,0.0,QQQ
2024-11-21,593.6699829101562,581.7196044921875,0.0,0.0,SPY
2024-11-21,90.33999633789062,83.29798126220703,0.0,0.0,TLT
2024-11-22,249.83999633789062,249.83999633789062,0.0,0.0,GLD
2024-11-22,505.7900085449219,501.2440185546875,0.0,0.0,QQQ
2024-11-22,595.510009765625,583.5225830078125,0.0,0.0,SPY
2024-11-22,90.38999938964844,83.34408569335938,0.0,0.0,TLT
2024-11-25,242.47999572753906,242.47999572753906,0.0,0.0,GLD
2024-11-25,506.5899963378906,502.0368347167969,0.0,0.0,QQQ
2024-11-25,597.530029296875,585.5020751953125,0.0,0.0,SPY
2024-11-25,92.7300033569336,85.50170135498047,0.0,0.0,TLT
2024-11-26,242.9499969482422,242.9499969482422,0.0,0.0,GLD
2024-11-26,509.30999755859375,504.7323913574219,0.0,0.0,QQQ
2024-11-26,600.6500244140625,588.5591430664062,0.0,0.0,SPY
2024-11-26,92.37000274658203,85.16976165771484,0.0,0.0,TLT
2024-11-27,243.49000549316406,243.49000549316406,0.0,0.0,GLD
2024-11-27,505.29998779296875,500.7584533691406,0.0,0.0,QQQ
2024-11-27,598.8300170898438,586.7758178710938,0.0,0.0,SPY
2024-11-27,93.01000213623047,85.7598648071289,0.0,0.0,TLT
2024-11-29,245.58999633789062,245.58999633789062,0.0,0.0,GLD
2024-11-29,509.739990234375,505.1585388183594,0.0,0.0,QQQ
2024-11-29,602.5499877929688,590.4207763671875,0.0,0.0,SPY
2024-11-29,93.97000122070312,86.64505004882812,0.0,0.0,TLT
2024-12-02,243.44000244140625,243.44000244140625,0.0,0.0,GLD
2024-12-02,515.2899780273438,510.6585998535156,0.0,0.0,QQQ
2024-12-02,603.6300048828125,591.479248046875,0.0,0.0,SPY
2024-12-02,93.87000274658203,86.85322570800781,0.325,0.0,TLT
2024-12-03,243.92999267578125,243.92999267578125,0.0,0.0,GLD
2024-12-03,516.8699951171875,512.224365234375,0.0,0.0,QQQ
2024-12-03,603.9099731445312,591.75341796875,0.0,0.0,SPY
2024-12-03,93.05999755859375,86.10377502441406,0.0,0.0,TLT
2024-12-04,244.6699981689453,244.6699981689453,0.0,0.0,GLD
2024-12-04,523.260009765625,518.5570678710938,0.0,0.0,QQQ
2024-12-04,607.6599731445312,595.427978515625,0.0,0.0,SPY
2024-12-04,94.05999755859375,87.02899932861328,0.0,0.0,TLT
2024-12-05,242.86000061035156,242.86000061035156,0.0,0.0,GLD
2024-12-05,521.8099975585938,517.1200561523438,0.0,0.0,QQQ
2024-12-05,606.6599731445312,594.4481201171875,0.0,0.0,SPY
2024-12-05,94.25,87.20481872558594,0.0,0.0,TLT
2024-12-06,242.9499969482422,242.9499969482422,0.0,0.0,GLD
2024-12-06,526.47998046875,521.748046875,0.0,0.0,QQQ
2024-12-06,607.8099975585938,595.574951171875,0.0,0.0,SPY
2024-12-06,94.38999938964844,87.33434295654297,0.0,0.0,TLT
2024-12-09,245.36000061035156,245.36000061035156,0.0,0.0,GLD
2024-12-09,522.3800048828125,517.6849365234375,0.0,0.0,QQQ
2024-12-09,604.6799926757812,592.5079956054688,0.0,0.0,SPY
2024-12-09,93.5199966430664,86.52938079833984,0.0,0.0,TLT
2024-12-10,248.58999633789062,248.58999633789062,0.0,0.0,GLD
2024-12-10,520.5999755859375,515.9208984375,0.0,0.0,QQQ
2024-12-10,602.7999877929688,590.6658325195312,0.0,0.0,SPY
2024-12-10,93.08000183105469,86.12226104736328,0.0,0.0,TLT
2024-12-11,250.9600067138672,250.9600067138672,0.0,0.0,GLD
2024-12-11,529.9199829101562,525.1571655273438,0.0,0.0,QQQ
2024-12-11,607.4600219726562,595.2320556640625,0.0,0.0,SPY
2024-12-11,92.19999694824219,85.30805969238281,0.0,0.0,TLT
2024-12-12,247.27999877929688,247.27999877929688,0.0,0.0,GLD
2024-12-12,526.5,521.7678833007812,0.0,0.0,QQQ
2024-12-12,604.3300170898438,592.1650390625,0.0,0.0,SPY
2024-12-12,91.08000183105469,84.27178192138672,0.0,0.0,TLT
2024-12-13,244.2899932861328,244.2899932861328,0.0,0.0,GLD
2024-12-13,530.530029296875,525.7616577148438,0.0,0.0,QQQ
2024-12-13,604.2100219726562,592.0474853515625,0.0,0.0,SPY
2024-12-13,90.1500015258789,83.41128540039062,0.0,0.0,TLT
2024-12-16,244.8800048828125,244.8800048828125,0.0,0.0,GLD
2024-12-16,538.1699829101562,533.3331298828125,0.0,0.0,QQQ
2024-12-16,606.7899780273438,594.5755615234375,0.0,0.0,SPY
2024-12-16,90.41999816894531,83.66109466552734,0.0,0.0,TLT
2024-12-17,243.94000244140625,243.94000244140625,0.0,0.0,GLD
2024-12-17,535.7999877929688,530.9841918945312,0.0,0.0,QQQ
2024-12-17,604.2899780273438,592.1257934570312,0.0,0.0,SPY
2024-12-17,90.63999938964844,83.86466217041016,0.0,0.0,TLT
2024-12-18,239.25999450683594,239.25999450683594,0.0,0.0,GLD
2024-12-18,516.469970703125,511.8280334472656,0.0,0.0,QQQ
2024-12-18,586.280029296875,574.4784545898438,0.0,0.0,SPY
2024-12-18,89.16000366210938,82.81598663330078,0.351,0.0,TLT
2024-12-19,239.60000610351562,239.60000610351562,0.0,0.0,GLD
2024-12-19,514.1699829101562,509.5487365722656,0.0,0.0,QQQ
2024-12-19,586.0999755859375,574.3019409179688,0.0,0.0,SPY
2024-12-19,87.80999755859375,81.56204223632812,0.0,0.0,TLT
2024-12-20,242.10000610351562,242.10000610351562,0.0,0.0,GLD
2024-12-20,518.6599731445312,513.9984741210938,0.0,0.0,QQQ
2024-12-20,591.1500244140625,581.2000122070312,1.966,0.0,SPY
2024-12-20,88.30999755859375,82.02648162841797,0.0,0.0,TLT
2024-12-23,240.9600067138672,240.9600067138672,0.0,0.0,GLD
2024-12-23,522.8699951171875,519.0060424804688,0.835,0.0,QQQ
2024-12-23,594.6900024414062,584.6802978515625,0.0,0.0,SPY
2024-12-23,87.5,81.27409362792969,0.0,0.0,TLT
2024-12-24,241.44000244140625,241.44000244140625,0.0,0.0,GLD
2024-12-24,529.9600219726562,526.0437622070312,0.0,0.0,QQQ
2024-12-24,601.2999877929688,591.1790771484375,0.0,0.0,SPY
2024-12-24,87.87000274658203,81.61779022216797,0.0,0.0,TLT
2024-12-26,243.07000732421875,243.07000732421875,0.0,0.0,GLD
2024-12-26,529.5999755859375,525.6864013671875,0.0,0.0,QQQ
2024-12-26,601.3400268554688,591.2184448242188,0.0,0.0,SPY
2024-12-26,87.81999969482422,81.57134246826172,0.0,0.0,TLT
2024-12-27,241.39999389648438,241.39999389648438,0.0,0.0,GLD
2024-12-27,522.5599975585938,518.6983642578125,0.0,0.0,QQQ
2024-12-27,595.010009765625,584.9949951171875,0.0,0.0,SPY
2024-12-27,87.0999984741211,80.9025650024414,0.0,0.0,TLT
2024-12-30,240.6300048828125,240.6300048828125,0.0,0.0,GLD
2024-12-30,515.6099853515625,511.7997131347656,0.0,0.0,QQQ
2024-12-30,588.219970703125,578.3193359375,0.0,0.0,SPY
2024-12-30,87.80000305175781,81.5527572631836,0.0,0.0,TLT
2024-12-31,242.1300048828125,242.1300048828125,0.0,0.0,GLD
2024-12-31,511.2300109863281,507.4521179199219,0.0,0.0,QQQ
2024-12-31,586.0800170898438,576.2152709960938,0.0,0.0,SPY
2024-12-31,87.33000183105469,81.1162109375,0.0,0.0,TLT
2025-01-02,245.4199981689453,245.4199981689453,0.0,0.0,GLD
2025-01-02,510.2300109863281,506.4595031738281,0.0,0.0,QQQ
2025-01-02,584.6400146484375,574.7994995117188,0.0,0.0,SPY
2025-01-02,87.56999969482422,81.33912658691406,0.0,0.0,TLT
2025-01-03,243.49000549316406,243.49000549316406,0.0,0.0,GLD
2025-01-03,518.5800170898438,514.7477416992188,0.0,0.0,QQQ
2025-01-03,591.9500122070312,581.9865112304688,0.0,0.0,SPY
2025-01-03,87.29000091552734,81.07903289794922,0.0,0.0,TLT
2025-01-06,243.19000244140625,243.19000244140625,0.0,0.0,GLD
2025-01-06,524.5399780273438,520.6636962890625,0.0,0.0,QQQ
2025-01-06,595.3599853515625,585.339111328125,0.0,0.0,SPY
2025-01-06,86.9000015258789,80.71678161621094,0.0,0.0,TLT
2025-01-07,244.55999755859375,244.55999755859375,0.0,0.0,GLD
2025-01-07,515.1799926757812,511.3728942871094,0.0,0.0,QQQ
2025-01-07,588.6300048828125,578.7222900390625,0.0,0.0,SPY
2025-01-07,85.91999816894531,79.8065185546875,0.0,0.0,TLT
2025-01-08,245.86000061035156,245.86000061035156,0.0,0.0,GLD
2025-01-08,515.27001953125,511.4622497558594,0.0,0.0,QQQ
2025-01-08,589.489990234375,579.5678100585938,0.0,0.0,SPY
2025-01-08,86.02999877929688,79.90869140625,0.0,0.0,TLT
2025-01-10,248.2100067138672,248.2100067138672,0.0,0.0,GLD
2025-01-10,507.19000244140625,503.44195556640625,0.0,0.0,QQQ
2025-01-10,580.489990234375,570.7193603515625,0.0,0.0,SPY
2025-01-10,85.45999908447266,79.3792724609375,0.0,0.0,TLT
2025-01-13,245.74000549316406,245.74000549316406,0.0,0.0,GLD
2025-01-13,505.55999755859375,501.8240051269531,0.0,0.0,QQQ
2025-01-13,581.3900146484375,571.604248046875,0.0,0.0,SPY
2025-01-13,85.43000030517578,79.35139465332031,0.0,0.0,TLT
2025-01-14,247.02999877929688,247.02999877929688,0.0,0.0,GLD
2025-01-14,505.0799865722656,501.3475341796875,0.0,0.0,QQQ
2025-01-14,582.1900024414062,572.3906860351562,0.0,0.0,SPY
2025-01-14,85.29000091552734,79.22134399414062,0.0,0.0,TLT
2025-01-15,248.8800048828125,248.8800048828125,0.0,0.0,GLD
2025-01-15,516.7000122070312,512.8816528320312,0.0,0.0,QQQ
2025-01-15,592.780029296875,582.8025512695312,0.0,0.0,SPY
2025-01-15,86.76000213623047,80.5867691040039,0.0,0.0,TLT
2025-01-16,250.60000610351562,250.60000610351562,0.0,0.0,GLD
2025-01-16,513.0800170898438,509.2884826660156,0.0,0.0,QQQ
2025-01-16,591.6400146484375,581.6817016601562,0.0,0.0,SPY
2025-01-16,87.04000091552734,80.84683990478516,0.0,0.0,TLT
2025-01-17,249.27000427246094,249.27000427246094,0.0,0.0,GLD
2025-01-17,521.739990234375,517.8843994140625,0.0,0.0,QQQ
2025-01-17,597.5800170898438,587.521728515625,0.0,0.0,SPY
2025-01-17,87.19000244140625,80.98615264892578,0.0,0.0,TLT
2025-01-21,253.1300048828125,253.1300048828125,0.0,0.0,GLD
2025-01-21,524.7999877929688,520.9218139648438,0.0,0.0,QQQ
2025-01-21,603.0499877929688,592.899658203125,0.0,0.0,SPY
2025-01-21,87.97000122070312,81.71066284179688,0.0,0.0,TLT
2025-01-22,254.42999267578125,254.42999267578125,0.0,0.0,GLD
2025-01-22,531.510009765625,527.582275390625,0.0,0.0,QQQ
2025-01-22,606.4400024414062,596.2326049804688,0.0,0.0,SPY
2025-01-22,87.51000213623047,81.28339385986328,0.0,0.0,TLT
2025-01-23,254.07000732421875,254.07000732421875,0.0,0.0,GLD
2025-01-23,532.6400146484375,528.703857421875,0.0,0.0,QQQ
2025-01-23,609.75,599.4868774414062,0.0,0.0,SPY
2025-01-23,86.83000183105469,80.65177917480469,0.0,0.0,TLT
2025-01-24,255.64999389648438,255.64999389648438,0.0,0.0,GLD
2025-01-24,529.6300048828125,525.7161254882812,0.0,0.0,QQQ
2025-01-24,607.969970703125,597.7368774414062,0.0,0.0,SPY
2025-01-24,87.22000122070312,81.0140151977539,0.0,0.0,TLT
2025-01-27,252.99000549316406,252.99000549316406,0.0,0.0,GLD
2025-01-27,514.2100219726562,510.41009521484375,0.0,0.0,QQQ
2025-01-27,599.3699951171875,589.281494140625,0.0,0.0,SPY
2025-01-27,88.25,81.97074127197266,0.0,0.0,TLT
2025-01-28,255.17999267578125,255.17999267578125,0.0,0.0,GLD
2025-01-28,521.8099975585938,517.9539184570312,0.0,0.0,QQQ
2025-01-28,604.52001953125,594.3448486328125,0.0,0.0,SPY
2025-01-28,88.19000244140625,81.91500854492188,0.0,0.0,TLT
2025-01-29,254.1999969482422,254.1999969482422,0.0,0.0,GLD
2025-01-29,520.8300170898438,516.9812622070312,0.0,0.0,QQQ
2025-01-29,601.8099975585938,591.680419921875,0.0,0.0,SPY
2025-01-29,88.01000213623047,81.74781036376953,0.0,0.0,TLT
2025-01-30,258.04998779296875,258.04998779296875,0.0,0.0,GLD
2025-01-30,523.0499877929688,519.1846923828125,0.0,0.0,QQQ
2025-01-30,605.0399780273438,594.8561401367188,0.0,0.0,SPY
2025-01-30,88.33999633789062,82.05435180664062,0.0,0.0,TLT
2025-01-31,258.55999755859375,258.55999755859375,0.0,0.0,GLD
2025-01-31,522.2899780273438,518.4303588867188,0.0,0.0,QQQ
2025-01-31,601.8200073242188,591.6903686523438,0.0,0.0,SPY
2025-01-31,87.76000213623047,81.5156021118164,0.0,0.0,TLT
2025-02-03,259.94000244140625,259.94000244140625,0.0,0.0,GLD
2025-02-03,518.1099853515625,514.28125,0.0,0.0,QQQ
2025-02-03,597.77001953125,587.7085571289062,0.0,0.0,SPY
2025-02-03,88.16000366210938,82.17930603027344,0.312,0.0,TLT
2025-02-04,262.5,262.5,0.0,0.0,GLD
2025-02-04,524.469970703125,520.5942993164062,0.0,0.0,QQQ
2025-02-04,601.780029296875,591.651123046875,0.0,0.0,SPY
2025-02-04,88.43000030517578,82.43098449707031,0.0,0.0,TLT
2025-02-05,264.1300048828125,264.1300048828125,0.0,0.0,GLD
2025-02-05,526.8499755859375,522.9566650390625,0.0,0.0,QQQ
2025-02-05,604.219970703125,594.0499267578125,0.0,0.0,SPY
2025-02-05,89.88999938964844,83.79194641113281,0.0,0.0,TLT
2025-02-06,263.42999267578125,263.42999267578125,0.0,0.0,GLD
2025-02-06,529.5999755859375,525.6864013671875,0.0,0.0,QQQ
2025-02-06,606.3200073242188,596.1146240234375,0.0,0.0,SPY
2025-02-06,89.8499984741211,83.75465393066406,0.0,0.0,TLT
2025-02-07,263.8999938964844,263.8999938964844,0.0,0.0,GLD
2025-02-07,522.9199829101562,519.0557250976562,0.0,0.0,QQQ
2025-02-07,600.77001953125,590.6580200195312,0.0,0.0,SPY
2025-02-07,89.2699966430664,83.2139892578125,0.0,0.0,TLT
2025-02-10,268.3699951171875,268.3699951171875,0.0,0.0,GLD
2025-02-10,529.25,525.3389282226562,0.0,0.0,QQQ
2025-02-10,604.8499755859375,594.6693725585938,0.0,0.0,SPY
2025-02-10,89.0,82.96232604980469,0.0,0.0,TLT
2025-02-11,267.3900146484375,267.3900146484375,0.0,0.0,GLD
2025-02-11,527.989990234375,524.0882568359375,0.0,0.0,QQQ
2025-02-11,605.3099975585938,595.1216430664062,0.0,0.0,SPY
2025-02-11,88.43000030517578,82.43098449707031,0.0,0.0,TLT
2025-02-12,267.6700134277344,267.6700134277344,0.0,0.0,GLD
2025-02-12,528.2999877929688,524.3959350585938,0.0,0.0,QQQ
2025-02-12,603.3599853515625,593.2044677734375,0.0,0.0,SPY
2025-02-12,87.2300033569336,81.3124008178711,0.0,0.0,TLT
2025-02-13,270.30999755859375,270.30999755859375,0.0,0.0,GLD
2025-02-13,535.9000244140625,531.9398193359375,0.0,0.0,QQQ
2025-02-13,609.72998046875,599.4672241210938,0.0,0.0,SPY
2025-02-13,88.68000030517578,82.66401672363281,0.0,0.0,TLT
2025-02-14,266.2900085449219,266.2900085449219,0.0,0.0,GLD
2025-02-14,538.1500244140625,534.1732177734375,0.0,0.0,QQQ
2025-02-14,609.7000122070312,599.4376831054688,0.0,0.0,SPY
2025-02-14,89.1500015258789,83.10214233398438,0.0,0.0,TLT
2025-02-18,270.70001220703125,270.70001220703125,0.0,0.0,GLD
2025-02-18,539.3699951171875,535.3840942382812,0.0,0.0,QQQ
2025-02-18,611.489990234375,601.1975708007812,0.0,0.0,SPY
2025-02-18,88.0999984741211,82.12337493896484,0.0,0.0,TLT
2025-02-19,270.8500061035156,270.8500061035156,0.0,0.0,GLD
2025-02-19,539.52001953125,535.5330810546875,0.0,0.0,QQQ
2025-02-19,612.9299926757812,602.6133422851562,0.0,0.0,SPY
2025-02-19,88.20999908447266,82.22590637207031,0.0,0.0,TLT
2025-02-20,270.989990234375,270.989990234375,0.0,0.0,GLD
2025-02-20,537.22998046875,533.2598876953125,0.0,0.0,QQQ
2025-02-20,610.3800048828125,600.1063232421875,0.0,0.0,SPY
2025-02-20,88.54000091552734,82.53353118896484,0.0,0.0,TLT
2025-02-21,270.739990234375,270.739990234375,0.0,0.0,GLD
2025-02-21,526.0800170898438,522.1923217773438,0.0,0.0,QQQ
2025-02-21,599.9400024414062,589.842041015625,0.0,0.0,SPY
2025-02-21,89.61000061035156,83.53092193603516,0.0,0.0,TLT
2025-02-24,272.2099914550781,272.2099914550781,0.0,0.0,GLD
2025-02-24,519.8699951171875,516.0282592773438,0.0,0.0,QQQ
2025-02-24,597.2100219726562,587.157958984375,0.0,0.0,SPY
2025-02-24,89.87000274658203,83.7732925415039,0.0,0.0,TLT
2025-02-25,268.6199951171875,268.6199951171875,0.0,0.0,GLD
2025-02-25,513.3200073242188,509.52667236328125,0.0,0.0,QQQ
2025-02-25,594.239990234375,584.2379150390625,0.0,0.0,SPY
2025-02-25,91.41999816894531,85.21813201904297,0.0,0.0,TLT
2025-02-26,269.0299987792969,269.0299987792969,0.0,0.0,GLD
2025-02-26,514.5599975585938,510.7574768066406,0.0,0.0,QQQ
2025-02-26,594.5399780273438,584.5328979492188,0.0,0.0,SPY
2025-02-26,91.95999908447266,85.72151947021484,0.0,0.0,TLT
2025-02-27,264.92999267578125,264.92999267578125,0.0,0.0,GLD
2025-02-27,500.2699890136719,496.57305908203125,0.0,0.0,QQQ
2025-02-27,585.0499877929688,575.20263671875,0.0,0.0,SPY
2025-02-27,91.30999755859375,85.1156005859375,0.0,0.0,TLT
2025-02-28,263.2699890136719,263.2699890136719,0.0,0.0,GLD
2025-02-28,508.1700134277344,504.41473388671875,0.0,0.0,QQQ
2025-02-28,594.1799926757812,584.178955078125,0.0,0.0,SPY
2025-02-28,92.43000030517578,86.15965270996094,0.0,0.0,TLT
2025-03-03,266.739990234375,266.739990234375,0.0,0.0,GLD
2025-03-03,497.04998779296875,493.3768615722656,0.0,0.0,QQQ
2025-03-03,583.77001953125,573.9441528320312,0.0,0.0,SPY
2025-03-03,92.56999969482422,86.56172943115234,0.29,0.0,TLT
2025-03-04,269.05999755859375,269.05999755859375,0.0,0.0,GLD
2025-03-04,495.54998779296875,491.8879699707031,0.0,0.0,QQQ
2025-03-04,576.8599853515625,567.150390625,0.0,0.0,SPY
2025-03-04,91.43000030517578,85.49573516845703,0.0,0.0,TLT
2025-03-05,269.6199951171875,269.6199951171875,0.0,0.0,GLD
2025-03-05,502.010009765625,498.30023193359375,0.0,0.0,QQQ
2025-03-05,583.0599975585938,573.2461547851562,0.0,0.0,SPY
2025-03-05,90.69999694824219,84.81309509277344,0.0,0.0,TLT
2025-03-06,268.25,268.25,0.0,0.0,GLD
2025-03-06,488.20001220703125,484.59228515625,0.0,0.0,QQQ
2025-03-06,572.7100219726562,563.0703125,0.0,0.0,SPY
2025-03-06,90.4000015258789,84.5325698852539,0.0,0.0,TLT
2025-03-07,268.3900146484375,268.3900146484375,0.0,0.0,GLD
2025-03-07,491.7900085449219,488.15582275390625,0.0,0.0,QQQ
2025-03-07,575.9199829101562,566.226318359375,0.0,0.0,SPY
2025-03-07,90.11000061035156,84.26139831542969,0.0,0.0,TLT
2025-03-10,266.0400085449219,266.0400085449219,0.0,0.0,GLD
2025-03-10,472.7300109863281,469.2366638183594,0.0,0.0,QQQ
2025-03-10,560.5800170898438,551.1444702148438,0.0,0.0,SPY
2025-03-10,91.05000305175781,85.140380859375,0.0,0.0,TLT
2025-03-11,269.1600036621094,269.1600036621094,0.0,0.0,GLD
2025-03-11,471.6000061035156,468.114990234375,0.0,0.0,QQQ
2025-03-11,555.9199829101562,546.5629272460938,0.0,0.0,SPY
2025-03-11,90.4000015258789,84.5325698852539,0.0,0.0,TLT
2025-03-12,270.3299865722656,270.3299865722656,0.0,0.0,GLD
2025-03-12,476.9200134277344,473.3956604003906,0.0,0.0,QQQ
2025-03-12,558.8699951171875,549.4632568359375,0.0,0.0,SPY
2025-03-12,89.86000061035156,84.0276107788086,0.0,0.0,TLT
2025-03-13,275.1300048828125,275.1300048828125,0.0,0.0,GLD
2025-03-13,468.3399963378906,464.8790588378906,0.0,0.0,QQQ
2025-03-13,551.4199829101562,542.1386108398438,0.0,0.0,SPY
2025-03-13,90.6500015258789,84.76634979248047,0.0,0.0,TLT
2025-03-14,275.239990234375,275.239990234375,0.0,0.0,GLD
2025-03-14,479.6600036621094,476.1153869628906,0.0,0.0,QQQ
2025-03-14,562.8099975585938,553.3369140625,0.0,0.0,SPY
2025-03-14,90.16999816894531,84.31748962402344,0.0,0.0,TLT
2025-03-17,276.7300109863281,276.7300109863281,0.0,0.0,GLD
2025-03-17,482.7699890136719,479.202392578125,0.0,0.0,QQQ
2025-03-17,567.1500244140625,557.6039428710938,0.0,0.0,SPY
2025-03-17,90.62000274658203,84.7383041381836,0.0,0.0,TLT
2025-03-18,279.9599914550781,279.9599914550781,0.0,0.0,GLD
2025-03-18,474.5400085449219,471.03326416015625,0.0,0.0,QQQ
2025-03-18,561.02001953125,551.5770874023438,0.0,0.0,SPY
2025-03-18,90.70999908447266,84.82245635986328,0.0,0.0,TLT
2025-03-19,281.1099853515625,281.1099853515625,0.0,0.0,GLD
2025-03-19,480.8900146484375,477.3363342285156,0.0,0.0,QQQ
2025-03-19,567.1300048828125,557.584228515625,0.0,0.0,SPY
2025-03-19,91.18000030517578,85.26195526123047,0.0,0.0,TLT
2025-03-20,280.75,280.75,0.0,0.0,GLD
2025-03-20,479.260009765625,475.7183532714844,0.0,0.0,QQQ
2025-03-20,565.489990234375,555.971923828125,0.0,0.0,SPY
2025-03-20,91.23999786376953,85.31803894042969,0.0,0.0,TLT
2025-03-21,278.489990234375,278.489990234375,0.0,0.0,GLD
2025-03-21,480.8399963378906,477.2866516113281,0.0,0.0,QQQ
2025-03-21,563.97998046875,556.1552734375,1.696,0.0,SPY
2025-03-21,90.69999694824219,84.81309509277344,0.0,0.0,TLT
2025-03-24,277.25,277.25,0.0,0.0,GLD
2025-03-24,490.6600036621094,487.76043701171875,0.716,0.0,QQQ
2025-03-24,574.0800170898438,566.1151733398438,0.0,0.0,SPY
2025-03-24,89.7699966430664,83.94346618652344,0.0,0.0,TLT
2025-03-25,278.4700012207031,278.4700012207031,0.0,0.0,GLD
2025-03-25,493.4599914550781,490.5438537597656,0.0,0.0,QQQ
2025-03-25,575.4600219726562,567.47607421875,0.0,0.0,SPY
2025-03-25,89.76000213623047,83.93412017822266,0.0,0.0,TLT
2025-03-26,278.239990234375,278.239990234375,0.0,0.0,GLD
2025-03-26,484.3800048828125,481.51751708984375,0.0,0.0,QQQ
2025-03-26,568.5900268554688,560.7013549804688,0.0,0.0,SPY
2025-03-26,89.16999816894531,83.38240051269531,0.0,0.0,TLT
2025-03-27,281.9700012207031,281.9700012207031,0.0,0.0,GLD
2025-03-27,481.6199951171875,478.7738342285156,0.0,0.0,QQQ
2025-03-27,567.0800170898438,559.2122802734375,0.0,0.0,SPY
2025-03-27,88.91000366210938,83.13928985595703,0.0,0.0,TLT
2025-03-28,284.05999755859375,284.05999755859375,0.0,0.0,GLD
2025-03-28,468.94000244140625,466.16876220703125,0.0,0.0,QQQ
2025-03-28,555.6599731445312,547.9506225585938,0.0,0.0,SPY
2025-03-28,90.13999938964844,84.28944396972656,0.0,0.0,TLT
2025-03-31,288.1400146484375,288.1400146484375,0.0,0.0,GLD
2025-03-31,468.9200134277344,466.14892578125,0.0,0.0,QQQ
2025-03-31,559.3900146484375,551.62890625,0.0,0.0,SPY
2025-03-31,91.02999877929688,85.12168884277344,0.0,0.0,TLT
2025-04-01,287.57000732421875,287.57000732421875,0.0,0.0,GLD
2025-04-01,472.70001220703125,469.90655517578125,0.0,0.0,QQQ
2025-04-01,560.969970703125,553.18701171875,0.0,0.0,SPY
2025-04-01,91.48999786376953,85.85929870605469,0.326,0.0,TLT
2025-04-02,288.1600036621094,288.1600036621094,0.0,0.0,GLD
2025-04-02,476.1499938964844,473.336181640625,0.0,0.0,QQQ
2025-04-02,564.52001953125,556.687744140625,0.0,0.0,SPY
2025-04-02,91.43000030517578,85.80299377441406,0.0,0.0,TLT
2025-04-03,286.4200134277344,286.4200134277344,0.0,0.0,GLD
2025-04-03,450.6600036621094,447.99676513671875,0.0,0.0,QQQ
2025-04-03,536.7000122070312,529.2538452148438,0.0,0.0,SPY
2025-04-03,91.8499984741211,86.19715881347656,0.0,0.0,TLT
2025-04-04,279.7200012207031,279.7200012207031,0.0,0.0,GLD
2025-04-04,422.6700134277344,420.1722106933594,0.0,0.0,QQQ
2025-04-04,505.2799987792969,498.2696533203125,0.0,0.0,SPY
2025-04-04,92.8499984741211,87.13558959960938,0.0,0.0,TLT
2025-04-07,273.7099914550781,273.7099914550781,0.0,0.0,GLD
2025-04-07,423.69000244140625,421.1861572265625,0.0,0.0,QQQ
2025-04-07,504.3800048828125,497.3821716308594,0.0,0.0,SPY
2025-04-07,90.05000305175781,84.5079345703125,0.0,0.0,TLT
2025-04-08,275.20001220703125,275.20001220703125,0.0,0.0,GLD
2025-04-08,416.05999755859375,413.6012268066406,0.0,0.0,QQQ
2025-04-08,496.4800109863281,489.591796875,0.0,0.0,SPY
2025-04-08,88.3499984741211,82.91254425048828,0.0,0.0,TLT
2025-04-09,285.3800048828125,285.3800048828125,0.0,0.0,GLD
2025-04-09,466.0,463.2461242675781,0.0,0.0,QQQ
2025-04-09,548.6199951171875,541.0084228515625,0.0,0.0,SPY
2025-04-09,88.87000274658203,83.40055084228516,0.0,0.0,TLT
2025-04-10,292.3500061035156,292.3500061035156,0.0,0.0,GLD
2025-04-10,446.17999267578125,443.5432434082031,0.0,0.0,QQQ
2025-04-10,524.5800170898438,517.302001953125,0.0,0.0,SPY
2025-04-10,86.41999816894531,81.10132598876953,0.0,0.0,TLT
2025-04-11,297.92999267578125,297.92999267578125,0.0,0.0,GLD
2025-04-11,454.3999938964844,451.7146911621094,0.0,0.0,QQQ
2025-04-11,533.9400024414062,526.5321044921875,0.0,0.0,SPY
2025-04-11,86.88999938964844,81.54241180419922,0.0,0.0,TLT
2025-04-14,296.2300109863281,296.2300109863281,0.0,0.0,GLD
2025-04-14,457.4800109863281,454.7765197753906,0.0,0.0,QQQ
2025-04-14,539.1199951171875,531.6402587890625,0.0,0.0,SPY
2025-04-14,87.51000213623047,82.1242446899414,0.0,0.0,TLT
2025-04-15,297.7799987792969,297.7799987792969,0.0,0.0,GLD
2025-04-15,457.989990234375,455.2834777832031,0.0,0.0,QQQ
2025-04-15,537.6099853515625,530.151123046875,0.0,0.0,SPY
2025-04-15,87.81999969482422,82.41516876220703,0.0,0.0,TLT
2025-04-16,307.4700012207031,307.4700012207031,0.0,0.0,GLD
2025-04-16,444.17999267578125,441.5550537109375,0.0,0.0,QQQ
2025-04-16,525.6599731445312,518.3668823242188,0.0,0.0,SPY
2025-04-16,88.30999755859375,82.87500762939453,0.0,0.0,TLT
2025-04-17,306.1199951171875,306.1199951171875,0.0,0.0,GLD
2025-04-17,444.1000061035156,441.4755859375,0.0,0.0,QQQ
2025-04-17,526.4099731445312,519.1064453125,0.0,0.0,SPY
2025-04-17,87.52999877929688,82.14302825927734,0.0,0.0,TLT
2025-04-21,315.5899963378906,315.5899963378906,0.0,0.0,GLD
2025-04-21,433.1099853515625,430.55047607421875,0.0,0.0,QQQ
2025-04-21,513.8800048828125,506.7503356933594,0.0,0.0,SPY
2025-04-21,86.0,80.70719146728516,0.0,0.0,TLT
2025-04-22,311.1099853515625,311.1099853515625,0.0,0.0,GLD
2025-04-22,444.4800109863281,441.85333251953125,0.0,0.0,QQQ
2025-04-22,527.25,519.934814453125,0.0,0.0,SPY
2025-04-22,86.4800033569336,81.15765380859375,0.0,0.0,TLT
2025-04-23,303.6499938964844,303.6499938964844,0.0,0.0,GLD
2025-04-23,454.55999755859375,451.8737487792969,0.0,0.0,QQQ
2025-04-23,535.4199829101562,527.991455078125,0.0,0.0,SPY
2025-04-23,87.31999969482422,81.94593811035156,0.0,0.0,TLT
2025-04-24,308.07000732421875,308.07000732421875,0.0,0.0,GLD
2025-04-24,467.3500061035156,464.5881652832031,0.0,0.0,QQQ
2025-04-24,546.6900024414062,539.105224609375,0.0,0.0,SPY
2025-04-24,88.23999786376953,82.80931854248047,0.0,0.0,TLT
2025-04-25,304.7300109863281,304.7300109863281,0.0,0.0,GLD
2025-04-25,472.55999755859375,469.767333984375,0.0,0.0,QQQ
2025-04-25,550.6400146484375,543.0004272460938,0.0,0.0,SPY
2025-04-25,88.88999938964844,83.41931915283203,0.0,0.0,TLT
2025-04-28,309.07000732421875,309.07000732421875,0.0,0.0,GLD
2025-04-28,472.4100036621094,469.61822509765625,0.0,0.0,QQQ
2025-04-28,550.8499755859375,543.2073974609375,0.0,0.0,SPY
2025-04-28,89.44999694824219,83.9448471069336,0.0,0.0,TLT
2025-04-29,306.05999755859375,306.05999755859375,0.0,0.0,GLD
2025-04-29,475.5299987792969,472.7198486328125,0.0,0.0,QQQ
2025-04-29,554.3200073242188,546.6293334960938,0.0,0.0,SPY
2025-04-29,90.19999694824219,84.64869689941406,0.0,0.0,TLT
2025-04-30,303.7699890136719,303.7699890136719,0.0,0.0,GLD
2025-04-30,475.4700012207031,472.6601867675781,0.0,0.0,QQQ
2025-04-30,554.5399780273438,546.84619140625,0.0,0.0,SPY
2025-04-30,89.47000122070312,83.96361541748047,0.0,0.0,TLT
2025-05-01,297.4599914550781,297.4599914550781,0.0,0.0,GLD
2025-05-01,481.67999267578125,478.83343505859375,0.0,0.0,QQQ
2025-05-01,558.469970703125,550.7216796875,0.0,0.0,SPY
2025-05-01,88.69000244140625,83.53789520263672,0.328,0.0,TLT
2025-05-02,297.9800109863281,297.9800109863281,0.0,0.0,GLD
2025-05-02,488.8299865722656,485.94122314453125,0.0,0.0,QQQ
2025-05-02,566.760009765625,558.8966674804688,0.0,0.0,SPY
2025-05-02,87.7300033569336,82.63365936279297,0.0,0.0,TLT
2025-05-05,306.8800048828125,306.8800048828125,0.0,0.0,GLD
2025-05-05,485.92999267578125,483.058349609375,0.0,0.0,QQQ
2025-05-05,563.510009765625,555.6917724609375,0.0,0.0,SPY
2025-05-05,87.23999786376953,82.172119140625,0.0,0.0,TLT
2025-05-06,315.4800109863281,315.4800109863281,0.0,0.0,GLD
2025-05-06,481.4100036621094,478.5650939941406,0.0,0.0,QQQ
2025-05-06,558.7999877929688,551.047119140625,0.0,0.0,SPY
2025-05-06,87.52999877929688,82.44528198242188,0.0,0.0,TLT
2025-05-07,310.75,310.75,0.0,0.0,GLD
2025-05-07,483.29998779296875,480.44390869140625,0.0,0.0,QQQ
2025-05-07,561.1500244140625,553.3645629882812,0.0,0.0,SPY
2025-05-07,87.9000015258789,82.79376983642578,0.0,0.0,TLT
2025-05-08,304.6300048828125,304.6300048828125,0.0,0.0,GLD
2025-05-08,488.2900085449219,485.4044189453125,0.0,0.0,QQQ
2025-05-08,565.0599975585938,557.2203369140625,0.0,0.0,SPY
2025-05-08,86.91999816894531,81.87068176269531,0.0,0.0,TLT
2025-05-09,306.8399963378906,306.8399963378906,0.0,0.0,GLD
2025-05-09,487.9700012207031,485.0863037109375,0.0,0.0,QQQ
2025-05-09,564.3400268554688,556.51025390625,0.0,0.0,SPY
2025-05-09,87.05000305175781,81.99314880371094,0.0,0.0,TLT
2025-05-12,298.19000244140625,298.19000244140625,0.0,0.0,GLD
2025-05-12,507.8500061035156,504.84881591796875,0.0,0.0,QQQ
2025-05-12,582.989990234375,574.9014892578125,0.0,0.0,SPY
2025-05-12,86.23999786376953,81.23021697998047,0.0,0.0,TLT
2025-05-13,299.4599914550781,299.4599914550781,0.0,0.0,GLD
2025-05-13,515.5900268554688,512.5430908203125,0.0,0.0,QQQ
2025-05-13,586.8400268554688,578.6981811523438,0.0,0.0,SPY
2025-05-13,85.88999938964844,80.90055084228516,0.0,0.0,TLT
2025-05-14,293.1600036621094,293.1600036621094,0.0,0.0,GLD
2025-05-14,518.6799926757812,515.6148681640625,0.0,0.0,QQQ
2025-05-14,587.5900268554688,579.4376831054688,0.0,0.0,SPY
2025-05-14,85.31999969482422,80.3636703491211,0.0,0.0,TLT
2025-05-15,297.8399963378906,297.8399963378906,0.0,0.0,GLD
2025-05-15,519.25,516.1814575195312,0.0,0.0,QQQ
2025-05-15,590.4600219726562,582.2678833007812,0.0,0.0,SPY
2025-05-15,86.06999969482422,81.07007598876953,0.0,0.0,TLT
2025-05-16,294.239990234375,294.239990234375,0.0,0.0,GLD
2025-05-16,521.510009765625,518.4281005859375,0.0,0.0,QQQ
2025-05-16,594.2000122070312,585.9559936523438,0.0,0.0,SPY
2025-05-16,86.30000305175781,81.2867202758789,0.0,0.0,TLT
2025-05-19,298.0299987792969,298.0299987792969,0.0,0.0,GLD
2025-05-19,522.010009765625,518.9252319335938,0.0,0.0,QQQ
2025-05-19,594.8499755859375,586.596923828125,0.0,0.0,SPY
2025-05-19,86.05000305175781,81.05123901367188,0.0,0.0,TLT
2025-05-20,303.5799865722656,303.5799865722656,0.0,0.0,GLD
2025-05-20,520.27001953125,517.1954956054688,0.0,0.0,QQQ
2025-05-20,592.8499755859375,584.6246948242188,0.0,0.0,SPY
2025-05-20,85.43000030517578,80.46727752685547,0.0,0.0,TLT
2025-05-21,305.82000732421875,305.82000732421875,0.0,0.0,GLD
2025-05-21,513.0399780273438,510.0081787109375,0.0,0.0,QQQ
2025-05-21,582.8599853515625,574.7732543945312,0.0,0.0,SPY
2025-05-21,83.97000122070312,79.09209442138672,0.0,0.0,TLT
2025-05-22,303.1099853515625,303.1099853515625,0.0,0.0,GLD
2025-05-22,514.0,510.9625549316406,0.0,0.0,QQQ
2025-05-22,583.0900268554688,575.0001831054688,0.0,0.0,SPY
2025-05-22,84.41000366210938,79.50653076171875,0.0,0.0,TLT
2025-05-23,309.75,309.75,0.0,0.0,GLD
2025-05-23,509.239990234375,506.2306213378906,0.0,0.0,QQQ
2025-05-23,579.1099853515625,571.0753173828125,0.0,0.0,SPY
2025-05-23,84.55000305175781,79.63837432861328,0.0,0.0,TLT
2025-05-27,304.5,304.5,0.0,0.0,GLD
2025-05-27,521.219970703125,518.1397705078125,0.0,0.0,QQQ
2025-05-27,591.1500244140625,582.9483642578125,0.0,0.0,SPY
2025-05-27,85.7300033569336,80.74983978271484,0.0,0.0,TLT
2025-05-28,303.80999755859375,303.80999755859375,0.0,0.0,GLD
2025-05-28,518.9099731445312,515.8434448242188,0.0,0.0,QQQ
2025-05-28,587.72998046875,579.5757446289062,0.0,0.0,SPY
2025-05-28,85.36000061035156,80.40132141113281,0.0,0.0,TLT
2025-05-29,305.6099853515625,305.6099853515625,0.0,0.0,GLD
2025-05-29,519.9299926757812,516.8574829101562,0.0,0.0,QQQ
2025-05-29,590.0499877929688,581.8635864257812,0.0,0.0,SPY
2025-05-29,86.1500015258789,81.14543151855469,0.0,0.0,TLT
2025-05-30,303.6000061035156,303.6000061035156,0.0,0.0,GLD
2025-05-30,519.1099853515625,516.0422973632812,0.0,0.0,QQQ
2025-05-30,589.3900146484375,581.2127685546875,0.0,0.0,SPY
2025-05-30,86.27999877929688,81.26789093017578,0.0,0.0,TLT
2025-06-02,311.6700134277344,311.6700134277344,0.0,0.0,GLD
2025-06-02,523.2100219726562,520.1181030273438,0.0,0.0,QQQ
2025-06-02,592.7100219726562,584.4866943359375,0.0,0.0,SPY
2025-06-02,85.16000366210938,80.51154327392578,0.32,0.0,TLT
2025-06-03,308.9100036621094,308.9100036621094,0.0,0.0,GLD
2025-06-03,527.2999877929688,524.1838989257812,0.0,0.0,QQQ
2025-06-03,596.0900268554688,587.8197631835938,0.0,0.0,SPY
2025-06-03,85.01000213623047,80.36973571777344,0.0,0.0,TLT
2025-06-04,310.8999938964844,310.8999938964844,0.0,0.0,GLD
2025-06-04,528.77001953125,525.645263671875,0.0,0.0,QQQ
2025-06-04,595.9299926757812,587.6619262695312,0.0,0.0,SPY
2025-06-04,86.38999938964844,81.67442321777344,0.0,0.0,TLT
2025-06-05,309.3299865722656,309.3299865722656,0.0,0.0,GLD
2025-06-05,524.7899780273438,521.6887817382812,0.0,0.0,QQQ
2025-06-05,593.0499877929688,584.8218994140625,0.0,0.0,SPY
2025-06-05,86.44999694824219,81.73112487792969,0.0,0.0,TLT
2025-06-06,305.17999267578125,305.17999267578125,0.0,0.0,GLD
2025-06-06,529.9199829101562,526.7883911132812,0.0,0.0,QQQ
2025-06-06,599.1400146484375,590.8274536132812,0.0,0.0,SPY
2025-06-06,85.3499984741211,80.691162109375,0.0,0.0,TLT
2025-06-09,306.6199951171875,306.6199951171875,0.0,0.0,GLD
2025-06-09,530.7000122070312,527.5638427734375,0.0,0.0,QQQ
2025-06-09,599.6799926757812,591.35986328125,0.0,0.0,SPY
2025-06-09,85.44000244140625,80.77626037597656,0.0,0.0,TLT
2025-06-10,306.7099914550781,306.7099914550781,0.0,0.0,GLD
2025-06-10,534.2100219726562,531.0531005859375,0.0,0.0,QQQ
2025-06-10,603.0800170898438,594.7127685546875,0.0,0.0,SPY
2025-06-10,85.87999725341797,81.1922378540039,0.0,0.0,TLT
2025-06-11,308.3699951171875,308.3699951171875,0.0,0.0,GLD
2025-06-11,532.4099731445312,529.263671875,0.0,0.0,QQQ
2025-06-11,601.3599853515625,593.0166015625,0.0,0.0,SPY
2025-06-11,86.13999938964844,81.43804931640625,0.0,0.0,TLT
2025-06-12,312.20001220703125,312.20001220703125,0.0,0.0,GLD
2025-06-12,533.6599731445312,530.5062866210938,0.0,0.0,QQQ
2025-06-12,603.75,595.3734741210938,0.0,0.0,SPY
2025-06-12,87.16999816894531,82.41182708740234,0.0,0.0,TLT
2025-06-13,316.2900085449219,316.2900085449219,0.0,0.0,GLD
2025-06-13,526.9600219726562,523.845947265625,0.0,0.0,QQQ
2025-06-13,597.0,588.7171020507812,0.0,0.0,SPY
2025-06-13,86.33000183105469,81.61769104003906,0.0,0.0,TLT
2025-06-16,311.7799987792969,311.7799987792969,0.0,0.0,GLD
2025-06-16,534.2899780273438,531.132568359375,0.0,0.0,QQQ
2025-06-16,602.6799926757812,594.318359375,0.0,0.0,SPY
2025-06-16,85.45999908447266,80.795166015625,0.0,0.0,TLT
2025-06-17,311.94000244140625,311.94000244140625,0.0,0.0,GLD
2025-06-17,529.0800170898438,525.953369140625,0.0,0.0,QQQ
2025-06-17,597.530029296875,589.2398681640625,0.0,0.0,SPY
2025-06-17,86.5,81.77841186523438,0.0,0.0,TLT
2025-06-18,310.260009765625,310.260009765625,0.0,0.0,GLD
2025-06-18,528.989990234375,525.8638305664062,0.0,0.0,QQQ
2025-06-18,597.4400024414062,589.1510009765625,0.0,0.0,SPY
2025-06-18,86.6500015258789,81.92021942138672,0.0,0.0,TLT
2025-06-20,310.1300048828125,310.1300048828125,0.0,0.0,GLD
2025-06-20,526.8300170898438,523.7166748046875,0.0,0.0,QQQ
2025-06-20,594.280029296875,587.7673950195312,1.761,0.0,SPY
2025-06-20,86.48999786376953,81.76895141601562,0.0,0.0,TLT
2025-06-23,311.0799865722656,311.0799865722656,0.0,0.0,GLD
2025-06-23,531.6500244140625,529.1017456054688,0.591,0.0,QQQ
2025-06-23,600.1500244140625,593.572998046875,0.0,0.0,SPY
2025-06-23,86.7699966430664,82.0336685180664,0.0,0.0,TLT
2025-06-24,306.19000244140625,306.19000244140625,0.0,0.0,GLD
2025-06-24,539.780029296875,537.1927490234375,0.0,0.0,QQQ
2025-06-24,606.780029296875,600.1304321289062,0.0,0.0,SPY
2025-06-24,87.4000015258789,82.6292724609375,0.0,0.0,TLT
2025-06-25,307.1199951171875,307.1199951171875,0.0,0.0,GLD
2025-06-25,541.1599731445312,538.5661010742188,0.0,0.0,QQQ
2025-06-25,607.1199951171875,600.4666748046875,0.0,0.0,SPY
2025-06-25,87.51000213623047,82.73326873779297,0.0,0.0,TLT
2025-06-26,306.7799987792969,306.7799987792969,0.0,0.0,GLD
2025-06-26,546.219970703125,543.601806640625,0.0,0.0,QQQ
2025-06-26,611.8699951171875,605.1646118164062,0.0,0.0,SPY
2025-06-26,87.94999694824219,83.14925384521484,0.0,0.0,TLT
2025-06-27,301.2200012207031,301.2200012207031,0.0,0.0,GLD
2025-06-27,548.0900268554688,545.4630126953125,0.0,0.0,QQQ
2025-06-27,614.9099731445312,608.1712646484375,0.0,0.0,SPY
2025-06-27,87.38999938964844,82.61984252929688,0.0,0.0,TLT
2025-06-30,304.8299865722656,304.8299865722656,0.0,0.0,GLD
2025-06-30,551.6400146484375,548.9959106445312,0.0,0.0,QQQ
2025-06-30,617.8499755859375,611.0791015625,0.0,0.0,SPY
2025-06-30,88.25,83.4328842163086,0.0,0.0,TLT
2025-07-01,307.54998779296875,307.54998779296875,0.0,0.0,GLD
2025-07-01,546.989990234375,544.3682861328125,0.0,0.0,QQQ
2025-07-01,617.6500244140625,610.8812866210938,0.0,0.0,SPY
2025-07-01,88.13999938964844,83.63976287841797,0.328,0.0,TLT
2025-07-02,309.25,309.25,0.0,0.0,GLD
2025-07-02,550.7999877929688,548.159912109375,0.0,0.0,QQQ
2025-07-02,620.4500122070312,613.6505737304688,0.0,0.0,SPY
2025-07-02,87.58000183105469,83.10833740234375,0.0,0.0,TLT
2025-07-03,307.1400146484375,307.1400146484375,0.0,0.0,GLD
2025-07-03,556.219970703125,553.553955078125,0.0,0.0,QQQ
2025-07-03,625.3400268554688,618.4869995117188,0.0,0.0,SPY
2025-07-03,86.97000122070312,82.52948760986328,0.0,0.0,TLT
2025-07-07,307.3699951171875,307.3699951171875,0.0,0.0,GLD
2025-07-07,552.030029296875,549.3840942382812,0.0,0.0,QQQ
2025-07-07,620.6799926757812,613.8780517578125,0.0,0.0,SPY
2025-07-07,86.13999938964844,81.74186706542969,0.0,0.0,TLT
2025-07-08,304.1600036621094,304.1600036621094,0.0,0.0,GLD
2025-07-08,552.3400268554688,549.6925048828125,0.0,0.0,QQQ
2025-07-08,620.3400268554688,613.5418090820312,0.0,0.0,SPY
2025-07-08,86.02999877929688,81.6374740600586,0.0,0.0,TLT
2025-07-09,305.5199890136719,305.5199890136719,0.0,0.0,GLD
2025-07-09,556.25,553.5838012695312,0.0,0.0,QQQ
2025-07-09,624.0599975585938,617.2210083007812,0.0,0.0,SPY
2025-07-09,86.93000030517578,82.49153900146484,0.0,0.0,TLT
2025-07-10,306.20001220703125,306.20001220703125,0.0,0.0,GLD
2025-07-10,555.4500122070312,552.7876586914062,0.0,0.0,QQQ
2025-07-10,625.8200073242188,618.9617919921875,0.0,0.0,SPY
2025-07-10,86.98999786376953,82.5484619140625,0.0,0.0,TLT
2025-07-11,309.1400146484375,309.1400146484375,0.0,0.0,GLD
2025-07-11,554.2000122070312,551.5436401367188,0.0,0.0,QQQ
2025-07-11,623.6199951171875,616.7857666015625,0.0,0.0,SPY
2025-07-11,85.79000091552734,81.40974426269531,0.0,0.0,TLT
2025-07-14,308.010009765625,308.010009765625,0.0,0.0,GLD
2025-07-14,556.2100219726562,553.5440673828125,0.0,0.0,QQQ
2025-07-14,624.8099975585938,617.9627685546875,0.0,0.0,SPY
2025-07-14,85.61000061035156,81.23892211914062,0.0,0.0,TLT
2025-07-15,306.7300109863281,306.7300109863281,0.0,0.0,GLD
2025-07-15,556.719970703125,554.051513671875,0.0,0.0,QQQ
2025-07-15,622.1400146484375,615.3220825195312,0.0,0.0,SPY
2025-07-15,85.01000213623047,80.6695785522461,0.0,0.0,TLT
2025-07-16,308.260009765625,308.260009765625,0.0,0.0,GLD
2025-07-16,557.2899780273438,554.6187744140625,0.0,0.0,QQQ
2025-07-16,624.219970703125,617.3792724609375,0.0,0.0,SPY
2025-07-16,85.12999725341797,80.78343200683594,0.0,0.0,TLT
2025-07-17,307.5899963378906,307.5899963378906,0.0,0.0,GLD
2025-07-17,561.7999877929688,559.1072998046875,0.0,0.0,QQQ
2025-07-17,628.0399780273438,621.1573486328125,0.0,0.0,SPY
2025-07-17,85.11000061035156,80.76445770263672,0.0,0.0,TLT
2025-07-18,308.3900146484375,308.3900146484375,0.0,0.0,GLD
2025-07-18,561.260009765625,558.56982421875,0.0,0.0,QQQ
2025-07-18,627.5800170898438,620.7025146484375,0.0,0.0,SPY
2025-07-18,85.23999786376953,80.8878173828125,0.0,0.0,TLT
2025-07-21,313.1300048828125,313.1300048828125,0.0,0.0,GLD
2025-07-21,564.1699829101562,561.4658813476562,0.0,0.0,QQQ
2025-07-21,628.77001953125,621.87939453125,0.0,0.0,SPY
2025-07-21,86.0,81.60903930664062,0.0,0.0,TLT
2025-07-22,316.1000061035156,316.1000061035156,0.0,0.0,GLD
2025-07-22,561.25,558.559814453125,0.0,0.0,QQQ
2025-07-22,628.8599853515625,621.9684448242188,0.0,0.0,SPY
2025-07-22,86.5199966430664,82.10245513916016,0.0,0.0,TLT
2025-07-23,312.17999267578125,312.17999267578125,0.0,0.0,GLD
2025-07-23,563.8099975585938,561.1075439453125,0.0,0.0,QQQ
2025-07-23,634.2100219726562,627.2597045898438,0.0,0.0,SPY
2025-07-23,86.04000091552734,81.64698028564453,0.0,0.0,TLT
2025-07-24,310.2699890136719,310.2699890136719,0.0,0.0,GLD
2025-07-24,565.010009765625,562.3018798828125,0.0,0.0,QQQ
2025-07-24,634.4199829101562,627.4674682617188,0.0,0.0,SPY
2025-07-24,85.88999938964844,81.50464630126953,0.0,0.0,TLT
2025-07-25,307.3999938964844,307.3999938964844,0.0,0.0,GLD
2025-07-25,566.3699951171875,563.6553344726562,0.0,0.0,QQQ
2025-07-25,637.0999755859375,630.1181030273438,0.0,0.0,SPY
2025-07-25,86.43000030517578,82.01705932617188,0.0,0.0,TLT
2025-07-28,305.4100036621094,305.4100036621094,0.0,0.0,GLD
2025-07-28,568.1400146484375,565.4168701171875,0.0,0.0,QQQ
2025-07-28,636.9400024414062,629.9598388671875,0.0,0.0,SPY
2025-07-28,85.87000274658203,81.48564910888672,0.0,0.0,TLT
2025-07-29,306.25,306.25,0.0,0.0,GLD
2025-07-29,567.260009765625,564.541015625,0.0,0.0,QQQ
2025-07-29,635.260009765625,628.2982788085938,0.0,0.0,SPY
2025-07-29,87.31999969482422,82.86162567138672,0.0,0.0,TLT
2025-07-30,300.9599914550781,300.9599914550781,0.0,0.0,GLD
2025-07-30,568.02001953125,565.2974853515625,0.0,0.0,QQQ
2025-07-30,634.4600219726562,627.5070190429688,0.0,0.0,SPY
2025-07-30,86.87000274658203,82.43460083007812,0.0,0.0,TLT
2025-07-31,302.9599914550781,302.9599914550781,0.0,0.0,GLD
2025-07-31,565.010009765625,562.3018798828125,0.0,0.0,QQQ
2025-07-31,632.0800170898438,625.1531372070312,0.0,0.0,SPY
2025-07-31,86.91999816894531,82.48204803466797,0.0,0.0,TLT
2025-08-01,309.1099853515625,309.1099853515625,0.0,0.0,GLD
2025-08-01,553.8800048828125,551.2252197265625,0.0,0.0,QQQ
2025-08-01,621.719970703125,614.9066162109375,0.0,0.0,SPY
2025-08-01,87.81999969482422,83.65464782714844,0.331,0.0,TLT
2025-08-04,310.9100036621094,310.9100036621094,0.0,0.0,GLD
2025-08-04,564.0999755859375,561.3961181640625,0.0,0.0,QQQ
2025-08-04,631.1699829101562,624.2530517578125,0.0,0.0,SPY
2025-08-04,88.05999755859375,83.88325500488281,0.0,0.0,TLT
2025-08-05,311.1600036621094,311.1600036621094,0.0,0.0,GLD
2025-08-05,560.27001953125,557.5845947265625,0.0,0.0,QQQ
2025-08-05,627.969970703125,621.0880737304688,0.0,0.0,SPY
2025-08-05,88.33000183105469,84.14047241210938,0.0,0.0,TLT
2025-08-06,310.5,310.5,0.0,0.0,GLD
2025-08-06,567.3200073242188,564.6007690429688,0.0,0.0,QQQ
2025-08-06,632.780029296875,625.8455200195312,0.0,0.0,SPY
2025-08-06,87.81999969482422,83.65464782714844,0.0,0.0,TLT
2025-08-07,313.1199951171875,313.1199951171875,0.0,0.0,GLD
2025-08-07,569.239990234375,566.5115356445312,0.0,0.0,QQQ
2025-08-07,632.25,625.3212280273438,0.0,0.0,SPY
2025-08-07,87.66999816894531,83.51176452636719,0.0,0.0,TLT
2025-08-08,313.04998779296875,313.04998779296875,0.0,0.0,GLD
2025-08-08,574.5499877929688,571.7960815429688,0.0,0.0,QQQ
2025-08-08,637.1799926757812,630.1972045898438,0.0,0.0,SPY
2025-08-08,87.29000091552734,83.14979553222656,0.0,0.0,TLT
2025-08-11,308.54998779296875,308.54998779296875,0.0,0.0,GLD
2025-08-11,572.8499755859375,570.104248046875,0.0,0.0,QQQ
2025-08-11,635.9199829101562,628.9509887695312,0.0,0.0,SPY
2025-08-11,87.38999938964844,83.24506378173828,0.0,0.0,TLT
2025-08-12,308.2699890136719,308.2699890136719,0.0,0.0,GLD
2025-08-12,580.0499877929688,577.2697143554688,0.0,0.0,QQQ
2025-08-12,642.6900024414062,635.6467895507812,0.0,0.0,SPY
2025-08-12,86.94999694824219,82.82591247558594,0.0,0.0,TLT
2025-08-13,309.2099914550781,309.2099914550781,0.0,0.0,GLD
2025-08-13,580.3400268554688,577.558349609375,0.0,0.0,QQQ
2025-08-13,644.8900146484375,637.82275390625,0.0,0.0,SPY
2025-08-13,87.66999816894531,83.51176452636719,0.0,0.0,TLT
2025-08-14,307.25,307.25,0.0,0.0,GLD
2025-08-14,579.8900146484375,577.110595703125,0.0,0.0,QQQ
2025-08-14,644.9500122070312,637.882080078125,0.0,0.0,SPY
2025-08-14,87.0199966430664,82.89259338378906,0.0,0.0,TLT
2025-08-15,307.42999267578125,307.42999267578125,0.0,0.0,GLD
2025-08-15,577.3400268554688,574.57275390625,0.0,0.0,QQQ
2025-08-15,643.4400024414062,636.3886108398438,0.0,0.0,SPY
2025-08-15,86.4000015258789,82.30201721191406,0.0,0.0,TLT
2025-08-18,306.95001220703125,306.95001220703125,0.0,0.0,GLD
2025-08-18,577.1099853515625,574.34375,0.0,0.0,QQQ
2025-08-18,643.2999877929688,636.2501831054688,0.0,0.0,SPY
2025-08-18,86.1500015258789,82.06385803222656,0.0,0.0,TLT
2025-08-19,305.2699890136719,305.2699890136719,0.0,0.0,GLD
2025-08-19,569.280029296875,566.5514526367188,0.0,0.0,QQQ
2025-08-19,639.8099975585938,632.7984008789062,0.0,0.0,SPY
2025-08-19,86.6500015258789,82.54015350341797,0.0,0.0,TLT
2025-08-20,308.3599853515625,308.3599853515625,0.0,0.0,GLD
2025-08-20,565.9000244140625,563.1876220703125,0.0,0.0,QQQ
2025-08-20,638.1099853515625,631.1170043945312,0.0,0.0,SPY
2025-08-20,86.83999633789062,82.72114562988281,0.0,0.0,TLT
2025-08-21,307.2900085449219,307.2900085449219,0.0,0.0,GLD
2025-08-21,563.280029296875,560.5802001953125,0.0,0.0,QQQ
2025-08-21,635.5499877929688,628.5850830078125,0.0,0.0,SPY
2025-08-21,86.41000366210938,82.31153106689453,0.0,0.0,TLT
2025-08-22,310.5799865722656,310.5799865722656,0.0,0.0,GLD
2025-08-22,571.969970703125,569.2284545898438,0.0,0.0,QQQ
2025-08-22,645.3099975585938,638.2381591796875,0.0,0.0,SPY
2025-08-22,87.05000305175781,82.92117309570312,0.0,0.0,TLT
2025-08-25,309.8299865722656,309.8299865722656,0.0,0.0,GLD
2025-08-25,570.3200073242188,567.5863647460938,0.0,0.0,QQQ
2025-08-25,642.469970703125,635.4292602539062,0.0,0.0,SPY
2025-08-25,86.80000305175781,82.68302917480469,0.0,0.0,TLT
2025-08-26,312.0799865722656,312.0799865722656,0.0,0.0,GLD
2025-08-26,572.6099853515625,569.8654174804688,0.0,0.0,QQQ
2025-08-26,645.1599731445312,638.0897216796875,0.0,0.0,SPY
2025-08-26,86.75,82.63540649414062,0.0,0.0,TLT
2025-08-27,312.7099914550781,312.7099914550781,0.0,0.0,GLD
2025-08-27,573.489990234375,570.7412109375,0.0,0.0,QQQ
2025-08-27,646.6300048828125,639.5436401367188,0.0,0.0,SPY
2025-08-27,86.6500015258789,82.54015350341797,0.0,0.0,TLT
2025-08-28,315.0299987792969,315.0299987792969,0.0,0.0,GLD
2025-08-28,577.0800170898438,574.3140258789062,0.0,0.0,QQQ
2025-08-28,648.9199829101562,641.8085327148438,0.0,0.0,SPY
2025-08-28,87.22000122070312,83.08312225341797,0.0,0.0,TLT
2025-08-29,318.07000732421875,318.07000732421875,0.0,0.0,GLD
2025-08-29,570.4000244140625,567.6660766601562,0.0,0.0,QQQ
2025-08-29,645.0499877929688,637.98095703125,0.0,0.0,SPY
2025-08-29,86.5999984741211,82.4925308227539,0.0,0.0,TLT
2025-09-02,325.5899963378906,325.5899963378906,0.0,0.0,GLD
2025-09-02,565.6199951171875,562.9088745117188,0.0,0.0,QQQ
2025-09-02,640.27001953125,633.2533569335938,0.0,0.0,SPY
2025-09-02,85.62999725341797,81.87863159179688,0.328,0.0,TLT
2025-09-03,328.1400146484375,328.1400146484375,0.0,0.0,GLD
2025-09-03,570.0700073242188,567.3375854492188,0.0,0.0,QQQ
2025-09-03,643.739990234375,636.685302734375,0.0,0.0,SPY
2025-09-03,86.56999969482422,82.7774658203125,0.0,0.0,TLT
2025-09-04,326.69000244140625,326.69000244140625,0.0,0.0,GLD
2025-09-04,575.22998046875,572.4728393554688,0.0,0.0,QQQ
2025-09-04,649.1199951171875,642.0064086914062,0.0,0.0,SPY
2025-09-04,87.2300033569336,83.40853881835938,0.0,0.0,TLT
2025-09-05,331.04998779296875,331.04998779296875,0.0,0.0,GLD
2025-09-05,576.0599975585938,573.298828125,0.0,0.0,QQQ
2025-09-05,647.239990234375,640.14697265625,0.0,0.0,SPY
2025-09-05,88.55999755859375,84.68029022216797,0.0,0.0,TLT
2025-09-08,334.82000732421875,334.82000732421875,0.0,0.0,GLD
2025-09-08,578.8699951171875,576.0953979492188,0.0,0.0,QQQ
2025-09-08,648.8300170898438,641.7195434570312,0.0,0.0,SPY
2025-09-08,89.73999786376953,85.80857849121094,0.0,0.0,TLT
2025-09-09,334.05999755859375,334.05999755859375,0.0,0.0,GLD
2025-09-09,580.510009765625,577.7275390625,0.0,0.0,QQQ
2025-09-09,650.3300170898438,643.2031860351562,0.0,0.0,SPY
2025-09-09,89.2300033569336,85.32093811035156,0.0,0.0,TLT
2025-09-10,335.260009765625,335.260009765625,0.0,0.0,GLD
2025-09-10,580.7000122070312,577.9166870117188,0.0,0.0,QQQ
2025-09-10,652.2100219726562,645.0625,0.0,0.0,SPY
2025-09-10,89.73999786376953,85.80857849121094,0.0,0.0,TLT
2025-09-11,334.760009765625,334.760009765625,0.0,0.0,GLD
2025-09-11,584.0800170898438,581.2804565429688,0.0,0.0,QQQ
2025-09-11,657.6300048828125,650.423095703125,0.0,0.0,SPY
2025-09-11,90.33999633789062,86.38230895996094,0.0,0.0,TLT
2025-09-12,335.4200134277344,335.4200134277344,0.0,0.0,GLD
2025-09-12,586.6599731445312,583.8480224609375,0.0,0.0,QQQ
2025-09-12,657.4099731445312,650.20556640625,0.0,0.0,SPY
2025-09-12,89.94999694824219,86.00938415527344,0.0,0.0,TLT
2025-09-15,338.9100036621094,338.9100036621094,0.0,0.0,GLD
2025-09-15,591.6799926757812,588.843994140625,0.0,0.0,QQQ
2025-09-15,660.9099731445312,653.6671142578125,0.0,0.0,SPY
2025-09-15,90.16000366210938,86.21018981933594,0.0,0.0,TLT
2025-09-16,339.5899963378906,339.5899963378906,0.0,0.0,GLD
2025-09-16,591.1799926757812,588.3463745117188,0.0,0.0,QQQ
2025-09-16,660.0,652.7671508789062,0.0,0.0,SPY
2025-09-16,90.3499984741211,86.3918685913086,0.0,0.0,TLT
2025-09-17,336.9700012207031,336.9700012207031,0.0,0.0,GLD
2025-09-17,590.0,587.1720581054688,0.0,0.0,QQQ
2025-09-17,659.1799926757812,651.9561157226562,0.0,0.0,SPY
2025-09-17,90.12000274658203,86.17194366455078,0.0,0.0,TLT
2025-09-18,335.6199951171875,335.6199951171875,0.0,0.0,GLD
2025-09-18,595.3200073242188,592.4666137695312,0.0,0.0,QQQ
2025-09-18,662.260009765625,655.0023193359375,0.0,0.0,SPY
2025-09-18,89.19000244140625,85.28268432617188,0.0,0.0,TLT
2025-09-19,339.17999267578125,339.17999267578125,0.0,0.0,GLD
2025-09-19,599.3499755859375,596.4772338867188,0.0,0.0,QQQ
2025-09-19,663.7000122070312,658.2465209960938,1.831,0.0,SPY
2025-09-19,89.0199966430664,85.12012481689453,0.0,0.0,TLT
2025-09-22,345.04998779296875,345.04998779296875,0.0,0.0,GLD
2025-09-22,602.2000122070312,600.0083618164062,0.694,0.0,QQQ
2025-09-22,666.8400268554688,661.3607177734375,0.0,0.0,SPY
2025-09-22,88.69999694824219,84.81414031982422,0.0,0.0,TLT
2025-09-23,346.4599914550781,346.4599914550781,0.0,0.0,GLD
2025-09-23,598.2000122070312,596.0228881835938,0.0,0.0,QQQ
2025-09-23,663.2100219726562,657.7605590820312,0.0,0.0,SPY
2025-09-23,89.31999969482422,85.40699005126953,0.0,0.0,TLT
2025-09-24,343.32000732421875,343.32000732421875,0.0,0.0,GLD
2025-09-24,596.0999755859375,593.9305419921875,0.0,0.0,QQQ
2025-09-24,661.0999755859375,655.6678466796875,0.0,0.0,SPY
2025-09-24,88.9800033569336,85.0818862915039,0.0,0.0,TLT
2025-09-25,344.75,344.75,0.0,0.0,GLD
2025-09-25,593.530029296875,591.3699340820312,0.0,0.0,QQQ
2025-09-25,658.0499877929688,652.6429443359375,0.0,0.0,SPY
2025-09-25,88.9800033569336,85.0818862915039,0.0,0.0,TLT
2025-09-26,346.739990234375,346.739990234375,0.0,0.0,GLD
2025-09-26,595.969970703125,593.8009643554688,0.0,0.0,QQQ
2025-09-26,661.8200073242188,656.3818969726562,0.0,0.0,SPY
2025-09-26,88.9000015258789,85.0053939819336,0.0,0.0,TLT
2025-09-29,352.4599914550781,352.4599914550781,0.0,0.0,GLD
2025-09-29,598.72998046875,596.5509643554688,0.0,0.0,QQQ
2025-09-29,663.6799926757812,658.2266845703125,0.0,0.0,SPY
2025-09-29,89.62999725341797,85.70340728759766,0.0,0.0,TLT
2025-09-30,355.4700012207031,355.4700012207031,0.0,0.0,GLD
2025-09-30,600.3699951171875,598.1849975585938,0.0,0.0,QQQ
2025-09-30,666.1799926757812,660.7060546875,0.0,0.0,SPY
2025-09-30,89.37000274658203,85.45480346679688,0.0,0.0,TLT
2025-10-01,356.0299987792969,356.0299987792969,0.0,0.0,GLD
2025-10-01,603.25,601.0545043945312,0.0,0.0,QQQ
2025-10-01,668.4500122070312,662.9574584960938,0.0,0.0,SPY
2025-10-01,89.29000091552734,85.67548370361328,0.31,0.0,TLT
2025-10-02,354.7900085449219,354.7900085449219,0.0,0.0,GLD
2025-10-02,605.72998046875,603.5255126953125,0.0,0.0,QQQ
2025-10-02,669.219970703125,663.7210693359375,0.0,0.0,SPY
2025-10-02,89.55000305175781,85.92496490478516,0.0,0.0,TLT
2025-10-03,357.6400146484375,357.6400146484375,0.0,0.0,GLD
2025-10-03,603.1799926757812,600.9848022460938,0.0,0.0,QQQ
2025-10-03,669.2100219726562,663.7113037109375,0.0,0.0,SPY
2025-10-03,89.37999725341797,85.7618408203125,0.0,0.0,TLT
2025-10-06,364.3800048828125,364.3800048828125,0.0,0.0,GLD
2025-10-06,607.7100219726562,605.498291015625,0.0,0.0,QQQ
2025-10-06,671.6099853515625,666.0914916992188,0.0,0.0,SPY
2025-10-06,88.66999816894531,85.08059692382812,0.0,0.0,TLT
2025-10-07,366.260009765625,366.260009765625,0.0,0.0,GLD
2025-10-07,604.510009765625,602.3099975585938,0.0,0.0,QQQ
2025-10-07,669.1199951171875,663.6220092773438,0.0,0.0,SPY
2025-10-07,89.18000030517578,85.56993865966797,0.0,0.0,TLT
2025-10-08,372.29998779296875,372.29998779296875,0.0,0.0,GLD
2025-10-08,611.4400024414062,609.2147216796875,0.0,0.0,QQQ
2025-10-08,673.1099853515625,667.5791625976562,0.0,0.0,SPY
2025-10-08,89.25,85.63711547851562,0.0,0.0,TLT
2025-10-09,365.42999267578125,365.42999267578125,0.0,0.0,GLD
2025-10-09,610.7000122070312,608.4774169921875,0.0,0.0,QQQ
2025-10-09,671.1599731445312,665.6452026367188,0.0,0.0,SPY
2025-10-09,89.18000030517578,85.56993865966797,0.0,0.0,TLT
2025-10-10,369.1199951171875,369.1199951171875,0.0,0.0,GLD
2025-10-10,589.5,587.3545532226562,0.0,0.0,QQQ
2025-10-10,653.02001953125,647.6542358398438,0.0,0.0,SPY
2025-10-10,90.62000274658203,86.95165252685547,0.0,0.0,TLT
2025-10-13,378.0899963378906,378.0899963378906,0.0,0.0,GLD
2025-10-13,602.010009765625,599.8190307617188,0.0,0.0,QQQ
2025-10-13,663.0399780273438,657.5919189453125,0.0,0.0,SPY
2025-10-13,90.56999969482422,86.90367889404297,0.0,0.0,TLT
2025-10-14,380.7900085449219,380.7900085449219,0.0,0.0,GLD
2025-10-14,598.0,595.8236694335938,0.0,0.0,QQQ
2025-10-14,662.22998046875,656.78857421875,0.0,0.0,SPY
2025-10-14,90.86000061035156,87.18194580078125,0.0,0.0,TLT
2025-10-15,387.3900146484375,387.3900146484375,0.0,0.0,GLD
2025-10-15,602.219970703125,600.0282592773438,0.0,0.0,QQQ
2025-10-15,665.1699829101562,659.7044067382812,0.0,0.0,SPY
2025-10-15,90.66000366210938,86.99003601074219,0.0,0.0,TLT
2025-10-16,396.45001220703125,396.45001220703125,0.0,0.0,GLD
2025-10-16,599.989990234375,597.806396484375,0.0,0.0,QQQ
2025-10-16,660.6400146484375,655.211669921875,0.0,0.0,SPY
2025-10-16,91.33999633789062,87.64250946044922,0.0,0.0,TLT
2025-10-17,388.989990234375,388.989990234375,0.0,0.0,GLD
2025-10-17,603.9299926757812,601.7320556640625,0.0,0.0,QQQ
2025-10-17,664.3900146484375,658.9308471679688,0.0,0.0,SPY
2025-10-17,91.19999694824219,87.50816345214844,0.0,0.0,TLT
2025-10-20,403.1499938964844,403.1499938964844,0.0,0.0,GLD
2025-10-20,611.5399780273438,609.3143310546875,0.0,0.0,QQQ
2025-10-20,671.2999877929688,665.7840576171875,0.0,0.0,SPY
2025-10-20,91.55000305175781,87.84400939941406,0.0,0.0,TLT
2025-10-21,377.239990234375,377.239990234375,0.0,0.0,GLD
2025-10-21,611.3800048828125,609.1549072265625,0.0,0.0,QQQ
2025-10-21,671.2899780273438,665.7741088867188,0.0,0.0,SPY
2025-10-21,92.0,88.27578735351562,0.0,0.0,TLT
2025-10-22,377.2799987792969,377.2799987792969,0.0,0.0,GLD
2025-10-22,605.489990234375,603.286376953125,0.0,0.0,QQQ
2025-10-22,667.7999877929688,662.312744140625,0.0,0.0,SPY
2025-10-22,92.05999755859375,88.3333511352539,0.0,0.0,TLT
2025-10-23,378.7900085449219,378.7900085449219,0.0,0.0,GLD
2025-10-23,610.5800170898438,608.35791015625,0.0,0.0,QQQ
2025-10-23,671.760009765625,666.2402954101562,0.0,0.0,SPY
2025-10-23,91.43000030517578,87.72887420654297,0.0,0.0,TLT
2025-10-24,377.5199890136719,377.5199890136719,0.0,0.0,GLD
2025-10-24,617.0999755859375,614.8540649414062,0.0,0.0,QQQ
2025-10-24,677.25,671.6851806640625,0.0,0.0,SPY
2025-10-24,91.47000122070312,87.76724243164062,0.0,0.0,TLT
2025-10-27,367.010009765625,367.010009765625,0.0,0.0,GLD
2025-10-27,628.0900268554688,625.80419921875,0.0,0.0,QQQ
2025-10-27,685.239990234375,679.6094970703125,0.0,0.0,SPY
2025-10-27,91.77999877929688,88.06468963623047,0.0,0.0,TLT
2025-10-28,364.3800048828125,364.3800048828125,0.0,0.0,GLD
2025-10-28,632.9199829101562,630.6165161132812,0.0,0.0,QQQ
2025-10-28,687.0599975585938,681.41455078125,0.0,0.0,SPY
2025-10-28,92.0199966430664,88.29496765136719,0.0,0.0,TLT
2025-10-29,363.0,363.0,0.0,0.0,GLD
2025-10-29,635.77001953125,633.4561767578125,0.0,0.0,QQQ
2025-10-29,687.3900146484375,681.7418212890625,0.0,0.0,SPY
2025-10-29,91.08999633789062,87.40262603759766,0.0,0.0,TLT
2025-10-30,370.1300048828125,370.1300048828125,0.0,0.0,GLD
2025-10-30,626.0499877929688,623.7715454101562,0.0,0.0,QQQ
2025-10-30,679.8300170898438,674.2440185546875,0.0,0.0,SPY
2025-10-30,90.55999755859375,86.89408111572266,0.0,0.0,TLT
2025-10-31,368.1199951171875,368.1199951171875,0.0,0.0,GLD
2025-10-31,629.0700073242188,626.7805786132812,0.0,0.0,QQQ
2025-10-31,682.0599975585938,676.4556884765625,0.0,0.0,SPY
2025-10-31,90.29000091552734,86.63500213623047,0.0,0.0,TLT
2025-11-03,368.7799987792969,368.7799987792969,0.0,0.0,GLD
2025-11-03,632.0800170898438,629.7796630859375,0.0,0.0,QQQ
2025-11-03,683.3400268554688,677.7251586914062,0.0,0.0,SPY
2025-11-03,89.73999786376953,86.41835021972656,0.325,0.0,TLT
2025-11-04,362.32000732421875,362.32000732421875,0.0,0.0,GLD
2025-11-04,619.25,616.996337890625,0.0,0.0,QQQ
2025-11-04,675.239990234375,669.691650390625,0.0,0.0,SPY
2025-11-04,89.94000244140625,86.61093139648438,0.0,0.0,TLT
2025-11-05,366.510009765625,366.510009765625,0.0,0.0,GLD
2025-11-05,623.280029296875,621.0116577148438,0.0,0.0,QQQ
2025-11-05,677.5800170898438,672.012451171875,0.0,0.0,SPY
2025-11-05,88.95999908447266,85.66720581054688,0.0,0.0,TLT
2025-11-06,366.07000732421875,366.07000732421875,0.0,0.0,GLD
2025-11-06,611.6699829101562,609.44384765625,0.0,0.0,QQQ
2025-11-06,670.3099975585938,664.80224609375,0.0,0.0,SPY
2025-11-06,89.76000213623047,86.43760681152344,0.0,0.0,TLT
2025-11-07,368.30999755859375,368.30999755859375,0.0,0.0,GLD
2025-11-07,609.739990234375,607.5209350585938,0.0,0.0,QQQ
2025-11-07,670.969970703125,665.4567260742188,0.0,0.0,SPY
2025-11-07,89.56999969482422,86.254638671875,0.0,0.0,TLT
2025-11-10,378.3800048828125,378.3800048828125,0.0,0.0,GLD
2025-11-10,623.22998046875,620.9617919921875,0.0,0.0,QQQ
2025-11-10,681.4400024414062,675.8406982421875,0.0,0.0,SPY
2025-11-10,89.55000305175781,86.2353744506836,0.0,0.0,TLT
2025-11-11,379.8699951171875,379.8699951171875,0.0,0.0,GLD
2025-11-11,621.5700073242188,619.307861328125,0.0,0.0,QQQ
2025-11-11,683.0,677.387939453125,0.0,0.0,SPY
2025-11-11,89.95999908447266,86.63020324707031,0.0,0.0,TLT
2025-11-12,385.989990234375,385.989990234375,0.0,0.0,GLD
2025-11-12,621.0800170898438,618.8196411132812,0.0,0.0,QQQ
2025-11-12,683.3800048828125,677.7647705078125,0.0,0.0,SPY
2025-11-12,90.12000274658203,86.78427124023438,0.0,0.0,TLT
2025-11-13,382.8699951171875,382.8699951171875,0.0,0.0,GLD
2025-11-13,608.4000244140625,606.1858520507812,0.0,0.0,QQQ
2025-11-13,672.0399780273438,666.5180053710938,0.0,0.0,SPY
2025-11-13,89.37999725341797,86.0716552734375,0.0,0.0,TLT
2025-11-14,375.9599914550781,375.9599914550781,0.0,0.0,GLD
2025-11-14,608.8599853515625,606.64404296875,0.0,0.0,QQQ
2025-11-14,671.9299926757812,666.4088134765625,0.0,0.0,SPY
2025-11-14,88.87000274658203,85.58055114746094,0.0,0.0,TLT
2025-11-17,371.6499938964844,371.6499938964844,0.0,0.0,GLD
2025-11-17,603.6599731445312,601.4630126953125,0.0,0.0,QQQ
2025-11-17,665.6699829101562,660.2003173828125,0.0,0.0,SPY
2025-11-17,89.08999633789062,85.79238891601562,0.0,0.0,TLT
2025-11-18,374.3500061035156,374.3500061035156,0.0,0.0,GLD
2025-11-18,596.3099975585938,594.1397705078125,0.0,0.0,QQQ
2025-11-18,660.0800170898438,654.65625,0.0,0.0,SPY
2025-11-18,89.05999755859375,85.76350402832031,0.0,0.0,TLT
2025-11-19,374.9599914550781,374.9599914550781,0.0,0.0,GLD
2025-11-19,599.8699951171875,597.6868286132812,0.0,0.0,QQQ
2025-11-19,662.6300048828125,657.185302734375,0.0,0.0,SPY
2025-11-19,88.87999725341797,85.59016418457031,0.0,0.0,TLT
2025-11-20,374.8500061035156,374.8500061035156,0.0,0.0,GLD
2025-11-20,585.6699829101562,583.5385131835938,0.0,0.0,QQQ
2025-11-20,652.530029296875,647.1683349609375,0.0,0.0,SPY
2025-11-20,89.2300033569336,85.9272232055664,0.0,0.0,TLT
2025-11-21,374.2699890136719,374.2699890136719,0.0,0.0,GLD
2025-11-21,590.0700073242188,587.9224853515625,0.0,0.0,QQQ
2025-11-21,659.030029296875,653.6148681640625,0.0,0.0,SPY
2025-11-21,89.5,86.18722534179688,0.0,0.0,TLT
2025-11-24,380.20001220703125,380.20001220703125,0.0,0.0,GLD
2025-11-24,605.1599731445312,602.9575805664062,0.0,0.0,QQQ
2025-11-24,668.72998046875,663.2351684570312,0.0,0.0,SPY
2025-11-24,90.01000213623047,86.6783447265625,0.0,0.0,TLT
2025-11-25,380.0799865722656,380.0799865722656,0.0,0.0,GLD
2025-11-25,608.8900146484375,606.674072265625,0.0,0.0,QQQ
2025-11-25,675.02001953125,669.4735107421875,0.0,0.0,SPY
2025-11-25,90.23999786376953,86.89983367919922,0.0,0.0,TLT
2025-11-26,383.1199951171875,383.1199951171875,0.0,0.0,GLD
2025-11-26,614.27001953125,612.034423828125,0.0,0.0,QQQ
2025-11-26,679.6799926757812,674.09521484375,0.0,0.0,SPY
2025-11-26,90.63999938964844,87.28501892089844,0.0,0.0,TLT
2025-11-28,387.8800048828125,387.8800048828125,0.0,0.0,GLD
2025-11-28,619.25,616.996337890625,0.0,0.0,QQQ
2025-11-28,683.3900146484375,677.7747192382812,0.0,0.0,SPY
2025-11-28,90.20999908447266,86.87094116210938,0.0,0.0,TLT
2025-12-01,389.75,389.75,0.0,0.0,GLD
2025-12-01,617.1699829101562,614.923828125,0.0,0.0,QQQ
2025-12-01,680.27001953125,674.6803588867188,0.0,0.0,SPY
2025-12-01,88.7699966430664,85.78949737548828,0.321,0.0,TLT
2025-12-02,387.239990234375,387.239990234375,0.0,0.0,GLD
2025-12-02,622.0,619.7362670898438,0.0,0.0,QQQ
2025-12-02,681.530029296875,675.9299926757812,0.0,0.0,SPY
2025-12-02,88.80999755859375,85.82816314697266,0.0,0.0,TLT
2025-12-03,386.8800048828125,386.8800048828125,0.0,0.0,GLD
2025-12-03,623.52001953125,621.2507934570312,0.0,0.0,QQQ
2025-12-03,683.8900146484375,678.2706298828125,0.0,0.0,SPY
2025-12-03,89.05999755859375,86.06976318359375,0.0,0.0,TLT
2025-12-04,387.1300048828125,387.1300048828125,0.0,0.0,GLD
2025-12-04,622.9400024414062,620.6728515625,0.0,0.0,QQQ
2025-12-04,684.3900146484375,678.7665405273438,0.0,0.0,SPY
2025-12-04,88.58000183105469,85.60589599609375,0.0,0.0,TLT
2025-12-05,386.44000244140625,386.44000244140625,0.0,0.0,GLD
2025-12-05,625.47998046875,623.2036743164062,0.0,0.0,QQQ
2025-12-05,685.6900024414062,680.0557861328125,0.0,0.0,SPY
2025-12-05,88.16999816894531,85.20965576171875,0.0,0.0,TLT
2025-12-08,385.4200134277344,385.4200134277344,0.0,0.0,GLD
2025-12-08,624.280029296875,622.0079956054688,0.0,0.0,QQQ
2025-12-08,683.6300048828125,678.0127563476562,0.0,0.0,SPY
2025-12-08,87.87999725341797,84.92939758300781,0.0,0.0,TLT
2025-12-09,387.3999938964844,387.3999938964844,0.0,0.0,GLD
2025-12-09,625.0499877929688,622.7752075195312,0.0,0.0,QQQ
2025-12-09,683.0399780273438,677.4276123046875,0.0,0.0,SPY
2025-12-09,87.97000122070312,85.01636505126953,0.0,0.0,TLT
2025-12-10,389.04998779296875,389.04998779296875,0.0,0.0,GLD
2025-12-10,627.6099853515625,625.3258666992188,0.0,0.0,QQQ
2025-12-10,687.5700073242188,681.9203491210938,0.0,0.0,SPY
2025-12-10,88.30999755859375,85.34495544433594,0.0,0.0,TLT
2025-12-11,393.239990234375,393.239990234375,0.0,0.0,GLD
2025-12-11,625.5800170898438,623.3033447265625,0.0,0.0,QQQ
2025-12-11,689.1699829101562,683.5072021484375,0.0,0.0,SPY
2025-12-11,88.19000244140625,85.22899627685547,0.0,0.0,TLT
2025-12-12,395.44000244140625,395.44000244140625,0.0,0.0,GLD
2025-12-12,613.6199951171875,611.3867797851562,0.0,0.0,QQQ
2025-12-12,681.760009765625,676.1581420898438,0.0,0.0,SPY
2025-12-12,87.33999633789062,84.40751647949219,0.0,0.0,TLT
2025-12-15,395.79998779296875,395.79998779296875,0.0,0.0,GLD
2025-12-15,610.5399780273438,608.3179931640625,0.0,0.0,QQQ
2025-12-15,680.72998046875,675.1365966796875,0.0,0.0,SPY
2025-12-15,87.4000015258789,84.46551513671875,0.0,0.0,TLT
2025-12-16,395.8900146484375,395.8900146484375,0.0,0.0,GLD
2025-12-16,611.75,609.5235595703125,0.0,0.0,QQQ
2025-12-16,678.8699951171875,673.2918701171875,0.0,0.0,SPY
2025-12-16,87.87999725341797,84.92939758300781,0.0,0.0,TLT
2025-12-17,399.2900085449219,399.2900085449219,0.0,0.0,GLD
2025-12-17,600.4099731445312,598.2247924804688,0.0,0.0,QQQ
2025-12-17,671.4000244140625,665.8832397460938,0.0,0.0,SPY
2025-12-17,87.80000305175781,84.8520736694336,0.0,0.0,TLT
2025-12-18,398.57000732421875,398.57000732421875,0.0,0.0,GLD
2025-12-18,609.1099853515625,606.8931884765625,0.0,0.0,QQQ
2025-12-18,676.469970703125,670.9114990234375,0.0,0.0,SPY
2025-12-18,88.22000122070312,85.25798034667969,0.0,0.0,TLT
2025-12-19,399.0199890136719,399.0199890136719,0.0,0.0,GLD
2025-12-19,617.0499877929688,614.8042602539062,0.0,0.0,QQQ
2025-12-19,680.5900268554688,676.9923095703125,1.993,0.0,SPY
2025-12-19,87.55000305175781,84.93975830078125,0.342,0.0,TLT
2025-12-22,408.2300109863281,408.2300109863281,0.0,0.0,GLD
2025-12-22,619.2100219726562,617.7513427734375,0.794,0.0,QQQ
2025-12-22,684.8300170898438,681.2098388671875,0.0,0.0,SPY
2025-12-22,87.36000061035156,84.75542449951172,0.0,0.0,TLT
2025-12-23,413.6400146484375,413.6400146484375,0.0,0.0,GLD
2025-12-23,622.1099853515625,620.6444702148438,0.0,0.0,QQQ
2025-12-23,687.9600219726562,684.3233032226562,0.0,0.0,SPY
2025-12-23,87.5,84.8912582397461,0.0,0.0,TLT
2025-12-24,411.92999267578125,411.92999267578125,0.0,0.0,GLD
2025-12-24,623.9299926757812,622.460205078125,0.0,0.0,QQQ
2025-12-24,690.3800048828125,686.7305297851562,0.0,0.0,SPY
2025-12-24,88.02999877929688,85.40544128417969,0.0,0.0,TLT
2025-12-26,416.739990234375,416.739990234375,0.0,0.0,GLD
2025-12-26,623.8900146484375,622.4203491210938,0.0,0.0,QQQ
2025-12-26,690.3099975585938,686.660888671875,0.0,0.0,SPY
2025-12-26,87.73999786376953,85.12409973144531,0.0,0.0,TLT
2025-12-29,398.6000061035156,398.6000061035156,0.0,0.0,GLD
2025-12-29,620.8699951171875,619.4074096679688,0.0,0.0,QQQ
2025-12-29,687.8499755859375,684.2138671875,0.0,0.0,SPY
2025-12-29,88.06999969482422,85.44424438476562,0.0,0.0,TLT
2025-12-30,398.8900146484375,398.8900146484375,0.0,0.0,GLD
2025-12-30,619.4299926757812,617.9707641601562,0.0,0.0,QQQ
2025-12-30,687.010009765625,683.3782958984375,0.0,0.0,SPY
2025-12-30,87.86000061035156,85.24050903320312,0.0,0.0,TLT
2025-12-31,396.30999755859375,396.30999755859375,0.0,0.0,GLD
2025-12-31,614.3099975585938,612.8628540039062,0.0,0.0,QQQ
2025-12-31,681.9199829101562,678.3152465820312,0.0,0.0,SPY
2025-12-31,87.16000366210938,84.5613784790039,0.0,0.0,TLT
